06:13:08.291036 [MainThread] === tray_app 启动,配置里有 6 个图标 ===
06:13:08.292051 [MainThread] 准备添加图标 name=华隆-ToDo url=http://hua-rong-desktop.tail7dfac8.ts.net:5011/api/folders/ToDo/count
06:13:08.293056 [MainThread] [华隆-ToDo] start() 被调用,准备起 icon.run() 线程和轮询线程
06:13:08.294050 [Thread-2 (_run_icon_debug)] [华隆-ToDo] icon.run() 线程已启动,进入 pystray 消息循环
06:13:08.294050 [Thread-1 (_poll_loop)] [华隆-ToDo] 请求开始 url=http://hua-rong-desktop.tail7dfac8.ts.net:5011/api/folders/ToDo/count
06:13:08.294050 [MainThread] 准备添加图标 name=华隆-Large url=http://hua-rong-desktop.tail7dfac8.ts.net:5011/api/folders/Large_To_Remember/count
06:13:08.299176 [MainThread] [华隆-Large] start() 被调用,准备起 icon.run() 线程和轮询线程
06:13:08.300545 [Thread-5 (_run_icon_debug)] [华隆-Large] icon.run() 线程已启动,进入 pystray 消息循环
06:13:08.300545 [Thread-4 (_poll_loop)] [华隆-Large] 请求开始 url=http://hua-rong-desktop.tail7dfac8.ts.net:5011/api/folders/Large_To_Remember/count
06:13:08.300545 [MainThread] 准备添加图标 name=华隆_Small url=http://hua-rong-desktop.tail7dfac8.ts.net:5011/api/folders/Small_To_Remember/count
06:13:08.307739 [MainThread] [华隆_Small] start() 被调用,准备起 icon.run() 线程和轮询线程
06:13:08.308778 [Thread-8 (_run_icon_debug)] [华隆_Small] icon.run() 线程已启动,进入 pystray 消息循环
06:13:08.308778 [Thread-7 (_poll_loop)] [华隆_Small] 请求开始 url=http://hua-rong-desktop.tail7dfac8.ts.net:5011/api/folders/Small_To_Remember/count
06:13:08.308778 [MainThread] 准备添加图标 name=融富府-ToDo url=http://192.168.2.56:5011/api/folders/ToDo/count
06:13:08.315080 [MainThread] [融富府-ToDo] start() 被调用,准备起 icon.run() 线程和轮询线程
06:13:08.316633 [Thread-11 (_run_icon_debug)] [融富府-ToDo] icon.run() 线程已启动,进入 pystray 消息循环
06:13:08.316633 [Thread-10 (_poll_loop)] [融富府-ToDo] 请求开始 url=http://192.168.2.56:5011/api/folders/ToDo/count
06:13:08.316633 [MainThread] 准备添加图标 name=融富府 url=http://192.168.2.56:5011/api/folders/Large_To_Remember/count
06:13:08.323436 [MainThread] [融富府] start() 被调用,准备起 icon.run() 线程和轮询线程
06:13:08.324776 [Thread-14 (_run_icon_debug)] [融富府] icon.run() 线程已启动,进入 pystray 消息循环
06:13:08.327159 [Thread-13 (_poll_loop)] [融富府] 请求开始 url=http://192.168.2.56:5011/api/folders/Large_To_Remember/count
06:13:08.327159 [MainThread] 准备添加图标 name=融富府-Smalll_To_Remember url=http://192.168.2.56:5011/api/folders/Small_To_Remember/count
06:13:08.332991 [MainThread] [融富府-Smalll_To_Remember] start() 被调用,准备起 icon.run() 线程和轮询线程
06:13:08.332991 [Thread-17 (_run_icon_debug)] [融富府-Smalll_To_Remember] icon.run() 线程已启动,进入 pystray 消息循环
06:13:08.332991 [Thread-16 (_poll_loop)] [融富府-Smalll_To_Remember] 请求开始 url=http://192.168.2.56:5011/api/folders/Small_To_Remember/count
06:13:08.332991 [MainThread] 所有图标已添加完毕(各自的 icon.run()/轮询线程已经在后台起来了)
06:13:08.339670 [MainThread] _autostart_proxies() 完成,准备起主图标线程
06:13:08.339670 [Thread-16 (_poll_loop)] [融富府-Smalll_To_Remember] 请求成功 耗时=0.007s count=49
06:13:08.339670 [Thread-13 (_poll_loop)] [融富府] 请求成功 耗时=0.013s count=312
06:13:08.342903 [Thread-10 (_poll_loop)] [融富府-ToDo] 请求成功 耗时=0.026s count=0
06:13:08.355110 [Thread-16 (_poll_loop)] [融富府-Smalll_To_Remember] 图标/标题已更新,更新本身耗时=0.013s
06:13:08.355110 [Thread-13 (_poll_loop)] [融富府] 图标/标题已更新,更新本身耗时=0.012s
06:13:08.357958 [Thread-10 (_poll_loop)] [融富府-ToDo] 图标/标题已更新,更新本身耗时=0.013s
06:13:08.510016 [Thread-1 (_poll_loop)] [华隆-ToDo] 请求成功 耗时=0.215s count=0
06:13:08.510639 [Thread-4 (_poll_loop)] [华隆-Large] 请求成功 耗时=0.210s count=7
06:13:08.530306 [Thread-7 (_poll_loop)] [华隆_Small] 请求成功 耗时=0.222s count=21
06:13:08.547938 [Thread-1 (_poll_loop)] [华隆-ToDo] 图标/标题已更新,更新本身耗时=0.037s
06:13:08.547938 [Thread-4 (_poll_loop)] [华隆-Large] 图标/标题已更新,更新本身耗时=0.036s
06:13:08.553495 [Thread-7 (_poll_loop)] [华隆_Small] 图标/标题已更新,更新本身耗时=0.023s
06:13:38.365961 [Thread-16 (_poll_loop)] [融富府-Smalll_To_Remember] 请求开始 url=http://192.168.2.56:5011/api/folders/Small_To_Remember/count
06:13:38.366852 [Thread-13 (_poll_loop)] [融富府] 请求开始 url=http://192.168.2.56:5011/api/folders/Large_To_Remember/count
06:13:38.366852 [Thread-10 (_poll_loop)] [融富府-ToDo] 请求开始 url=http://192.168.2.56:5011/api/folders/ToDo/count
06:13:38.381415 [Thread-10 (_poll_loop)] [融富府-ToDo] 请求成功 耗时=0.015s count=0
06:13:38.395487 [Thread-16 (_poll_loop)] [融富府-Smalll_To_Remember] 请求成功 耗时=0.030s count=49
06:13:38.421655 [Thread-13 (_poll_loop)] [融富府] 请求成功 耗时=0.055s count=312
06:13:38.435171 [Thread-16 (_poll_loop)] [融富府-Smalll_To_Remember] 图标/标题已更新,更新本身耗时=0.039s
06:13:38.438324 [Thread-10 (_poll_loop)] [融富府-ToDo] 图标/标题已更新,更新本身耗时=0.056s
06:13:38.447336 [Thread-13 (_poll_loop)] [融富府] 图标/标题已更新,更新本身耗时=0.025s
06:13:38.553357 [Thread-4 (_poll_loop)] [华隆-Large] 请求开始 url=http://hua-rong-desktop.tail7dfac8.ts.net:5011/api/folders/Large_To_Remember/count
06:13:38.553779 [Thread-1 (_poll_loop)] [华隆-ToDo] 请求开始 url=http://hua-rong-desktop.tail7dfac8.ts.net:5011/api/folders/ToDo/count
06:13:38.568178 [Thread-7 (_poll_loop)] [华隆_Small] 请求开始 url=http://hua-rong-desktop.tail7dfac8.ts.net:5011/api/folders/Small_To_Remember/count
06:13:38.771601 [Thread-4 (_poll_loop)] [华隆-Large] 请求成功 耗时=0.218s count=7
06:13:38.772116 [Thread-7 (_poll_loop)] [华隆_Small] 请求成功 耗时=0.204s count=21
06:13:38.788755 [Thread-1 (_poll_loop)] [华隆-ToDo] 请求成功 耗时=0.235s count=0
06:13:38.799694 [Thread-4 (_poll_loop)] [华隆-Large] 图标/标题已更新,更新本身耗时=0.026s
06:13:38.801764 [Thread-7 (_poll_loop)] [华隆_Small] 图标/标题已更新,更新本身耗时=0.027s
06:13:38.809228 [Thread-1 (_poll_loop)] [华隆-ToDo] 图标/标题已更新,更新本身耗时=0.020s
06:14:08.437961 [Thread-16 (_poll_loop)] [融富府-Smalll_To_Remember] 请求开始 url=http://192.168.2.56:5011/api/folders/Small_To_Remember/count
06:14:08.449091 [Thread-16 (_poll_loop)] [融富府-Smalll_To_Remember] 请求成功 耗时=0.011s count=49
06:14:08.453099 [Thread-13 (_poll_loop)] [融富府] 请求开始 url=http://192.168.2.56:5011/api/folders/Large_To_Remember/count
06:14:08.453099 [Thread-10 (_poll_loop)] [融富府-ToDo] 请求开始 url=http://192.168.2.56:5011/api/folders/ToDo/count
06:14:08.463684 [Thread-10 (_poll_loop)] [融富府-ToDo] 请求成功 耗时=0.011s count=0
06:14:08.477834 [Thread-13 (_poll_loop)] [融富府] 请求成功 耗时=0.025s count=312
06:14:08.489363 [Thread-16 (_poll_loop)] [融富府-Smalll_To_Remember] 图标/标题已更新,更新本身耗时=0.039s
06:14:08.494590 [Thread-10 (_poll_loop)] [融富府-ToDo] 图标/标题已更新,更新本身耗时=0.030s
06:14:08.500893 [Thread-13 (_poll_loop)] [融富府] 图标/标题已更新,更新本身耗时=0.022s
06:14:08.810378 [Thread-7 (_poll_loop)] [华隆_Small] 请求开始 url=http://hua-rong-desktop.tail7dfac8.ts.net:5011/api/folders/Small_To_Remember/count
06:14:08.810378 [Thread-4 (_poll_loop)] [华隆-Large] 请求开始 url=http://hua-rong-desktop.tail7dfac8.ts.net:5011/api/folders/Large_To_Remember/count
06:14:08.810378 [Thread-1 (_poll_loop)] [华隆-ToDo] 请求开始 url=http://hua-rong-desktop.tail7dfac8.ts.net:5011/api/folders/ToDo/count
06:14:09.019677 [Thread-4 (_poll_loop)] [华隆-Large] 请求成功 耗时=0.209s count=7
06:14:09.019677 [Thread-1 (_poll_loop)] [华隆-ToDo] 请求成功 耗时=0.209s count=0
06:14:09.020180 [Thread-7 (_poll_loop)] [华隆_Small] 请求成功 耗时=0.210s count=21
06:14:09.051478 [Thread-4 (_poll_loop)] [华隆-Large] 图标/标题已更新,更新本身耗时=0.031s
06:14:09.051478 [Thread-7 (_poll_loop)] [华隆_Small] 图标/标题已更新,更新本身耗时=0.030s
06:14:09.054047 [Thread-1 (_poll_loop)] [华隆-ToDo] 图标/标题已更新,更新本身耗时=0.033s
06:14:38.494006 [Thread-16 (_poll_loop)] [融富府-Smalll_To_Remember] 请求开始 url=http://192.168.2.56:5011/api/folders/Small_To_Remember/count
06:14:38.499597 [Thread-16 (_poll_loop)] [融富府-Smalll_To_Remember] 请求成功 耗时=0.006s count=49
06:14:38.509081 [Thread-13 (_poll_loop)] [融富府] 请求开始 url=http://192.168.2.56:5011/api/folders/Large_To_Remember/count
06:14:38.509081 [Thread-10 (_poll_loop)] [融富府-ToDo] 请求开始 url=http://192.168.2.56:5011/api/folders/ToDo/count
06:14:38.512243 [Thread-10 (_poll_loop)] [融富府-ToDo] 请求成功 耗时=0.003s count=0
06:14:38.523843 [Thread-13 (_poll_loop)] [融富府] 请求成功 耗时=0.015s count=312
06:14:38.527016 [Thread-16 (_poll_loop)] [融富府-Smalll_To_Remember] 图标/标题已更新,更新本身耗时=0.027s
06:14:38.534749 [Thread-10 (_poll_loop)] [融富府-ToDo] 图标/标题已更新,更新本身耗时=0.023s
06:14:38.548295 [Thread-13 (_poll_loop)] [融富府] 图标/标题已更新,更新本身耗时=0.024s
06:14:39.052419 [Thread-4 (_poll_loop)] [华隆-Large] 请求开始 url=http://hua-rong-desktop.tail7dfac8.ts.net:5011/api/folders/Large_To_Remember/count
06:14:39.052419 [Thread-7 (_poll_loop)] [华隆_Small] 请求开始 url=http://hua-rong-desktop.tail7dfac8.ts.net:5011/api/folders/Small_To_Remember/count
06:14:39.067809 [Thread-1 (_poll_loop)] [华隆-ToDo] 请求开始 url=http://hua-rong-desktop.tail7dfac8.ts.net:5011/api/folders/ToDo/count
06:14:39.262336 [Thread-1 (_poll_loop)] [华隆-ToDo] 请求成功 耗时=0.195s count=0
06:14:39.262336 [Thread-4 (_poll_loop)] [华隆-Large] 请求成功 耗时=0.210s count=7
06:14:39.291168 [Thread-1 (_poll_loop)] [华隆-ToDo] 图标/标题已更新,更新本身耗时=0.028s
06:14:39.297136 [Thread-7 (_poll_loop)] [华隆_Small] 请求成功 耗时=0.245s count=21
06:14:39.302977 [Thread-4 (_poll_loop)] [华隆-Large] 图标/标题已更新,更新本身耗时=0.040s
06:14:39.316859 [Thread-7 (_poll_loop)] [华隆_Small] 图标/标题已更新,更新本身耗时=0.019s
06:15:08.539742 [Thread-16 (_poll_loop)] [融富府-Smalll_To_Remember] 请求开始 url=http://192.168.2.56:5011/api/folders/Small_To_Remember/count
06:15:08.539742 [Thread-10 (_poll_loop)] [融富府-ToDo] 请求开始 url=http://192.168.2.56:5011/api/folders/ToDo/count
06:15:08.543737 [Thread-16 (_poll_loop)] [融富府-Smalll_To_Remember] 请求成功 耗时=0.004s count=49
06:15:08.555942 [Thread-13 (_poll_loop)] [融富府] 请求开始 url=http://192.168.2.56:5011/api/folders/Large_To_Remember/count
06:15:08.556962 [Thread-10 (_poll_loop)] [融富府-ToDo] 请求成功 耗时=0.017s count=0
06:15:08.570331 [Thread-13 (_poll_loop)] [融富府] 请求成功 耗时=0.014s count=312
06:15:08.573850 [Thread-16 (_poll_loop)] [融富府-Smalll_To_Remember] 图标/标题已更新,更新本身耗时=0.029s
06:15:08.582636 [Thread-10 (_poll_loop)] [融富府-ToDo] 图标/标题已更新,更新本身耗时=0.025s
06:15:08.592949 [Thread-13 (_poll_loop)] [融富府] 图标/标题已更新,更新本身耗时=0.023s
06:15:09.305835 [Thread-1 (_poll_loop)] [华隆-ToDo] 请求开始 url=http://hua-rong-desktop.tail7dfac8.ts.net:5011/api/folders/ToDo/count
06:15:09.305835 [Thread-4 (_poll_loop)] [华隆-Large] 请求开始 url=http://hua-rong-desktop.tail7dfac8.ts.net:5011/api/folders/Large_To_Remember/count
06:15:09.321056 [Thread-7 (_poll_loop)] [华隆_Small] 请求开始 url=http://hua-rong-desktop.tail7dfac8.ts.net:5011/api/folders/Small_To_Remember/count
06:15:09.550432 [Thread-4 (_poll_loop)] [华隆-Large] 请求成功 耗时=0.245s count=7
06:15:09.550432 [Thread-7 (_poll_loop)] [华隆_Small] 请求成功 耗时=0.229s count=21
06:15:09.550972 [Thread-1 (_poll_loop)] [华隆-ToDo] 请求成功 耗时=0.245s count=0
06:15:09.581700 [Thread-4 (_poll_loop)] [华隆-Large] 图标/标题已更新,更新本身耗时=0.031s
06:15:09.581700 [Thread-1 (_poll_loop)] [华隆-ToDo] 图标/标题已更新,更新本身耗时=0.029s
06:15:09.581700 [Thread-7 (_poll_loop)] [华隆_Small] 图标/标题已更新,更新本身耗时=0.030s
06:15:38.580959 [Thread-16 (_poll_loop)] [融富府-Smalll_To_Remember] 请求开始 url=http://192.168.2.56:5011/api/folders/Small_To_Remember/count
06:15:38.583990 [Thread-16 (_poll_loop)] [融富府-Smalll_To_Remember] 请求成功 耗时=0.003s count=49
06:15:38.596257 [Thread-10 (_poll_loop)] [融富府-ToDo] 请求开始 url=http://192.168.2.56:5011/api/folders/ToDo/count
06:15:38.596257 [Thread-13 (_poll_loop)] [融富府] 请求开始 url=http://192.168.2.56:5011/api/folders/Large_To_Remember/count
06:15:38.598575 [Thread-10 (_poll_loop)] [融富府-ToDo] 请求成功 耗时=0.002s count=0
06:15:38.607612 [Thread-13 (_poll_loop)] [融富府] 请求成功 耗时=0.011s count=312
06:15:38.607612 [Thread-16 (_poll_loop)] [融富府-Smalll_To_Remember] 图标/标题已更新,更新本身耗时=0.022s
06:15:38.621766 [Thread-10 (_poll_loop)] [融富府-ToDo] 图标/标题已更新,更新本身耗时=0.023s
06:15:38.629795 [Thread-13 (_poll_loop)] [融富府] 图标/标题已更新,更新本身耗时=0.022s
06:15:39.581996 [Thread-4 (_poll_loop)] [华隆-Large] 请求开始 url=http://hua-rong-desktop.tail7dfac8.ts.net:5011/api/folders/Large_To_Remember/count
06:15:39.581996 [Thread-1 (_poll_loop)] [华隆-ToDo] 请求开始 url=http://hua-rong-desktop.tail7dfac8.ts.net:5011/api/folders/ToDo/count
06:15:39.597962 [Thread-7 (_poll_loop)] [华隆_Small] 请求开始 url=http://hua-rong-desktop.tail7dfac8.ts.net:5011/api/folders/Small_To_Remember/count
06:15:39.776865 [Thread-4 (_poll_loop)] [华隆-Large] 请求成功 耗时=0.195s count=7
06:15:39.794322 [Thread-1 (_poll_loop)] [华隆-ToDo] 请求成功 耗时=0.212s count=0
06:15:39.814509 [Thread-4 (_poll_loop)] [华隆-Large] 图标/标题已更新,更新本身耗时=0.037s
06:15:39.818508 [Thread-1 (_poll_loop)] [华隆-ToDo] 图标/标题已更新,更新本身耗时=0.024s
06:15:39.825372 [Thread-7 (_poll_loop)] [华隆_Small] 请求成功 耗时=0.227s count=21
06:15:39.842181 [Thread-7 (_poll_loop)] [华隆_Small] 图标/标题已更新,更新本身耗时=0.016s
06:16:08.621820 [Thread-16 (_poll_loop)] [融富府-Smalll_To_Remember] 请求开始 url=http://192.168.2.56:5011/api/folders/Small_To_Remember/count
06:16:08.636936 [Thread-10 (_poll_loop)] [融富府-ToDo] 请求开始 url=http://192.168.2.56:5011/api/folders/ToDo/count
06:16:08.637830 [Thread-13 (_poll_loop)] [融富府] 请求开始 url=http://192.168.2.56:5011/api/folders/Large_To_Remember/count
06:16:08.643588 [Thread-10 (_poll_loop)] [融富府-ToDo] 请求成功 耗时=0.007s count=0
06:16:08.647154 [Thread-16 (_poll_loop)] [融富府-Smalll_To_Remember] 请求成功 耗时=0.025s count=49
06:16:08.662401 [Thread-13 (_poll_loop)] [融富府] 请求成功 耗时=0.025s count=312
06:16:08.684801 [Thread-16 (_poll_loop)] [融富府-Smalll_To_Remember] 图标/标题已更新,更新本身耗时=0.038s
06:16:08.684801 [Thread-10 (_poll_loop)] [融富府-ToDo] 图标/标题已更新,更新本身耗时=0.040s
06:16:08.689594 [Thread-13 (_poll_loop)] [融富府] 图标/标题已更新,更新本身耗时=0.027s
06:16:09.815833 [Thread-4 (_poll_loop)] [华隆-Large] 请求开始 url=http://hua-rong-desktop.tail7dfac8.ts.net:5011/api/folders/Large_To_Remember/count
06:16:09.831320 [Thread-1 (_poll_loop)] [华隆-ToDo] 请求开始 url=http://hua-rong-desktop.tail7dfac8.ts.net:5011/api/folders/ToDo/count
06:16:09.847060 [Thread-7 (_poll_loop)] [华隆_Small] 请求开始 url=http://hua-rong-desktop.tail7dfac8.ts.net:5011/api/folders/Small_To_Remember/count
06:16:10.016384 [Thread-4 (_poll_loop)] [华隆-Large] 请求成功 耗时=0.201s count=7
06:16:10.031495 [Thread-1 (_poll_loop)] [华隆-ToDo] 请求成功 耗时=0.200s count=0
06:16:10.048635 [Thread-4 (_poll_loop)] [华隆-Large] 图标/标题已更新,更新本身耗时=0.032s
06:16:10.050074 [Thread-7 (_poll_loop)] [华隆_Small] 请求成功 耗时=0.203s count=21
06:16:10.054711 [Thread-1 (_poll_loop)] [华隆-ToDo] 图标/标题已更新,更新本身耗时=0.022s
06:16:10.068317 [Thread-7 (_poll_loop)] [华隆_Small] 图标/标题已更新,更新本身耗时=0.018s
06:16:38.685494 [Thread-16 (_poll_loop)] [融富府-Smalll_To_Remember] 请求开始 url=http://192.168.2.56:5011/api/folders/Small_To_Remember/count
06:16:38.700817 [Thread-10 (_poll_loop)] [融富府-ToDo] 请求开始 url=http://192.168.2.56:5011/api/folders/ToDo/count
06:16:38.700817 [Thread-13 (_poll_loop)] [融富府] 请求开始 url=http://192.168.2.56:5011/api/folders/Large_To_Remember/count
06:16:38.705309 [Thread-10 (_poll_loop)] [融富府-ToDo] 请求成功 耗时=0.004s count=0
06:16:38.711886 [Thread-16 (_poll_loop)] [融富府-Smalll_To_Remember] 请求成功 耗时=0.026s count=49
06:16:38.721522 [Thread-13 (_poll_loop)] [融富府] 请求成功 耗时=0.021s count=312
06:16:38.737170 [Thread-10 (_poll_loop)] [融富府-ToDo] 图标/标题已更新,更新本身耗时=0.031s
06:16:38.740178 [Thread-16 (_poll_loop)] [融富府-Smalll_To_Remember] 图标/标题已更新,更新本身耗时=0.028s
06:16:38.748048 [Thread-13 (_poll_loop)] [融富府] 图标/标题已更新,更新本身耗时=0.026s
06:16:40.061088 [Thread-1 (_poll_loop)] [华隆-ToDo] 请求开始 url=http://hua-rong-desktop.tail7dfac8.ts.net:5011/api/folders/ToDo/count
06:16:40.061088 [Thread-4 (_poll_loop)] [华隆-Large] 请求开始 url=http://hua-rong-desktop.tail7dfac8.ts.net:5011/api/folders/Large_To_Remember/count
06:16:40.076430 [Thread-7 (_poll_loop)] [华隆_Small] 请求开始 url=http://hua-rong-desktop.tail7dfac8.ts.net:5011/api/folders/Small_To_Remember/count
06:16:40.255578 [Thread-1 (_poll_loop)] [华隆-ToDo] 请求成功 耗时=0.194s count=0
06:16:40.273576 [Thread-1 (_poll_loop)] [华隆-ToDo] 图标/标题已更新,更新本身耗时=0.017s
06:16:40.288369 [Thread-4 (_poll_loop)] [华隆-Large] 请求成功 耗时=0.227s count=7
06:16:40.303175 [Thread-7 (_poll_loop)] [华隆_Small] 请求成功 耗时=0.227s count=21
06:16:40.308940 [Thread-4 (_poll_loop)] [华隆-Large] 图标/标题已更新,更新本身耗时=0.020s
06:16:40.324329 [Thread-7 (_poll_loop)] [华隆_Small] 图标/标题已更新,更新本身耗时=0.021s
06:17:08.747685 [Thread-10 (_poll_loop)] [融富府-ToDo] 请求开始 url=http://192.168.2.56:5011/api/folders/ToDo/count
06:17:08.747685 [Thread-16 (_poll_loop)] [融富府-Smalll_To_Remember] 请求开始 url=http://192.168.2.56:5011/api/folders/Small_To_Remember/count
06:17:08.757165 [Thread-10 (_poll_loop)] [融富府-ToDo] 请求成功 耗时=0.009s count=0
06:17:08.763165 [Thread-13 (_poll_loop)] [融富府] 请求开始 url=http://192.168.2.56:5011/api/folders/Large_To_Remember/count
06:17:08.764405 [Thread-16 (_poll_loop)] [融富府-Smalll_To_Remember] 请求成功 耗时=0.017s count=49
06:17:08.786815 [Thread-13 (_poll_loop)] [融富府] 请求成功 耗时=0.024s count=312
06:17:08.814037 [Thread-10 (_poll_loop)] [融富府-ToDo] 图标/标题已更新,更新本身耗时=0.056s
06:17:08.819561 [Thread-16 (_poll_loop)] [融富府-Smalll_To_Remember] 图标/标题已更新,更新本身耗时=0.054s
06:17:08.822557 [Thread-13 (_poll_loop)] [融富府] 图标/标题已更新,更新本身耗时=0.035s
06:17:10.283439 [Thread-1 (_poll_loop)] [华隆-ToDo] 请求开始 url=http://hua-rong-desktop.tail7dfac8.ts.net:5011/api/folders/ToDo/count
06:17:10.314600 [Thread-4 (_poll_loop)] [华隆-Large] 请求开始 url=http://hua-rong-desktop.tail7dfac8.ts.net:5011/api/folders/Large_To_Remember/count
06:17:10.329236 [Thread-7 (_poll_loop)] [华隆_Small] 请求开始 url=http://hua-rong-desktop.tail7dfac8.ts.net:5011/api/folders/Small_To_Remember/count
06:17:10.535011 [Thread-1 (_poll_loop)] [华隆-ToDo] 请求成功 耗时=0.252s count=0
06:17:10.535754 [Thread-7 (_poll_loop)] [华隆_Small] 请求成功 耗时=0.207s count=21
06:17:10.540654 [Thread-4 (_poll_loop)] [华隆-Large] 请求成功 耗时=0.226s count=7
06:17:10.575756 [Thread-4 (_poll_loop)] [华隆-Large] 图标/标题已更新,更新本身耗时=0.033s
06:17:10.576757 [Thread-1 (_poll_loop)] [华隆-ToDo] 图标/标题已更新,更新本身耗时=0.040s
06:17:10.579273 [Thread-7 (_poll_loop)] [华隆_Small] 图标/标题已更新,更新本身耗时=0.041s
06:17:38.823884 [Thread-13 (_poll_loop)] [融富府] 请求开始 url=http://192.168.2.56:5011/api/folders/Large_To_Remember/count
06:17:38.823884 [Thread-16 (_poll_loop)] [融富府-Smalll_To_Remember] 请求开始 url=http://192.168.2.56:5011/api/folders/Small_To_Remember/count
06:17:38.823884 [Thread-10 (_poll_loop)] [融富府-ToDo] 请求开始 url=http://192.168.2.56:5011/api/folders/ToDo/count
06:17:38.833755 [Thread-10 (_poll_loop)] [融富府-ToDo] 请求成功 耗时=0.010s count=0
06:17:38.849788 [Thread-16 (_poll_loop)] [融富府-Smalll_To_Remember] 请求成功 耗时=0.026s count=49
06:17:38.876414 [Thread-13 (_poll_loop)] [融富府] 请求成功 耗时=0.053s count=312
06:17:38.901968 [Thread-13 (_poll_loop)] [融富府] 图标/标题已更新,更新本身耗时=0.025s
06:17:38.903977 [Thread-16 (_poll_loop)] [融富府-Smalll_To_Remember] 图标/标题已更新,更新本身耗时=0.053s
06:17:38.904981 [Thread-10 (_poll_loop)] [融富府-ToDo] 图标/标题已更新,更新本身耗时=0.070s
06:17:40.584087 [Thread-7 (_poll_loop)] [华隆_Small] 请求开始 url=http://hua-rong-desktop.tail7dfac8.ts.net:5011/api/folders/Small_To_Remember/count
06:17:40.584087 [Thread-1 (_poll_loop)] [华隆-ToDo] 请求开始 url=http://hua-rong-desktop.tail7dfac8.ts.net:5011/api/folders/ToDo/count
06:17:40.584087 [Thread-4 (_poll_loop)] [华隆-Large] 请求开始 url=http://hua-rong-desktop.tail7dfac8.ts.net:5011/api/folders/Large_To_Remember/count
06:17:40.797230 [Thread-1 (_poll_loop)] [华隆-ToDo] 请求成功 耗时=0.213s count=0
06:17:40.797821 [Thread-7 (_poll_loop)] [华隆_Small] 请求成功 耗时=0.214s count=21
06:17:40.797821 [Thread-4 (_poll_loop)] [华隆-Large] 请求成功 耗时=0.214s count=7
06:17:40.830054 [Thread-7 (_poll_loop)] [华隆_Small] 图标/标题已更新,更新本身耗时=0.031s
06:17:40.831201 [Thread-4 (_poll_loop)] [华隆-Large] 图标/标题已更新,更新本身耗时=0.030s
06:17:40.831201 [Thread-1 (_poll_loop)] [华隆-ToDo] 图标/标题已更新,更新本身耗时=0.033s
06:18:08.916641 [Thread-13 (_poll_loop)] [融富府] 请求开始 url=http://192.168.2.56:5011/api/folders/Large_To_Remember/count
06:18:08.916641 [Thread-16 (_poll_loop)] [融富府-Smalll_To_Remember] 请求开始 url=http://192.168.2.56:5011/api/folders/Small_To_Remember/count
06:18:08.916641 [Thread-10 (_poll_loop)] [融富府-ToDo] 请求开始 url=http://192.168.2.56:5011/api/folders/ToDo/count
06:18:08.927046 [Thread-10 (_poll_loop)] [融富府-ToDo] 请求成功 耗时=0.010s count=0
06:18:08.941497 [Thread-16 (_poll_loop)] [融富府-Smalll_To_Remember] 请求成功 耗时=0.024s count=49
06:18:08.966610 [Thread-13 (_poll_loop)] [融富府] 请求成功 耗时=0.050s count=312
06:18:08.980857 [Thread-10 (_poll_loop)] [融富府-ToDo] 图标/标题已更新,更新本身耗时=0.053s
06:18:08.985308 [Thread-16 (_poll_loop)] [融富府-Smalll_To_Remember] 图标/标题已更新,更新本身耗时=0.044s
06:18:08.990308 [Thread-13 (_poll_loop)] [融富府] 图标/标题已更新,更新本身耗时=0.024s
06:18:10.840462 [Thread-4 (_poll_loop)] [华隆-Large] 请求开始 url=http://hua-rong-desktop.tail7dfac8.ts.net:5011/api/folders/Large_To_Remember/count
06:18:10.840462 [Thread-1 (_poll_loop)] [华隆-ToDo] 请求开始 url=http://hua-rong-desktop.tail7dfac8.ts.net:5011/api/folders/ToDo/count
06:18:10.840462 [Thread-7 (_poll_loop)] [华隆_Small] 请求开始 url=http://hua-rong-desktop.tail7dfac8.ts.net:5011/api/folders/Small_To_Remember/count
06:18:11.071494 [Thread-4 (_poll_loop)] [华隆-Large] 请求成功 耗时=0.231s count=7
06:18:11.072497 [Thread-1 (_poll_loop)] [华隆-ToDo] 请求成功 耗时=0.232s count=0
06:18:11.072497 [Thread-7 (_poll_loop)] [华隆_Small] 请求成功 耗时=0.232s count=21
06:18:11.101328 [Thread-4 (_poll_loop)] [华隆-Large] 图标/标题已更新,更新本身耗时=0.029s
06:18:11.101328 [Thread-1 (_poll_loop)] [华隆-ToDo] 图标/标题已更新,更新本身耗时=0.028s
06:18:11.102328 [Thread-7 (_poll_loop)] [华隆_Small] 图标/标题已更新,更新本身耗时=0.028s
06:18:38.984340 [Thread-10 (_poll_loop)] [融富府-ToDo] 请求开始 url=http://192.168.2.56:5011/api/folders/ToDo/count
06:18:38.989656 [Thread-10 (_poll_loop)] [融富府-ToDo] 请求成功 耗时=0.005s count=0
06:18:38.999723 [Thread-13 (_poll_loop)] [融富府] 请求开始 url=http://192.168.2.56:5011/api/folders/Large_To_Remember/count
06:18:38.999723 [Thread-16 (_poll_loop)] [融富府-Smalll_To_Remember] 请求开始 url=http://192.168.2.56:5011/api/folders/Small_To_Remember/count
06:18:39.008595 [Thread-16 (_poll_loop)] [融富府-Smalll_To_Remember] 请求成功 耗时=0.009s count=49
06:18:39.016358 [Thread-10 (_poll_loop)] [融富府-ToDo] 图标/标题已更新,更新本身耗时=0.027s
06:18:39.017563 [Thread-13 (_poll_loop)] [融富府] 请求成功 耗时=0.018s count=312
06:18:39.035554 [Thread-16 (_poll_loop)] [融富府-Smalll_To_Remember] 图标/标题已更新,更新本身耗时=0.026s
06:18:39.039010 [Thread-13 (_poll_loop)] [融富府] 图标/标题已更新,更新本身耗时=0.021s
06:18:41.108639 [Thread-1 (_poll_loop)] [华隆-ToDo] 请求开始 url=http://hua-rong-desktop.tail7dfac8.ts.net:5011/api/folders/ToDo/count
06:18:41.108639 [Thread-4 (_poll_loop)] [华隆-Large] 请求开始 url=http://hua-rong-desktop.tail7dfac8.ts.net:5011/api/folders/Large_To_Remember/count
06:18:41.108639 [Thread-7 (_poll_loop)] [华隆_Small] 请求开始 url=http://hua-rong-desktop.tail7dfac8.ts.net:5011/api/folders/Small_To_Remember/count
06:18:41.325995 [Thread-1 (_poll_loop)] [华隆-ToDo] 请求成功 耗时=0.217s count=0
06:18:41.326502 [Thread-7 (_poll_loop)] [华隆_Small] 请求成功 耗时=0.218s count=21
06:18:41.348516 [Thread-4 (_poll_loop)] [华隆-Large] 请求成功 耗时=0.240s count=7
06:18:41.359167 [Thread-1 (_poll_loop)] [华隆-ToDo] 图标/标题已更新,更新本身耗时=0.032s
06:18:41.360698 [Thread-7 (_poll_loop)] [华隆_Small] 图标/标题已更新,更新本身耗时=0.032s
06:18:41.369703 [Thread-4 (_poll_loop)] [华隆-Large] 图标/标题已更新,更新本身耗时=0.021s
06:18:47.429016 [Thread-2 (_run_icon_debug)] [华隆-ToDo] icon.run() 已返回(说明图标被停止了)
06:18:47.430470 [Thread-5 (_run_icon_debug)] [华隆-Large] icon.run() 已返回(说明图标被停止了)
06:18:47.432751 [Thread-11 (_run_icon_debug)] [融富府-ToDo] icon.run() 已返回(说明图标被停止了)
06:18:47.435806 [Thread-14 (_run_icon_debug)] [融富府] icon.run() 已返回(说明图标被停止了)
06:18:47.436312 [Thread-17 (_run_icon_debug)] [融富府-Smalll_To_Remember] icon.run() 已返回(说明图标被停止了)
06:18:47.805404 [MainThread] === tray_app 启动,配置里有 6 个图标 ===
06:18:47.805404 [MainThread] 准备添加图标 name=华隆-ToDo url=http://hua-rong-desktop.tail7dfac8.ts.net:5011/api/folders/ToDo/count
06:18:47.807407 [MainThread] [华隆-ToDo] start() 被调用,准备起 icon.run() 线程和轮询线程
06:18:47.808398 [Thread-2 (_run_icon_debug)] [华隆-ToDo] icon.run() 线程已启动,进入 pystray 消息循环
06:18:47.808398 [Thread-1 (_poll_loop)] [华隆-ToDo] 请求开始 url=http://hua-rong-desktop.tail7dfac8.ts.net:5011/api/folders/ToDo/count
06:18:48.024899 [Thread-1 (_poll_loop)] [华隆-ToDo] 请求成功 耗时=0.217s count=0
06:18:48.060376 [Thread-1 (_poll_loop)] [华隆-ToDo] 图标/标题已更新,更新本身耗时=0.035s
06:18:48.109464 [MainThread] 准备添加图标 name=华隆-Large url=http://hua-rong-desktop.tail7dfac8.ts.net:5011/api/folders/Large_To_Remember/count
06:18:48.114960 [MainThread] [华隆-Large] start() 被调用,准备起 icon.run() 线程和轮询线程
06:18:48.116469 [Thread-5 (_run_icon_debug)] [华隆-Large] icon.run() 线程已启动,进入 pystray 消息循环
06:18:48.116818 [Thread-4 (_poll_loop)] [华隆-Large] 请求开始 url=http://hua-rong-desktop.tail7dfac8.ts.net:5011/api/folders/Large_To_Remember/count
06:18:48.320453 [Thread-4 (_poll_loop)] [华隆-Large] 请求成功 耗时=0.204s count=7
06:18:48.339262 [Thread-4 (_poll_loop)] [华隆-Large] 图标/标题已更新,更新本身耗时=0.018s
06:18:48.417861 [MainThread] 准备添加图标 name=华隆_Small url=http://hua-rong-desktop.tail7dfac8.ts.net:5011/api/folders/Small_To_Remember/count
06:18:48.423882 [MainThread] [华隆_Small] start() 被调用,准备起 icon.run() 线程和轮询线程
06:18:48.423882 [Thread-8 (_run_icon_debug)] [华隆_Small] icon.run() 线程已启动,进入 pystray 消息循环
06:18:48.424877 [Thread-7 (_poll_loop)] [华隆_Small] 请求开始 url=http://hua-rong-desktop.tail7dfac8.ts.net:5011/api/folders/Small_To_Remember/count
06:18:48.649496 [Thread-7 (_poll_loop)] [华隆_Small] 请求成功 耗时=0.225s count=21
06:18:48.677020 [Thread-7 (_poll_loop)] [华隆_Small] 图标/标题已更新,更新本身耗时=0.026s
06:18:48.725277 [MainThread] 准备添加图标 name=融富府-ToDo url=http://192.168.2.56:5011/api/folders/ToDo/count
06:18:48.728283 [MainThread] [融富府-ToDo] start() 被调用,准备起 icon.run() 线程和轮询线程
06:18:48.728283 [Thread-11 (_run_icon_debug)] [融富府-ToDo] icon.run() 线程已启动,进入 pystray 消息循环
06:18:48.729282 [Thread-10 (_poll_loop)] [融富府-ToDo] 请求开始 url=http://192.168.2.56:5011/api/folders/ToDo/count
06:18:48.732954 [Thread-10 (_poll_loop)] [融富府-ToDo] 请求成功 耗时=0.004s count=0
06:18:48.736953 [Thread-10 (_poll_loop)] [融富府-ToDo] 图标/标题已更新,更新本身耗时=0.003s
06:18:49.029736 [MainThread] 准备添加图标 name=融富府 url=http://192.168.2.56:5011/api/folders/Large_To_Remember/count
06:18:49.033755 [MainThread] [融富府] start() 被调用,准备起 icon.run() 线程和轮询线程
06:18:49.034986 [Thread-14 (_run_icon_debug)] [融富府] icon.run() 线程已启动,进入 pystray 消息循环
06:18:49.036002 [Thread-13 (_poll_loop)] [融富府] 请求开始 url=http://192.168.2.56:5011/api/folders/Large_To_Remember/count
06:18:49.063500 [Thread-13 (_poll_loop)] [融富府] 请求成功 耗时=0.027s count=312
06:18:49.065504 [Thread-13 (_poll_loop)] [融富府] 图标/标题已更新,更新本身耗时=0.002s
06:18:49.336353 [MainThread] 准备添加图标 name=融富府-Smalll_To_Remember url=http://192.168.2.56:5011/api/folders/Small_To_Remember/count
06:18:49.343651 [MainThread] [融富府-Smalll_To_Remember] start() 被调用,准备起 icon.run() 线程和轮询线程
06:18:49.344646 [Thread-17 (_run_icon_debug)] [融富府-Smalll_To_Remember] icon.run() 线程已启动,进入 pystray 消息循环
06:18:49.345648 [Thread-16 (_poll_loop)] [融富府-Smalll_To_Remember] 请求开始 url=http://192.168.2.56:5011/api/folders/Small_To_Remember/count
06:18:49.345648 [MainThread] 所有图标已添加完毕(各自的 icon.run()/轮询线程已经在后台起来了)
06:18:49.362023 [MainThread] _autostart_proxies() 完成,准备起主图标线程
06:18:49.362542 [Thread-16 (_poll_loop)] [融富府-Smalll_To_Remember] 请求成功 耗时=0.017s count=49
06:18:49.371071 [Thread-16 (_poll_loop)] [融富府-Smalll_To_Remember] 图标/标题已更新,更新本身耗时=0.007s
06:18:56.524379 [Thread-2 (_run_icon_debug)] [华隆-ToDo] icon.run() 已返回(说明图标被停止了)
06:18:56.526892 [Thread-5 (_run_icon_debug)] [华隆-Large] icon.run() 已返回(说明图标被停止了)
06:18:56.530914 [Thread-11 (_run_icon_debug)] [融富府-ToDo] icon.run() 已返回(说明图标被停止了)
06:18:56.531911 [Thread-14 (_run_icon_debug)] [融富府] icon.run() 已返回(说明图标被停止了)
06:18:56.533912 [Thread-17 (_run_icon_debug)] [融富府-Smalll_To_Remember] icon.run() 已返回(说明图标被停止了)
06:19:00.225541 [MainThread] === tray_app 启动,配置里有 6 个图标 ===
06:19:00.225541 [MainThread] 准备添加图标 name=华隆-ToDo url=http://hua-rong-desktop.tail7dfac8.ts.net:5011/api/folders/ToDo/count
06:19:00.227767 [MainThread] [华隆-ToDo] start() 被调用,准备起 icon.run() 线程和轮询线程
06:19:00.228773 [Thread-2 (_run_icon_debug)] [华隆-ToDo] icon.run() 线程已启动,进入 pystray 消息循环
06:19:00.228773 [Thread-1 (_poll_loop)] [华隆-ToDo] 请求开始 url=http://hua-rong-desktop.tail7dfac8.ts.net:5011/api/folders/ToDo/count
06:19:00.475278 [Thread-1 (_poll_loop)] [华隆-ToDo] 请求成功 耗时=0.247s count=0
06:19:00.503240 [Thread-1 (_poll_loop)] [华隆-ToDo] 图标/标题已更新,更新本身耗时=0.027s
06:19:00.530123 [MainThread] 准备添加图标 name=华隆-Large url=http://hua-rong-desktop.tail7dfac8.ts.net:5011/api/folders/Large_To_Remember/count
06:19:00.531160 [MainThread] [华隆-Large] start() 被调用,准备起 icon.run() 线程和轮询线程
06:19:00.532159 [Thread-5 (_run_icon_debug)] [华隆-Large] icon.run() 线程已启动,进入 pystray 消息循环
06:19:00.532159 [Thread-4 (_poll_loop)] [华隆-Large] 请求开始 url=http://hua-rong-desktop.tail7dfac8.ts.net:5011/api/folders/Large_To_Remember/count
06:19:00.756742 [Thread-4 (_poll_loop)] [华隆-Large] 请求成功 耗时=0.225s count=7
06:19:00.783306 [Thread-4 (_poll_loop)] [华隆-Large] 图标/标题已更新,更新本身耗时=0.026s
06:19:00.833055 [MainThread] 准备添加图标 name=华隆_Small url=http://hua-rong-desktop.tail7dfac8.ts.net:5011/api/folders/Small_To_Remember/count
06:19:00.839312 [MainThread] [华隆_Small] start() 被调用,准备起 icon.run() 线程和轮询线程
06:19:00.841337 [Thread-8 (_run_icon_debug)] [华隆_Small] icon.run() 线程已启动,进入 pystray 消息循环
06:19:00.842341 [Thread-7 (_poll_loop)] [华隆_Small] 请求开始 url=http://hua-rong-desktop.tail7dfac8.ts.net:5011/api/folders/Small_To_Remember/count
06:19:01.050964 [Thread-7 (_poll_loop)] [华隆_Small] 请求成功 耗时=0.209s count=21
06:19:01.073121 [Thread-7 (_poll_loop)] [华隆_Small] 图标/标题已更新,更新本身耗时=0.022s
06:19:01.143100 [MainThread] 准备添加图标 name=融富府-ToDo url=http://192.168.2.56:5011/api/folders/ToDo/count
06:19:01.145303 [MainThread] [融富府-ToDo] start() 被调用,准备起 icon.run() 线程和轮询线程
06:19:01.146302 [Thread-11 (_run_icon_debug)] [融富府-ToDo] icon.run() 线程已启动,进入 pystray 消息循环
06:19:01.147317 [Thread-10 (_poll_loop)] [融富府-ToDo] 请求开始 url=http://192.168.2.56:5011/api/folders/ToDo/count
06:19:01.154445 [Thread-10 (_poll_loop)] [融富府-ToDo] 请求成功 耗时=0.007s count=0
06:19:01.156893 [Thread-10 (_poll_loop)] [融富府-ToDo] 图标/标题已更新,更新本身耗时=0.002s
06:19:01.448434 [MainThread] 准备添加图标 name=融富府 url=http://192.168.2.56:5011/api/folders/Large_To_Remember/count
06:19:01.455974 [MainThread] [融富府] start() 被调用,准备起 icon.run() 线程和轮询线程
06:19:01.455974 [Thread-14 (_run_icon_debug)] [融富府] icon.run() 线程已启动,进入 pystray 消息循环
06:19:01.456974 [Thread-13 (_poll_loop)] [融富府] 请求开始 url=http://192.168.2.56:5011/api/folders/Large_To_Remember/count
06:19:01.489961 [Thread-13 (_poll_loop)] [融富府] 请求成功 耗时=0.033s count=312
06:19:01.508532 [Thread-13 (_poll_loop)] [融富府] 图标/标题已更新,更新本身耗时=0.017s
06:19:01.757323 [MainThread] 准备添加图标 name=融富府-Smalll_To_Remember url=http://192.168.2.56:5011/api/folders/Small_To_Remember/count
06:19:01.759851 [MainThread] [融富府-Smalll_To_Remember] start() 被调用,准备起 icon.run() 线程和轮询线程
06:19:01.761989 [Thread-17 (_run_icon_debug)] [融富府-Smalll_To_Remember] icon.run() 线程已启动,进入 pystray 消息循环
06:19:01.761989 [Thread-16 (_poll_loop)] [融富府-Smalll_To_Remember] 请求开始 url=http://192.168.2.56:5011/api/folders/Small_To_Remember/count
06:19:01.761989 [MainThread] 所有图标已添加完毕(各自的 icon.run()/轮询线程已经在后台起来了)
06:19:01.772996 [MainThread] _autostart_proxies() 完成,准备起主图标线程
06:19:01.775148 [Thread-16 (_poll_loop)] [融富府-Smalll_To_Remember] 请求成功 耗时=0.013s count=49
06:19:01.780936 [Thread-16 (_poll_loop)] [融富府-Smalll_To_Remember] 图标/标题已更新,更新本身耗时=0.004s
06:19:30.505693 [Thread-1 (_poll_loop)] [华隆-ToDo] 请求开始 url=http://hua-rong-desktop.tail7dfac8.ts.net:5011/api/folders/ToDo/count
06:19:30.710552 [Thread-1 (_poll_loop)] [华隆-ToDo] 请求成功 耗时=0.205s count=0
06:19:30.737567 [Thread-1 (_poll_loop)] [华隆-ToDo] 图标/标题已更新,更新本身耗时=0.026s
06:19:30.784937 [Thread-4 (_poll_loop)] [华隆-Large] 请求开始 url=http://hua-rong-desktop.tail7dfac8.ts.net:5011/api/folders/Large_To_Remember/count
06:19:31.004619 [Thread-4 (_poll_loop)] [华隆-Large] 请求成功 耗时=0.220s count=7
06:19:31.022712 [Thread-4 (_poll_loop)] [华隆-Large] 图标/标题已更新,更新本身耗时=0.017s
06:19:31.081166 [Thread-7 (_poll_loop)] [华隆_Small] 请求开始 url=http://hua-rong-desktop.tail7dfac8.ts.net:5011/api/folders/Small_To_Remember/count
06:19:31.160472 [Thread-10 (_poll_loop)] [融富府-ToDo] 请求开始 url=http://192.168.2.56:5011/api/folders/ToDo/count
06:19:31.166046 [Thread-10 (_poll_loop)] [融富府-ToDo] 请求成功 耗时=0.006s count=0
06:19:31.191225 [Thread-10 (_poll_loop)] [融富府-ToDo] 图标/标题已更新,更新本身耗时=0.024s
06:19:31.289215 [Thread-7 (_poll_loop)] [华隆_Small] 请求成功 耗时=0.208s count=21
06:19:31.309414 [Thread-7 (_poll_loop)] [华隆_Small] 图标/标题已更新,更新本身耗时=0.020s
06:19:31.517306 [Thread-13 (_poll_loop)] [融富府] 请求开始 url=http://192.168.2.56:5011/api/folders/Large_To_Remember/count
06:19:31.560754 [Thread-13 (_poll_loop)] [融富府] 请求成功 耗时=0.043s count=312
06:19:31.584777 [Thread-13 (_poll_loop)] [融富府] 图标/标题已更新,更新本身耗时=0.024s
06:19:31.783131 [Thread-16 (_poll_loop)] [融富府-Smalll_To_Remember] 请求开始 url=http://192.168.2.56:5011/api/folders/Small_To_Remember/count
06:19:31.788167 [Thread-16 (_poll_loop)] [融富府-Smalll_To_Remember] 请求成功 耗时=0.005s count=49
06:19:31.808218 [Thread-16 (_poll_loop)] [融富府-Smalll_To_Remember] 图标/标题已更新,更新本身耗时=0.019s
06:20:00.747423 [Thread-1 (_poll_loop)] [华隆-ToDo] 请求开始 url=http://hua-rong-desktop.tail7dfac8.ts.net:5011/api/folders/ToDo/count
06:20:00.950450 [Thread-1 (_poll_loop)] [华隆-ToDo] 请求成功 耗时=0.203s count=0
06:20:00.974489 [Thread-1 (_poll_loop)] [华隆-ToDo] 图标/标题已更新,更新本身耗时=0.023s
06:20:01.028994 [Thread-4 (_poll_loop)] [华隆-Large] 请求开始 url=http://hua-rong-desktop.tail7dfac8.ts.net:5011/api/folders/Large_To_Remember/count
06:20:01.197734 [Thread-10 (_poll_loop)] [融富府-ToDo] 请求开始 url=http://192.168.2.56:5011/api/folders/ToDo/count
06:20:01.203801 [Thread-10 (_poll_loop)] [融富府-ToDo] 请求成功 耗时=0.006s count=0
06:20:01.235133 [Thread-4 (_poll_loop)] [华隆-Large] 请求成功 耗时=0.206s count=7
06:20:01.248552 [Thread-10 (_poll_loop)] [融富府-ToDo] 图标/标题已更新,更新本身耗时=0.044s
06:20:01.270834 [Thread-4 (_poll_loop)] [华隆-Large] 图标/标题已更新,更新本身耗时=0.035s
06:20:01.321247 [Thread-7 (_poll_loop)] [华隆_Small] 请求开始 url=http://hua-rong-desktop.tail7dfac8.ts.net:5011/api/folders/Small_To_Remember/count
06:20:01.541491 [Thread-7 (_poll_loop)] [华隆_Small] 请求成功 耗时=0.220s count=21
06:20:01.558045 [Thread-7 (_poll_loop)] [华隆_Small] 图标/标题已更新,更新本身耗时=0.016s
06:20:01.586130 [Thread-13 (_poll_loop)] [融富府] 请求开始 url=http://192.168.2.56:5011/api/folders/Large_To_Remember/count
06:20:01.608353 [Thread-13 (_poll_loop)] [融富府] 请求成功 耗时=0.022s count=312
06:20:01.635626 [Thread-13 (_poll_loop)] [融富府] 图标/标题已更新,更新本身耗时=0.027s
06:20:01.819780 [Thread-16 (_poll_loop)] [融富府-Smalll_To_Remember] 请求开始 url=http://192.168.2.56:5011/api/folders/Small_To_Remember/count
06:20:01.825954 [Thread-16 (_poll_loop)] [融富府-Smalll_To_Remember] 请求成功 耗时=0.006s count=49
06:20:01.849343 [Thread-16 (_poll_loop)] [融富府-Smalll_To_Remember] 图标/标题已更新,更新本身耗时=0.023s
06:20:30.982215 [Thread-1 (_poll_loop)] [华隆-ToDo] 请求开始 url=http://hua-rong-desktop.tail7dfac8.ts.net:5011/api/folders/ToDo/count
06:20:31.186298 [Thread-1 (_poll_loop)] [华隆-ToDo] 请求成功 耗时=0.204s count=0
06:20:31.211951 [Thread-1 (_poll_loop)] [华隆-ToDo] 图标/标题已更新,更新本身耗时=0.025s
06:20:31.265050 [Thread-10 (_poll_loop)] [融富府-ToDo] 请求开始 url=http://192.168.2.56:5011/api/folders/ToDo/count
06:20:31.280146 [Thread-4 (_poll_loop)] [华隆-Large] 请求开始 url=http://hua-rong-desktop.tail7dfac8.ts.net:5011/api/folders/Large_To_Remember/count
06:20:31.283008 [Thread-10 (_poll_loop)] [融富府-ToDo] 请求成功 耗时=0.018s count=0
06:20:31.305128 [Thread-10 (_poll_loop)] [融富府-ToDo] 图标/标题已更新,更新本身耗时=0.021s
06:20:31.480325 [Thread-4 (_poll_loop)] [华隆-Large] 请求成功 耗时=0.200s count=7
06:20:31.502163 [Thread-4 (_poll_loop)] [华隆-Large] 图标/标题已更新,更新本身耗时=0.020s
06:20:31.559538 [Thread-7 (_poll_loop)] [华隆_Small] 请求开始 url=http://hua-rong-desktop.tail7dfac8.ts.net:5011/api/folders/Small_To_Remember/count
06:20:31.636926 [Thread-13 (_poll_loop)] [融富府] 请求开始 url=http://192.168.2.56:5011/api/folders/Large_To_Remember/count
06:20:31.662591 [Thread-13 (_poll_loop)] [融富府] 请求成功 耗时=0.026s count=312
06:20:31.693363 [Thread-13 (_poll_loop)] [融富府] 图标/标题已更新,更新本身耗时=0.030s
06:20:31.778536 [Thread-7 (_poll_loop)] [华隆_Small] 请求成功 耗时=0.219s count=21
06:20:31.799405 [Thread-7 (_poll_loop)] [华隆_Small] 图标/标题已更新,更新本身耗时=0.020s
06:20:31.853094 [Thread-16 (_poll_loop)] [融富府-Smalll_To_Remember] 请求开始 url=http://192.168.2.56:5011/api/folders/Small_To_Remember/count
06:20:31.871915 [Thread-16 (_poll_loop)] [融富府-Smalll_To_Remember] 请求成功 耗时=0.019s count=49
06:20:31.895618 [Thread-16 (_poll_loop)] [融富府-Smalll_To_Remember] 图标/标题已更新,更新本身耗时=0.024s
06:21:01.214433 [Thread-1 (_poll_loop)] [华隆-ToDo] 请求开始 url=http://hua-rong-desktop.tail7dfac8.ts.net:5011/api/folders/ToDo/count
06:21:01.308398 [Thread-10 (_poll_loop)] [融富府-ToDo] 请求开始 url=http://192.168.2.56:5011/api/folders/ToDo/count
06:21:01.324446 [Thread-10 (_poll_loop)] [融富府-ToDo] 请求成功 耗时=0.016s count=0
06:21:01.345309 [Thread-10 (_poll_loop)] [融富府-ToDo] 图标/标题已更新,更新本身耗时=0.021s
06:21:01.424040 [Thread-1 (_poll_loop)] [华隆-ToDo] 请求成功 耗时=0.210s count=0
06:21:01.454338 [Thread-1 (_poll_loop)] [华隆-ToDo] 图标/标题已更新,更新本身耗时=0.030s
06:21:01.508588 [Thread-4 (_poll_loop)] [华隆-Large] 请求开始 url=http://hua-rong-desktop.tail7dfac8.ts.net:5011/api/folders/Large_To_Remember/count
06:21:01.694639 [Thread-13 (_poll_loop)] [融富府] 请求开始 url=http://192.168.2.56:5011/api/folders/Large_To_Remember/count
06:21:01.712537 [Thread-13 (_poll_loop)] [融富府] 请求成功 耗时=0.018s count=312
06:21:01.715199 [Thread-4 (_poll_loop)] [华隆-Large] 请求成功 耗时=0.207s count=7
06:21:01.736391 [Thread-4 (_poll_loop)] [华隆-Large] 图标/标题已更新,更新本身耗时=0.021s
06:21:01.739314 [Thread-13 (_poll_loop)] [融富府] 图标/标题已更新,更新本身耗时=0.026s
06:21:01.804493 [Thread-7 (_poll_loop)] [华隆_Small] 请求开始 url=http://hua-rong-desktop.tail7dfac8.ts.net:5011/api/folders/Small_To_Remember/count
06:21:01.910941 [Thread-16 (_poll_loop)] [融富府-Smalll_To_Remember] 请求开始 url=http://192.168.2.56:5011/api/folders/Small_To_Remember/count
06:21:01.919641 [Thread-16 (_poll_loop)] [融富府-Smalll_To_Remember] 请求成功 耗时=0.009s count=49
06:21:01.942372 [Thread-16 (_poll_loop)] [融富府-Smalll_To_Remember] 图标/标题已更新,更新本身耗时=0.022s
06:21:02.031364 [Thread-7 (_poll_loop)] [华隆_Small] 请求成功 耗时=0.227s count=21
06:21:02.057116 [Thread-7 (_poll_loop)] [华隆_Small] 图标/标题已更新,更新本身耗时=0.025s
06:21:02.892881 [Thread-22 (_fetch_once)] [融富府-Smalll_To_Remember] 请求开始 url=http://127.0.0.1:5011/api/folders/Small_To_Remember/count
06:21:02.899693 [Thread-22 (_fetch_once)] [融富府-Smalll_To_Remember] 请求成功 耗时=0.007s count=49
06:21:02.931324 [Thread-22 (_fetch_once)] [融富府-Smalll_To_Remember] 图标/标题已更新,更新本身耗时=0.031s
06:21:05.779576 [Thread-2 (_run_icon_debug)] [华隆-ToDo] icon.run() 已返回(说明图标被停止了)
06:21:05.782243 [Thread-5 (_run_icon_debug)] [华隆-Large] icon.run() 已返回(说明图标被停止了)
06:21:05.783620 [Thread-8 (_run_icon_debug)] [华隆_Small] icon.run() 已返回(说明图标被停止了)
06:21:05.783620 [Thread-11 (_run_icon_debug)] [融富府-ToDo] icon.run() 已返回(说明图标被停止了)
06:21:05.785625 [Thread-14 (_run_icon_debug)] [融富府] icon.run() 已返回(说明图标被停止了)
06:21:06.166303 [MainThread] === tray_app 启动,配置里有 6 个图标 ===
06:21:06.167303 [MainThread] 准备添加图标 name=华隆-ToDo url=http://hua-rong-desktop.tail7dfac8.ts.net:5011/api/folders/ToDo/count
06:21:06.168879 [MainThread] [华隆-ToDo] start() 被调用,准备起 icon.run() 线程和轮询线程
06:21:06.169887 [Thread-2 (_run_icon_debug)] [华隆-ToDo] icon.run() 线程已启动,进入 pystray 消息循环
06:21:06.169887 [Thread-1 (_poll_loop)] [华隆-ToDo] 请求开始 url=http://hua-rong-desktop.tail7dfac8.ts.net:5011/api/folders/ToDo/count
06:21:06.385223 [Thread-1 (_poll_loop)] [华隆-ToDo] 请求成功 耗时=0.215s count=0
06:21:06.404307 [Thread-1 (_poll_loop)] [华隆-ToDo] 图标/标题已更新,更新本身耗时=0.018s
06:21:06.470770 [MainThread] 准备添加图标 name=华隆-Large url=http://hua-rong-desktop.tail7dfac8.ts.net:5011/api/folders/Large_To_Remember/count
06:21:06.474143 [MainThread] [华隆-Large] start() 被调用,准备起 icon.run() 线程和轮询线程
06:21:06.475139 [Thread-5 (_run_icon_debug)] [华隆-Large] icon.run() 线程已启动,进入 pystray 消息循环
06:21:06.475139 [Thread-4 (_poll_loop)] [华隆-Large] 请求开始 url=http://hua-rong-desktop.tail7dfac8.ts.net:5011/api/folders/Large_To_Remember/count
06:21:06.681655 [Thread-4 (_poll_loop)] [华隆-Large] 请求成功 耗时=0.207s count=7
06:21:06.703162 [Thread-4 (_poll_loop)] [华隆-Large] 图标/标题已更新,更新本身耗时=0.021s
06:21:06.776347 [MainThread] 准备添加图标 name=华隆_Small url=http://hua-rong-desktop.tail7dfac8.ts.net:5011/api/folders/Small_To_Remember/count
06:21:06.786617 [MainThread] [华隆_Small] start() 被调用,准备起 icon.run() 线程和轮询线程
06:21:06.787607 [Thread-8 (_run_icon_debug)] [华隆_Small] icon.run() 线程已启动,进入 pystray 消息循环
06:21:06.788607 [Thread-7 (_poll_loop)] [华隆_Small] 请求开始 url=http://hua-rong-desktop.tail7dfac8.ts.net:5011/api/folders/Small_To_Remember/count
06:21:06.992610 [Thread-7 (_poll_loop)] [华隆_Small] 请求成功 耗时=0.204s count=21
06:21:07.015155 [Thread-7 (_poll_loop)] [华隆_Small] 图标/标题已更新,更新本身耗时=0.022s
06:21:07.089614 [MainThread] 准备添加图标 name=融富府-ToDo url=http://192.168.2.56:5011/api/folders/ToDo/count
06:21:07.092883 [MainThread] [融富府-ToDo] start() 被调用,准备起 icon.run() 线程和轮询线程
06:21:07.093888 [Thread-11 (_run_icon_debug)] [融富府-ToDo] icon.run() 线程已启动,进入 pystray 消息循环
06:21:07.094894 [Thread-10 (_poll_loop)] [融富府-ToDo] 请求开始 url=http://192.168.2.56:5011/api/folders/ToDo/count
06:21:07.116029 [Thread-10 (_poll_loop)] [融富府-ToDo] 请求成功 耗时=0.021s count=0
06:21:07.117542 [Thread-10 (_poll_loop)] [融富府-ToDo] 图标/标题已更新,更新本身耗时=0.002s
06:21:07.396063 [MainThread] 准备添加图标 name=融富府 url=http://192.168.2.56:5011/api/folders/Large_To_Remember/count
06:21:07.402087 [MainThread] [融富府] start() 被调用,准备起 icon.run() 线程和轮询线程
06:21:07.403559 [Thread-14 (_run_icon_debug)] [融富府] icon.run() 线程已启动,进入 pystray 消息循环
06:21:07.404564 [Thread-13 (_poll_loop)] [融富府] 请求开始 url=http://192.168.2.56:5011/api/folders/Large_To_Remember/count
06:21:07.420980 [Thread-13 (_poll_loop)] [融富府] 请求成功 耗时=0.016s count=312
06:21:07.422976 [Thread-13 (_poll_loop)] [融富府] 图标/标题已更新,更新本身耗时=0.002s
06:21:07.705090 [MainThread] 准备添加图标 name=融富府-Smalll_To_Remember url=http://127.0.0.1:5011/api/folders/Small_To_Remember/count
06:21:07.706605 [MainThread] [融富府-Smalll_To_Remember] start() 被调用,准备起 icon.run() 线程和轮询线程
06:21:07.706605 [Thread-17 (_run_icon_debug)] [融富府-Smalll_To_Remember] icon.run() 线程已启动,进入 pystray 消息循环
06:21:07.706605 [Thread-16 (_poll_loop)] [融富府-Smalll_To_Remember] 请求开始 url=http://127.0.0.1:5011/api/folders/Small_To_Remember/count
06:21:07.706605 [MainThread] 所有图标已添加完毕(各自的 icon.run()/轮询线程已经在后台起来了)
06:21:07.719455 [MainThread] _autostart_proxies() 完成,准备起主图标线程
06:21:07.719455 [Thread-16 (_poll_loop)] [融富府-Smalll_To_Remember] 请求成功 耗时=0.013s count=49
06:21:07.726453 [Thread-16 (_poll_loop)] [融富府-Smalll_To_Remember] 图标/标题已更新,更新本身耗时=0.005s
06:21:13.264192 [Thread-22 (_fetch_once)] [融富府-Smalll_To_Remember] 请求开始 url=http://127.0.0.1:5011/api/folders/Small_To_Remember/count
06:21:13.270477 [Thread-22 (_fetch_once)] [融富府-Smalll_To_Remember] 请求成功 耗时=0.006s count=49
06:21:13.288595 [Thread-22 (_fetch_once)] [融富府-Smalll_To_Remember] 图标/标题已更新,更新本身耗时=0.018s
06:21:15.170566 [Thread-23 (_fetch_once)] [融富府] 请求开始 url=http://192.168.2.56:5011/api/folders/Large_To_Remember/count
06:21:15.185991 [Thread-23 (_fetch_once)] [融富府] 请求成功 耗时=0.015s count=312
06:21:15.205288 [Thread-23 (_fetch_once)] [融富府] 图标/标题已更新,更新本身耗时=0.018s
06:21:17.120455 [Thread-24 (_fetch_once)] [融富府-ToDo] 请求开始 url=http://192.168.2.56:5011/api/folders/ToDo/count
06:21:17.128626 [Thread-24 (_fetch_once)] [融富府-ToDo] 请求成功 耗时=0.008s count=0
06:21:17.145280 [Thread-24 (_fetch_once)] [融富府-ToDo] 图标/标题已更新,更新本身耗时=0.016s
06:21:36.413629 [Thread-1 (_poll_loop)] [华隆-ToDo] 请求开始 url=http://hua-rong-desktop.tail7dfac8.ts.net:5011/api/folders/ToDo/count
06:21:36.641278 [Thread-1 (_poll_loop)] [华隆-ToDo] 请求成功 耗时=0.228s count=0
06:21:36.664988 [Thread-1 (_poll_loop)] [华隆-ToDo] 图标/标题已更新,更新本身耗时=0.023s
06:21:36.706707 [Thread-4 (_poll_loop)] [华隆-Large] 请求开始 url=http://hua-rong-desktop.tail7dfac8.ts.net:5011/api/folders/Large_To_Remember/count
06:21:36.924859 [Thread-4 (_poll_loop)] [华隆-Large] 请求成功 耗时=0.218s count=7
06:21:36.946224 [Thread-4 (_poll_loop)] [华隆-Large] 图标/标题已更新,更新本身耗时=0.021s
06:21:37.019770 [Thread-7 (_poll_loop)] [华隆_Small] 请求开始 url=http://hua-rong-desktop.tail7dfac8.ts.net:5011/api/folders/Small_To_Remember/count
06:21:37.129357 [Thread-10 (_poll_loop)] [融富府-ToDo] 请求开始 url=http://192.168.2.56:5011/api/folders/ToDo/count
06:21:37.131466 [Thread-10 (_poll_loop)] [融富府-ToDo] 请求成功 耗时=0.002s count=0
06:21:37.158113 [Thread-10 (_poll_loop)] [融富府-ToDo] 图标/标题已更新,更新本身耗时=0.026s
06:21:37.235240 [Thread-7 (_poll_loop)] [华隆_Small] 请求成功 耗时=0.215s count=21
06:21:37.269008 [Thread-7 (_poll_loop)] [华隆_Small] 图标/标题已更新,更新本身耗时=0.033s
06:21:37.424102 [Thread-13 (_poll_loop)] [融富府] 请求开始 url=http://192.168.2.56:5011/api/folders/Large_To_Remember/count
06:21:37.439391 [Thread-13 (_poll_loop)] [融富府] 请求成功 耗时=0.015s count=312
06:21:37.461929 [Thread-13 (_poll_loop)] [融富府] 图标/标题已更新,更新本身耗时=0.023s
06:21:37.736051 [Thread-16 (_poll_loop)] [融富府-Smalll_To_Remember] 请求开始 url=http://127.0.0.1:5011/api/folders/Small_To_Remember/count
06:21:37.755593 [Thread-16 (_poll_loop)] [融富府-Smalll_To_Remember] 请求成功 耗时=0.020s count=49
06:21:37.779518 [Thread-16 (_poll_loop)] [融富府-Smalll_To_Remember] 图标/标题已更新,更新本身耗时=0.023s
06:22:06.677861 [Thread-1 (_poll_loop)] [华隆-ToDo] 请求开始 url=http://hua-rong-desktop.tail7dfac8.ts.net:5011/api/folders/ToDo/count
06:22:06.896286 [Thread-1 (_poll_loop)] [华隆-ToDo] 请求成功 耗时=0.218s count=0
06:22:06.921973 [Thread-1 (_poll_loop)] [华隆-ToDo] 图标/标题已更新,更新本身耗时=0.025s
06:22:06.957774 [Thread-4 (_poll_loop)] [华隆-Large] 请求开始 url=http://hua-rong-desktop.tail7dfac8.ts.net:5011/api/folders/Large_To_Remember/count
06:22:07.172626 [Thread-10 (_poll_loop)] [融富府-ToDo] 请求开始 url=http://192.168.2.56:5011/api/folders/ToDo/count
06:22:07.175888 [Thread-10 (_poll_loop)] [融富府-ToDo] 请求成功 耗时=0.003s count=0
06:22:07.177642 [Thread-4 (_poll_loop)] [华隆-Large] 请求成功 耗时=0.220s count=7
06:22:07.204935 [Thread-10 (_poll_loop)] [融富府-ToDo] 图标/标题已更新,更新本身耗时=0.029s
06:22:07.204935 [Thread-4 (_poll_loop)] [华隆-Large] 图标/标题已更新,更新本身耗时=0.027s
06:22:07.281716 [Thread-7 (_poll_loop)] [华隆_Small] 请求开始 url=http://hua-rong-desktop.tail7dfac8.ts.net:5011/api/folders/Small_To_Remember/count
06:22:07.465851 [Thread-13 (_poll_loop)] [融富府] 请求开始 url=http://192.168.2.56:5011/api/folders/Large_To_Remember/count
06:22:07.475863 [Thread-13 (_poll_loop)] [融富府] 请求成功 耗时=0.010s count=312
06:22:07.491311 [Thread-7 (_poll_loop)] [华隆_Small] 请求成功 耗时=0.210s count=21
06:22:07.498965 [Thread-13 (_poll_loop)] [融富府] 图标/标题已更新,更新本身耗时=0.023s
06:22:07.510755 [Thread-7 (_poll_loop)] [华隆_Small] 图标/标题已更新,更新本身耗时=0.019s
06:22:07.791670 [Thread-16 (_poll_loop)] [融富府-Smalll_To_Remember] 请求开始 url=http://127.0.0.1:5011/api/folders/Small_To_Remember/count
06:22:07.799007 [Thread-16 (_poll_loop)] [融富府-Smalll_To_Remember] 请求成功 耗时=0.007s count=49
06:22:07.824860 [Thread-16 (_poll_loop)] [融富府-Smalll_To_Remember] 图标/标题已更新,更新本身耗时=0.025s
06:22:36.926292 [Thread-1 (_poll_loop)] [华隆-ToDo] 请求开始 url=http://hua-rong-desktop.tail7dfac8.ts.net:5011/api/folders/ToDo/count
06:22:37.127808 [Thread-1 (_poll_loop)] [华隆-ToDo] 请求成功 耗时=0.202s count=0
06:22:37.148558 [Thread-1 (_poll_loop)] [华隆-ToDo] 图标/标题已更新,更新本身耗时=0.021s
06:22:37.205079 [Thread-10 (_poll_loop)] [融富府-ToDo] 请求开始 url=http://192.168.2.56:5011/api/folders/ToDo/count
06:22:37.211124 [Thread-10 (_poll_loop)] [融富府-ToDo] 请求成功 耗时=0.006s count=0
06:22:37.220834 [Thread-4 (_poll_loop)] [华隆-Large] 请求开始 url=http://hua-rong-desktop.tail7dfac8.ts.net:5011/api/folders/Large_To_Remember/count
06:22:37.242762 [Thread-10 (_poll_loop)] [融富府-ToDo] 图标/标题已更新,更新本身耗时=0.031s
06:22:37.423867 [Thread-4 (_poll_loop)] [华隆-Large] 请求成功 耗时=0.203s count=7
06:22:37.446523 [Thread-4 (_poll_loop)] [华隆-Large] 图标/标题已更新,更新本身耗时=0.021s
06:22:37.501575 [Thread-13 (_poll_loop)] [融富府] 请求开始 url=http://192.168.2.56:5011/api/folders/Large_To_Remember/count
06:22:37.516363 [Thread-13 (_poll_loop)] [融富府] 请求成功 耗时=0.015s count=312
06:22:37.517377 [Thread-7 (_poll_loop)] [华隆_Small] 请求开始 url=http://hua-rong-desktop.tail7dfac8.ts.net:5011/api/folders/Small_To_Remember/count
06:22:37.545300 [Thread-13 (_poll_loop)] [融富府] 图标/标题已更新,更新本身耗时=0.029s
06:22:37.719364 [Thread-7 (_poll_loop)] [华隆_Small] 请求成功 耗时=0.202s count=21
06:22:37.740860 [Thread-7 (_poll_loop)] [华隆_Small] 图标/标题已更新,更新本身耗时=0.021s
06:22:37.828808 [Thread-16 (_poll_loop)] [融富府-Smalll_To_Remember] 请求开始 url=http://127.0.0.1:5011/api/folders/Small_To_Remember/count
06:22:37.845171 [Thread-16 (_poll_loop)] [融富府-Smalll_To_Remember] 请求成功 耗时=0.016s count=49
06:22:37.881509 [Thread-16 (_poll_loop)] [融富府-Smalll_To_Remember] 图标/标题已更新,更新本身耗时=0.036s
06:23:07.162063 [Thread-1 (_poll_loop)] [华隆-ToDo] 请求开始 url=http://hua-rong-desktop.tail7dfac8.ts.net:5011/api/folders/ToDo/count
06:23:07.253931 [Thread-10 (_poll_loop)] [融富府-ToDo] 请求开始 url=http://192.168.2.56:5011/api/folders/ToDo/count
06:23:07.260618 [Thread-10 (_poll_loop)] [融富府-ToDo] 请求成功 耗时=0.007s count=0
06:23:07.290228 [Thread-10 (_poll_loop)] [融富府-ToDo] 图标/标题已更新,更新本身耗时=0.030s
06:23:07.365623 [Thread-1 (_poll_loop)] [华隆-ToDo] 请求成功 耗时=0.204s count=0
06:23:07.390163 [Thread-1 (_poll_loop)] [华隆-ToDo] 图标/标题已更新,更新本身耗时=0.024s
06:23:07.456749 [Thread-4 (_poll_loop)] [华隆-Large] 请求开始 url=http://hua-rong-desktop.tail7dfac8.ts.net:5011/api/folders/Large_To_Remember/count
06:23:07.550999 [Thread-13 (_poll_loop)] [融富府] 请求开始 url=http://192.168.2.56:5011/api/folders/Large_To_Remember/count
06:23:07.574109 [Thread-13 (_poll_loop)] [融富府] 请求成功 耗时=0.023s count=312
06:23:07.595639 [Thread-13 (_poll_loop)] [融富府] 图标/标题已更新,更新本身耗时=0.022s
06:23:07.659421 [Thread-4 (_poll_loop)] [华隆-Large] 请求成功 耗时=0.203s count=7
06:23:07.690414 [Thread-4 (_poll_loop)] [华隆-Large] 图标/标题已更新,更新本身耗时=0.030s
06:23:07.751921 [Thread-7 (_poll_loop)] [华隆_Small] 请求开始 url=http://hua-rong-desktop.tail7dfac8.ts.net:5011/api/folders/Small_To_Remember/count
06:23:07.890830 [Thread-16 (_poll_loop)] [融富府-Smalll_To_Remember] 请求开始 url=http://127.0.0.1:5011/api/folders/Small_To_Remember/count
06:23:07.908940 [Thread-16 (_poll_loop)] [融富府-Smalll_To_Remember] 请求成功 耗时=0.018s count=49
06:23:07.931906 [Thread-16 (_poll_loop)] [融富府-Smalll_To_Remember] 图标/标题已更新,更新本身耗时=0.022s
06:23:07.955596 [Thread-7 (_poll_loop)] [华隆_Small] 请求成功 耗时=0.204s count=21
06:23:07.972383 [Thread-7 (_poll_loop)] [华隆_Small] 图标/标题已更新,更新本身耗时=0.016s
06:23:37.299664 [Thread-10 (_poll_loop)] [融富府-ToDo] 请求开始 url=http://192.168.2.56:5011/api/folders/ToDo/count
06:23:37.305933 [Thread-10 (_poll_loop)] [融富府-ToDo] 请求成功 耗时=0.006s count=0
06:23:37.327354 [Thread-10 (_poll_loop)] [融富府-ToDo] 图标/标题已更新,更新本身耗时=0.021s
06:23:37.392786 [Thread-1 (_poll_loop)] [华隆-ToDo] 请求开始 url=http://hua-rong-desktop.tail7dfac8.ts.net:5011/api/folders/ToDo/count
06:23:37.604914 [Thread-1 (_poll_loop)] [华隆-ToDo] 请求成功 耗时=0.212s count=0
06:23:37.609458 [Thread-13 (_poll_loop)] [融富府] 请求开始 url=http://192.168.2.56:5011/api/folders/Large_To_Remember/count
06:23:37.633306 [Thread-13 (_poll_loop)] [融富府] 请求成功 耗时=0.024s count=312
06:23:37.641823 [Thread-1 (_poll_loop)] [华隆-ToDo] 图标/标题已更新,更新本身耗时=0.036s
06:23:37.658695 [Thread-13 (_poll_loop)] [融富府] 图标/标题已更新,更新本身耗时=0.024s
06:23:37.702124 [Thread-4 (_poll_loop)] [华隆-Large] 请求开始 url=http://hua-rong-desktop.tail7dfac8.ts.net:5011/api/folders/Large_To_Remember/count
06:23:37.933133 [Thread-4 (_poll_loop)] [华隆-Large] 请求成功 耗时=0.230s count=7
06:23:37.933133 [Thread-16 (_poll_loop)] [融富府-Smalll_To_Remember] 请求开始 url=http://127.0.0.1:5011/api/folders/Small_To_Remember/count
06:23:37.947757 [Thread-16 (_poll_loop)] [融富府-Smalll_To_Remember] 请求成功 耗时=0.015s count=49
06:23:37.971187 [Thread-4 (_poll_loop)] [华隆-Large] 图标/标题已更新,更新本身耗时=0.037s
06:23:37.979186 [Thread-7 (_poll_loop)] [华隆_Small] 请求开始 url=http://hua-rong-desktop.tail7dfac8.ts.net:5011/api/folders/Small_To_Remember/count
06:23:37.980288 [Thread-16 (_poll_loop)] [融富府-Smalll_To_Remember] 图标/标题已更新,更新本身耗时=0.031s
06:23:38.181334 [Thread-7 (_poll_loop)] [华隆_Small] 请求成功 耗时=0.202s count=21
06:23:38.203576 [Thread-7 (_poll_loop)] [华隆_Small] 图标/标题已更新,更新本身耗时=0.022s
06:24:07.333031 [Thread-10 (_poll_loop)] [融富府-ToDo] 请求开始 url=http://192.168.2.56:5011/api/folders/ToDo/count
06:24:07.340433 [Thread-10 (_poll_loop)] [融富府-ToDo] 请求成功 耗时=0.007s count=0
06:24:07.366370 [Thread-10 (_poll_loop)] [融富府-ToDo] 图标/标题已更新,更新本身耗时=0.025s
06:24:07.642080 [Thread-1 (_poll_loop)] [华隆-ToDo] 请求开始 url=http://hua-rong-desktop.tail7dfac8.ts.net:5011/api/folders/ToDo/count
06:24:07.672872 [Thread-13 (_poll_loop)] [融富府] 请求开始 url=http://192.168.2.56:5011/api/folders/Large_To_Remember/count
06:24:07.692982 [Thread-13 (_poll_loop)] [融富府] 请求成功 耗时=0.020s count=312
06:24:07.715122 [Thread-13 (_poll_loop)] [融富府] 图标/标题已更新,更新本身耗时=0.022s
06:24:07.848023 [Thread-1 (_poll_loop)] [华隆-ToDo] 请求成功 耗时=0.206s count=0
06:24:07.874668 [Thread-1 (_poll_loop)] [华隆-ToDo] 图标/标题已更新,更新本身耗时=0.025s
06:24:07.983317 [Thread-4 (_poll_loop)] [华隆-Large] 请求开始 url=http://hua-rong-desktop.tail7dfac8.ts.net:5011/api/folders/Large_To_Remember/count
06:24:07.983317 [Thread-16 (_poll_loop)] [融富府-Smalll_To_Remember] 请求开始 url=http://127.0.0.1:5011/api/folders/Small_To_Remember/count
06:24:07.994354 [Thread-16 (_poll_loop)] [融富府-Smalll_To_Remember] 请求成功 耗时=0.011s count=49
06:24:08.034041 [Thread-16 (_poll_loop)] [融富府-Smalll_To_Remember] 图标/标题已更新,更新本身耗时=0.038s
06:24:08.203859 [Thread-4 (_poll_loop)] [华隆-Large] 请求成功 耗时=0.221s count=7
06:24:08.216085 [Thread-7 (_poll_loop)] [华隆_Small] 请求开始 url=http://hua-rong-desktop.tail7dfac8.ts.net:5011/api/folders/Small_To_Remember/count
06:24:08.225758 [Thread-4 (_poll_loop)] [华隆-Large] 图标/标题已更新,更新本身耗时=0.021s
06:24:08.420891 [Thread-7 (_poll_loop)] [华隆_Small] 请求成功 耗时=0.205s count=21
06:24:08.442356 [Thread-7 (_poll_loop)] [华隆_Small] 图标/标题已更新,更新本身耗时=0.021s
06:24:37.376232 [Thread-10 (_poll_loop)] [融富府-ToDo] 请求开始 url=http://192.168.2.56:5011/api/folders/ToDo/count
06:24:37.382802 [Thread-10 (_poll_loop)] [融富府-ToDo] 请求成功 耗时=0.007s count=0
06:24:37.403008 [Thread-10 (_poll_loop)] [融富府-ToDo] 图标/标题已更新,更新本身耗时=0.019s
06:24:37.718796 [Thread-13 (_poll_loop)] [融富府] 请求开始 url=http://192.168.2.56:5011/api/folders/Large_To_Remember/count
06:24:37.733411 [Thread-13 (_poll_loop)] [融富府] 请求成功 耗时=0.015s count=312
06:24:37.760077 [Thread-13 (_poll_loop)] [融富府] 图标/标题已更新,更新本身耗时=0.027s
06:24:37.889960 [Thread-1 (_poll_loop)] [华隆-ToDo] 请求开始 url=http://hua-rong-desktop.tail7dfac8.ts.net:5011/api/folders/ToDo/count
06:24:38.044982 [Thread-16 (_poll_loop)] [融富府-Smalll_To_Remember] 请求开始 url=http://127.0.0.1:5011/api/folders/Small_To_Remember/count
06:24:38.062608 [Thread-16 (_poll_loop)] [融富府-Smalll_To_Remember] 请求成功 耗时=0.018s count=49
06:24:38.091142 [Thread-16 (_poll_loop)] [融富府-Smalll_To_Remember] 图标/标题已更新,更新本身耗时=0.029s
06:24:38.117250 [Thread-1 (_poll_loop)] [华隆-ToDo] 请求成功 耗时=0.227s count=0
06:24:38.141636 [Thread-1 (_poll_loop)] [华隆-ToDo] 图标/标题已更新,更新本身耗时=0.024s
06:24:38.231714 [Thread-4 (_poll_loop)] [华隆-Large] 请求开始 url=http://hua-rong-desktop.tail7dfac8.ts.net:5011/api/folders/Large_To_Remember/count
06:24:38.451272 [Thread-7 (_poll_loop)] [华隆_Small] 请求开始 url=http://hua-rong-desktop.tail7dfac8.ts.net:5011/api/folders/Small_To_Remember/count
06:24:38.457063 [Thread-4 (_poll_loop)] [华隆-Large] 请求成功 耗时=0.225s count=7
06:24:38.473572 [Thread-4 (_poll_loop)] [华隆-Large] 图标/标题已更新,更新本身耗时=0.016s
06:24:38.674988 [Thread-7 (_poll_loop)] [华隆_Small] 请求成功 耗时=0.224s count=21
06:24:38.695658 [Thread-7 (_poll_loop)] [华隆_Small] 图标/标题已更新,更新本身耗时=0.020s
06:25:07.406819 [Thread-10 (_poll_loop)] [融富府-ToDo] 请求开始 url=http://192.168.2.56:5011/api/folders/ToDo/count
06:25:07.424536 [Thread-10 (_poll_loop)] [融富府-ToDo] 请求成功 耗时=0.018s count=0
06:25:07.452290 [Thread-10 (_poll_loop)] [融富府-ToDo] 图标/标题已更新,更新本身耗时=0.028s
06:25:07.763441 [Thread-13 (_poll_loop)] [融富府] 请求开始 url=http://192.168.2.56:5011/api/folders/Large_To_Remember/count
06:25:07.787523 [Thread-13 (_poll_loop)] [融富府] 请求成功 耗时=0.024s count=312
06:25:07.819650 [Thread-13 (_poll_loop)] [融富府] 图标/标题已更新,更新本身耗时=0.031s
06:25:08.092878 [Thread-16 (_poll_loop)] [融富府-Smalll_To_Remember] 请求开始 url=http://127.0.0.1:5011/api/folders/Small_To_Remember/count
06:25:08.112610 [Thread-16 (_poll_loop)] [融富府-Smalll_To_Remember] 请求成功 耗时=0.020s count=49
06:25:08.134858 [Thread-16 (_poll_loop)] [融富府-Smalll_To_Remember] 图标/标题已更新,更新本身耗时=0.021s
06:25:08.155932 [Thread-1 (_poll_loop)] [华隆-ToDo] 请求开始 url=http://hua-rong-desktop.tail7dfac8.ts.net:5011/api/folders/ToDo/count
06:25:08.368961 [Thread-1 (_poll_loop)] [华隆-ToDo] 请求成功 耗时=0.213s count=0
06:25:08.393053 [Thread-1 (_poll_loop)] [华隆-ToDo] 图标/标题已更新,更新本身耗时=0.023s
06:25:08.482301 [Thread-4 (_poll_loop)] [华隆-Large] 请求开始 url=http://hua-rong-desktop.tail7dfac8.ts.net:5011/api/folders/Large_To_Remember/count
06:25:08.678874 [Thread-4 (_poll_loop)] [华隆-Large] 请求成功 耗时=0.197s count=7
06:25:08.698591 [Thread-7 (_poll_loop)] [华隆_Small] 请求开始 url=http://hua-rong-desktop.tail7dfac8.ts.net:5011/api/folders/Small_To_Remember/count
06:25:08.703659 [Thread-4 (_poll_loop)] [华隆-Large] 图标/标题已更新,更新本身耗时=0.024s
06:25:08.912725 [Thread-7 (_poll_loop)] [华隆_Small] 请求成功 耗时=0.214s count=21
06:25:08.934513 [Thread-7 (_poll_loop)] [华隆_Small] 图标/标题已更新,更新本身耗时=0.021s
06:25:37.460953 [Thread-10 (_poll_loop)] [融富府-ToDo] 请求开始 url=http://192.168.2.56:5011/api/folders/ToDo/count
06:25:37.467280 [Thread-10 (_poll_loop)] [融富府-ToDo] 请求成功 耗时=0.006s count=0
06:25:37.485877 [Thread-10 (_poll_loop)] [融富府-ToDo] 图标/标题已更新,更新本身耗时=0.019s
06:25:37.834012 [Thread-13 (_poll_loop)] [融富府] 请求开始 url=http://192.168.2.56:5011/api/folders/Large_To_Remember/count
06:25:37.855642 [Thread-13 (_poll_loop)] [融富府] 请求成功 耗时=0.022s count=312
06:25:37.877040 [Thread-13 (_poll_loop)] [融富府] 图标/标题已更新,更新本身耗时=0.020s
06:25:38.144446 [Thread-16 (_poll_loop)] [融富府-Smalll_To_Remember] 请求开始 url=http://127.0.0.1:5011/api/folders/Small_To_Remember/count
06:25:38.165677 [Thread-16 (_poll_loop)] [融富府-Smalll_To_Remember] 请求成功 耗时=0.021s count=49
06:25:38.194640 [Thread-16 (_poll_loop)] [融富府-Smalll_To_Remember] 图标/标题已更新,更新本身耗时=0.029s
06:25:38.393648 [Thread-1 (_poll_loop)] [华隆-ToDo] 请求开始 url=http://hua-rong-desktop.tail7dfac8.ts.net:5011/api/folders/ToDo/count
06:25:38.606163 [Thread-1 (_poll_loop)] [华隆-ToDo] 请求成功 耗时=0.213s count=0
06:25:38.639270 [Thread-1 (_poll_loop)] [华隆-ToDo] 图标/标题已更新,更新本身耗时=0.033s
06:25:38.704678 [Thread-4 (_poll_loop)] [华隆-Large] 请求开始 url=http://hua-rong-desktop.tail7dfac8.ts.net:5011/api/folders/Large_To_Remember/count
06:25:38.916574 [Thread-4 (_poll_loop)] [华隆-Large] 请求成功 耗时=0.212s count=7
06:25:38.937457 [Thread-4 (_poll_loop)] [华隆-Large] 图标/标题已更新,更新本身耗时=0.020s
06:25:38.938463 [Thread-7 (_poll_loop)] [华隆_Small] 请求开始 url=http://hua-rong-desktop.tail7dfac8.ts.net:5011/api/folders/Small_To_Remember/count
06:25:39.164821 [Thread-7 (_poll_loop)] [华隆_Small] 请求成功 耗时=0.226s count=21
06:25:39.183160 [Thread-7 (_poll_loop)] [华隆_Small] 图标/标题已更新,更新本身耗时=0.018s
06:28:15.352566 [MainThread] === tray_app 启动,配置里有 6 个图标 ===
06:28:15.352566 [MainThread] 准备添加图标 name=华隆-ToDo url=http://hua-rong-desktop.tail7dfac8.ts.net:5011/api/folders/ToDo/count
06:28:15.354569 [MainThread] [华隆-ToDo] start() 被调用,准备起 icon.run() 线程和轮询线程
06:28:15.355987 [Thread-2 (_run_icon_debug)] [华隆-ToDo] icon.run() 线程已启动,进入 pystray 消息循环
06:28:15.355987 [Thread-1 (_poll_loop)] [华隆-ToDo] 请求开始 url=http://hua-rong-desktop.tail7dfac8.ts.net:5011/api/folders/ToDo/count
06:28:15.656933 [MainThread] 准备添加图标 name=华隆-Large url=http://hua-rong-desktop.tail7dfac8.ts.net:5011/api/folders/Large_To_Remember/count
06:28:15.659963 [MainThread] [华隆-Large] start() 被调用,准备起 icon.run() 线程和轮询线程
06:28:15.659963 [Thread-5 (_run_icon_debug)] [华隆-Large] icon.run() 线程已启动,进入 pystray 消息循环
06:28:15.661835 [Thread-4 (_poll_loop)] [华隆-Large] 请求开始 url=http://hua-rong-desktop.tail7dfac8.ts.net:5011/api/folders/Large_To_Remember/count
06:28:15.687040 [Thread-1 (_poll_loop)] [华隆-ToDo] 请求成功 耗时=0.331s count=0
06:28:15.704392 [Thread-1 (_poll_loop)] [华隆-ToDo] 图标/标题已更新,更新本身耗时=0.017s
06:28:15.871785 [Thread-4 (_poll_loop)] [华隆-Large] 请求成功 耗时=0.210s count=7
06:28:15.888812 [Thread-4 (_poll_loop)] [华隆-Large] 图标/标题已更新,更新本身耗时=0.017s
06:28:15.962855 [MainThread] 准备添加图标 name=华隆_Small url=http://hua-rong-desktop.tail7dfac8.ts.net:5011/api/folders/Small_To_Remember/count
06:28:15.964367 [MainThread] [华隆_Small] start() 被调用,准备起 icon.run() 线程和轮询线程
06:28:15.964367 [Thread-8 (_run_icon_debug)] [华隆_Small] icon.run() 线程已启动,进入 pystray 消息循环
06:28:15.965374 [Thread-7 (_poll_loop)] [华隆_Small] 请求开始 url=http://hua-rong-desktop.tail7dfac8.ts.net:5011/api/folders/Small_To_Remember/count
06:28:16.170341 [Thread-7 (_poll_loop)] [华隆_Small] 请求成功 耗时=0.205s count=21
06:28:16.187879 [Thread-7 (_poll_loop)] [华隆_Small] 图标/标题已更新,更新本身耗时=0.017s
06:28:16.265601 [MainThread] 准备添加图标 name=融富府-ToDo url=http://192.168.2.56:5011/api/folders/ToDo/count
06:28:16.269039 [MainThread] [融富府-ToDo] start() 被调用,准备起 icon.run() 线程和轮询线程
06:28:16.270051 [Thread-11 (_run_icon_debug)] [融富府-ToDo] icon.run() 线程已启动,进入 pystray 消息循环
06:28:16.270051 [Thread-10 (_poll_loop)] [融富府-ToDo] 请求开始 url=http://192.168.2.56:5011/api/folders/ToDo/count
06:28:16.276965 [Thread-10 (_poll_loop)] [融富府-ToDo] 请求成功 耗时=0.007s count=0
06:28:16.278973 [Thread-10 (_poll_loop)] [融富府-ToDo] 图标/标题已更新,更新本身耗时=0.002s
06:28:16.575948 [MainThread] 准备添加图标 name=融富府 url=http://192.168.2.56:5011/api/folders/Large_To_Remember/count
06:28:16.580150 [MainThread] [融富府] start() 被调用,准备起 icon.run() 线程和轮询线程
06:28:16.582148 [Thread-14 (_run_icon_debug)] [融富府] icon.run() 线程已启动,进入 pystray 消息循环
06:28:16.582148 [Thread-13 (_poll_loop)] [融富府] 请求开始 url=http://192.168.2.56:5011/api/folders/Large_To_Remember/count
06:28:16.604775 [Thread-13 (_poll_loop)] [融富府] 请求成功 耗时=0.023s count=312
06:28:16.607293 [Thread-13 (_poll_loop)] [融富府] 图标/标题已更新,更新本身耗时=0.003s
06:28:16.883085 [MainThread] 准备添加图标 name=融富府-Smalll_To_Remember url=http://127.0.0.1:5011/api/folders/Small_To_Remember/count
06:28:16.890104 [MainThread] [融富府-Smalll_To_Remember] start() 被调用,准备起 icon.run() 线程和轮询线程
06:28:16.890104 [Thread-17 (_run_icon_debug)] [融富府-Smalll_To_Remember] icon.run() 线程已启动,进入 pystray 消息循环
06:28:16.891102 [Thread-16 (_poll_loop)] [融富府-Smalll_To_Remember] 请求开始 url=http://127.0.0.1:5011/api/folders/Small_To_Remember/count
06:28:16.891102 [MainThread] 所有图标已添加完毕(各自的 icon.run()/轮询线程已经在后台起来了)
06:28:16.907298 [Thread-16 (_poll_loop)] [融富府-Smalll_To_Remember] 请求成功 耗时=0.016s count=49
06:28:16.908216 [MainThread] _autostart_proxies() 完成,准备起主图标线程
06:28:16.915282 [Thread-16 (_poll_loop)] [融富府-Smalll_To_Remember] 图标/标题已更新,更新本身耗时=0.007s
06:28:45.707687 [Thread-1 (_poll_loop)] [华隆-ToDo] 请求开始 url=http://hua-rong-desktop.tail7dfac8.ts.net:5011/api/folders/ToDo/count
06:28:45.893732 [Thread-4 (_poll_loop)] [华隆-Large] 请求开始 url=http://hua-rong-desktop.tail7dfac8.ts.net:5011/api/folders/Large_To_Remember/count
06:28:45.903020 [Thread-1 (_poll_loop)] [华隆-ToDo] 请求成功 耗时=0.195s count=0
06:28:45.927064 [Thread-1 (_poll_loop)] [华隆-ToDo] 图标/标题已更新,更新本身耗时=0.024s
06:28:46.088610 [Thread-4 (_poll_loop)] [华隆-Large] 请求成功 耗时=0.195s count=7
06:28:46.105169 [Thread-4 (_poll_loop)] [华隆-Large] 图标/标题已更新,更新本身耗时=0.016s
06:28:46.203322 [Thread-7 (_poll_loop)] [华隆_Small] 请求开始 url=http://hua-rong-desktop.tail7dfac8.ts.net:5011/api/folders/Small_To_Remember/count
06:28:46.281192 [Thread-10 (_poll_loop)] [融富府-ToDo] 请求开始 url=http://192.168.2.56:5011/api/folders/ToDo/count
06:28:46.299723 [Thread-10 (_poll_loop)] [融富府-ToDo] 请求成功 耗时=0.019s count=0
06:28:46.328539 [Thread-10 (_poll_loop)] [融富府-ToDo] 图标/标题已更新,更新本身耗时=0.028s
06:28:46.396731 [Thread-7 (_poll_loop)] [华隆_Small] 请求成功 耗时=0.193s count=21
06:28:46.420029 [Thread-7 (_poll_loop)] [华隆_Small] 图标/标题已更新,更新本身耗时=0.023s
06:28:46.609031 [Thread-13 (_poll_loop)] [融富府] 请求开始 url=http://192.168.2.56:5011/api/folders/Large_To_Remember/count
06:28:46.650341 [Thread-13 (_poll_loop)] [融富府] 请求成功 耗时=0.041s count=312
06:28:46.672668 [Thread-13 (_poll_loop)] [融富府] 图标/标题已更新,更新本身耗时=0.022s
06:28:46.921793 [Thread-16 (_poll_loop)] [融富府-Smalll_To_Remember] 请求开始 url=http://127.0.0.1:5011/api/folders/Small_To_Remember/count
06:28:46.946474 [Thread-16 (_poll_loop)] [融富府-Smalll_To_Remember] 请求成功 耗时=0.025s count=49
06:28:46.965484 [Thread-16 (_poll_loop)] [融富府-Smalll_To_Remember] 图标/标题已更新,更新本身耗时=0.019s
06:29:15.929870 [Thread-1 (_poll_loop)] [华隆-ToDo] 请求开始 url=http://hua-rong-desktop.tail7dfac8.ts.net:5011/api/folders/ToDo/count
06:29:16.114693 [Thread-4 (_poll_loop)] [华隆-Large] 请求开始 url=http://hua-rong-desktop.tail7dfac8.ts.net:5011/api/folders/Large_To_Remember/count
06:29:16.129076 [Thread-1 (_poll_loop)] [华隆-ToDo] 请求成功 耗时=0.199s count=0
06:29:16.147103 [Thread-1 (_poll_loop)] [华隆-ToDo] 图标/标题已更新,更新本身耗时=0.017s
06:29:16.322150 [Thread-4 (_poll_loop)] [华隆-Large] 请求成功 耗时=0.207s count=7
06:29:16.332242 [Thread-10 (_poll_loop)] [融富府-ToDo] 请求开始 url=http://192.168.2.56:5011/api/folders/ToDo/count
06:29:16.335433 [Thread-10 (_poll_loop)] [融富府-ToDo] 请求成功 耗时=0.003s count=0
06:29:16.343495 [Thread-4 (_poll_loop)] [华隆-Large] 图标/标题已更新,更新本身耗时=0.021s
06:29:16.352493 [Thread-10 (_poll_loop)] [融富府-ToDo] 图标/标题已更新,更新本身耗时=0.017s
06:29:16.425314 [Thread-7 (_poll_loop)] [华隆_Small] 请求开始 url=http://hua-rong-desktop.tail7dfac8.ts.net:5011/api/folders/Small_To_Remember/count
06:29:16.647350 [Thread-7 (_poll_loop)] [华隆_Small] 请求成功 耗时=0.222s count=21
06:29:16.667666 [Thread-7 (_poll_loop)] [华隆_Small] 图标/标题已更新,更新本身耗时=0.019s
06:29:16.674657 [Thread-13 (_poll_loop)] [融富府] 请求开始 url=http://192.168.2.56:5011/api/folders/Large_To_Remember/count
06:29:16.709185 [Thread-13 (_poll_loop)] [融富府] 请求成功 耗时=0.035s count=312
06:29:16.736410 [Thread-13 (_poll_loop)] [融富府] 图标/标题已更新,更新本身耗时=0.026s
06:29:16.969628 [Thread-16 (_poll_loop)] [融富府-Smalll_To_Remember] 请求开始 url=http://127.0.0.1:5011/api/folders/Small_To_Remember/count
06:29:16.994113 [Thread-16 (_poll_loop)] [融富府-Smalll_To_Remember] 请求成功 耗时=0.024s count=49
06:29:17.019345 [Thread-16 (_poll_loop)] [融富府-Smalll_To_Remember] 图标/标题已更新,更新本身耗时=0.025s
06:29:46.156906 [Thread-1 (_poll_loop)] [华隆-ToDo] 请求开始 url=http://hua-rong-desktop.tail7dfac8.ts.net:5011/api/folders/ToDo/count
06:29:46.358186 [Thread-10 (_poll_loop)] [融富府-ToDo] 请求开始 url=http://192.168.2.56:5011/api/folders/ToDo/count
06:29:46.358186 [Thread-4 (_poll_loop)] [华隆-Large] 请求开始 url=http://hua-rong-desktop.tail7dfac8.ts.net:5011/api/folders/Large_To_Remember/count
06:29:46.362748 [Thread-1 (_poll_loop)] [华隆-ToDo] 请求成功 耗时=0.206s count=0
06:29:46.364771 [Thread-10 (_poll_loop)] [融富府-ToDo] 请求成功 耗时=0.007s count=0
06:29:46.385710 [Thread-1 (_poll_loop)] [华隆-ToDo] 图标/标题已更新,更新本身耗时=0.021s
06:29:46.387271 [Thread-10 (_poll_loop)] [融富府-ToDo] 图标/标题已更新,更新本身耗时=0.022s
06:29:46.564471 [Thread-4 (_poll_loop)] [华隆-Large] 请求成功 耗时=0.206s count=7
06:29:46.582718 [Thread-4 (_poll_loop)] [华隆-Large] 图标/标题已更新,更新本身耗时=0.018s
06:29:46.682454 [Thread-7 (_poll_loop)] [华隆_Small] 请求开始 url=http://hua-rong-desktop.tail7dfac8.ts.net:5011/api/folders/Small_To_Remember/count
06:29:46.744125 [Thread-13 (_poll_loop)] [融富府] 请求开始 url=http://192.168.2.56:5011/api/folders/Large_To_Remember/count
06:29:46.770880 [Thread-13 (_poll_loop)] [融富府] 请求成功 耗时=0.027s count=312
06:29:46.792212 [Thread-13 (_poll_loop)] [融富府] 图标/标题已更新,更新本身耗时=0.020s
06:29:46.938952 [Thread-7 (_poll_loop)] [华隆_Small] 请求成功 耗时=0.256s count=21
06:29:46.959292 [Thread-7 (_poll_loop)] [华隆_Small] 图标/标题已更新,更新本身耗时=0.019s
06:29:47.023033 [Thread-16 (_poll_loop)] [融富府-Smalll_To_Remember] 请求开始 url=http://127.0.0.1:5011/api/folders/Small_To_Remember/count
06:29:47.042615 [Thread-16 (_poll_loop)] [融富府-Smalll_To_Remember] 请求成功 耗时=0.020s count=49
06:29:47.065278 [Thread-16 (_poll_loop)] [融富府-Smalll_To_Remember] 图标/标题已更新,更新本身耗时=0.022s
06:30:16.400669 [Thread-10 (_poll_loop)] [融富府-ToDo] 请求开始 url=http://192.168.2.56:5011/api/folders/ToDo/count
06:30:16.400669 [Thread-1 (_poll_loop)] [华隆-ToDo] 请求开始 url=http://hua-rong-desktop.tail7dfac8.ts.net:5011/api/folders/ToDo/count
06:30:16.403479 [Thread-10 (_poll_loop)] [融富府-ToDo] 请求成功 耗时=0.003s count=0
06:30:16.424153 [Thread-10 (_poll_loop)] [融富府-ToDo] 图标/标题已更新,更新本身耗时=0.020s
06:30:16.586360 [Thread-4 (_poll_loop)] [华隆-Large] 请求开始 url=http://hua-rong-desktop.tail7dfac8.ts.net:5011/api/folders/Large_To_Remember/count
06:30:16.606237 [Thread-1 (_poll_loop)] [华隆-ToDo] 请求成功 耗时=0.206s count=0
06:30:16.623349 [Thread-1 (_poll_loop)] [华隆-ToDo] 图标/标题已更新,更新本身耗时=0.016s
06:30:16.804785 [Thread-13 (_poll_loop)] [融富府] 请求开始 url=http://192.168.2.56:5011/api/folders/Large_To_Remember/count
06:30:16.809990 [Thread-4 (_poll_loop)] [华隆-Large] 请求成功 耗时=0.224s count=7
06:30:16.827741 [Thread-13 (_poll_loop)] [融富府] 请求成功 耗时=0.023s count=312
06:30:16.836755 [Thread-4 (_poll_loop)] [华隆-Large] 图标/标题已更新,更新本身耗时=0.026s
06:30:16.848019 [Thread-13 (_poll_loop)] [融富府] 图标/标题已更新,更新本身耗时=0.020s
06:30:16.960116 [Thread-7 (_poll_loop)] [华隆_Small] 请求开始 url=http://hua-rong-desktop.tail7dfac8.ts.net:5011/api/folders/Small_To_Remember/count
06:30:17.067749 [Thread-16 (_poll_loop)] [融富府-Smalll_To_Remember] 请求开始 url=http://127.0.0.1:5011/api/folders/Small_To_Remember/count
06:30:17.091586 [Thread-16 (_poll_loop)] [融富府-Smalll_To_Remember] 请求成功 耗时=0.024s count=49
06:30:17.113640 [Thread-16 (_poll_loop)] [融富府-Smalll_To_Remember] 图标/标题已更新,更新本身耗时=0.022s
06:30:17.165476 [Thread-7 (_poll_loop)] [华隆_Small] 请求成功 耗时=0.205s count=21
06:30:17.185591 [Thread-7 (_poll_loop)] [华隆_Small] 图标/标题已更新,更新本身耗时=0.020s
06:30:46.428888 [Thread-10 (_poll_loop)] [融富府-ToDo] 请求开始 url=http://192.168.2.56:5011/api/folders/ToDo/count
06:30:46.435092 [Thread-10 (_poll_loop)] [融富府-ToDo] 请求成功 耗时=0.006s count=0
06:30:46.454267 [Thread-10 (_poll_loop)] [融富府-ToDo] 图标/标题已更新,更新本身耗时=0.018s
06:30:46.632846 [Thread-1 (_poll_loop)] [华隆-ToDo] 请求开始 url=http://hua-rong-desktop.tail7dfac8.ts.net:5011/api/folders/ToDo/count
06:30:46.849027 [Thread-1 (_poll_loop)] [华隆-ToDo] 请求成功 耗时=0.216s count=0
06:30:46.852530 [Thread-4 (_poll_loop)] [华隆-Large] 请求开始 url=http://hua-rong-desktop.tail7dfac8.ts.net:5011/api/folders/Large_To_Remember/count
06:30:46.852530 [Thread-13 (_poll_loop)] [融富府] 请求开始 url=http://192.168.2.56:5011/api/folders/Large_To_Remember/count
06:30:46.870911 [Thread-13 (_poll_loop)] [融富府] 请求成功 耗时=0.018s count=312
06:30:46.876095 [Thread-1 (_poll_loop)] [华隆-ToDo] 图标/标题已更新,更新本身耗时=0.026s
06:30:46.888350 [Thread-13 (_poll_loop)] [融富府] 图标/标题已更新,更新本身耗时=0.017s
06:30:47.050437 [Thread-4 (_poll_loop)] [华隆-Large] 请求成功 耗时=0.198s count=7
06:30:47.067093 [Thread-4 (_poll_loop)] [华隆-Large] 图标/标题已更新,更新本身耗时=0.016s
06:30:47.116368 [Thread-16 (_poll_loop)] [融富府-Smalll_To_Remember] 请求开始 url=http://127.0.0.1:5011/api/folders/Small_To_Remember/count
06:30:47.138891 [Thread-16 (_poll_loop)] [融富府-Smalll_To_Remember] 请求成功 耗时=0.023s count=49
06:30:47.157759 [Thread-16 (_poll_loop)] [融富府-Smalll_To_Remember] 图标/标题已更新,更新本身耗时=0.018s
06:30:47.192887 [Thread-7 (_poll_loop)] [华隆_Small] 请求开始 url=http://hua-rong-desktop.tail7dfac8.ts.net:5011/api/folders/Small_To_Remember/count
06:30:47.392988 [Thread-7 (_poll_loop)] [华隆_Small] 请求成功 耗时=0.200s count=21
06:30:47.413375 [Thread-7 (_poll_loop)] [华隆_Small] 图标/标题已更新,更新本身耗时=0.019s
06:31:16.455319 [Thread-10 (_poll_loop)] [融富府-ToDo] 请求开始 url=http://192.168.2.56:5011/api/folders/ToDo/count
06:31:16.458339 [Thread-10 (_poll_loop)] [融富府-ToDo] 请求成功 耗时=0.003s count=0
06:31:16.481298 [Thread-10 (_poll_loop)] [融富府-ToDo] 图标/标题已更新,更新本身耗时=0.022s
06:31:16.876682 [Thread-1 (_poll_loop)] [华隆-ToDo] 请求开始 url=http://hua-rong-desktop.tail7dfac8.ts.net:5011/api/folders/ToDo/count
06:31:16.892186 [Thread-13 (_poll_loop)] [融富府] 请求开始 url=http://192.168.2.56:5011/api/folders/Large_To_Remember/count
06:31:16.908275 [Thread-13 (_poll_loop)] [融富府] 请求成功 耗时=0.016s count=312
06:31:16.927407 [Thread-13 (_poll_loop)] [融富府] 图标/标题已更新,更新本身耗时=0.018s
06:31:17.079154 [Thread-4 (_poll_loop)] [华隆-Large] 请求开始 url=http://hua-rong-desktop.tail7dfac8.ts.net:5011/api/folders/Large_To_Remember/count
06:31:17.086546 [Thread-1 (_poll_loop)] [华隆-ToDo] 请求成功 耗时=0.210s count=0
06:31:17.103144 [Thread-1 (_poll_loop)] [华隆-ToDo] 图标/标题已更新,更新本身耗时=0.017s
06:31:17.171612 [Thread-16 (_poll_loop)] [融富府-Smalll_To_Remember] 请求开始 url=http://127.0.0.1:5011/api/folders/Small_To_Remember/count
06:31:17.178282 [Thread-16 (_poll_loop)] [融富府-Smalll_To_Remember] 请求成功 耗时=0.007s count=49
06:31:17.194874 [Thread-16 (_poll_loop)] [融富府-Smalll_To_Remember] 图标/标题已更新,更新本身耗时=0.016s
06:31:17.303664 [Thread-4 (_poll_loop)] [华隆-Large] 请求成功 耗时=0.225s count=7
06:31:17.330063 [Thread-4 (_poll_loop)] [华隆-Large] 图标/标题已更新,更新本身耗时=0.025s
06:31:17.421090 [Thread-7 (_poll_loop)] [华隆_Small] 请求开始 url=http://hua-rong-desktop.tail7dfac8.ts.net:5011/api/folders/Small_To_Remember/count
06:31:17.646008 [Thread-7 (_poll_loop)] [华隆_Small] 请求成功 耗时=0.225s count=21
06:31:17.664245 [Thread-7 (_poll_loop)] [华隆_Small] 图标/标题已更新,更新本身耗时=0.018s
06:31:46.484033 [Thread-10 (_poll_loop)] [融富府-ToDo] 请求开始 url=http://192.168.2.56:5011/api/folders/ToDo/count
06:31:46.503523 [Thread-10 (_poll_loop)] [融富府-ToDo] 请求成功 耗时=0.019s count=0
06:31:46.522211 [Thread-10 (_poll_loop)] [融富府-ToDo] 图标/标题已更新,更新本身耗时=0.019s
06:31:46.936581 [Thread-13 (_poll_loop)] [融富府] 请求开始 url=http://192.168.2.56:5011/api/folders/Large_To_Remember/count
06:31:46.947716 [Thread-13 (_poll_loop)] [融富府] 请求成功 耗时=0.011s count=312
06:31:46.969588 [Thread-13 (_poll_loop)] [融富府] 图标/标题已更新,更新本身耗时=0.022s
06:31:47.106948 [Thread-1 (_poll_loop)] [华隆-ToDo] 请求开始 url=http://hua-rong-desktop.tail7dfac8.ts.net:5011/api/folders/ToDo/count
06:31:47.200988 [Thread-16 (_poll_loop)] [融富府-Smalll_To_Remember] 请求开始 url=http://127.0.0.1:5011/api/folders/Small_To_Remember/count
06:31:47.223524 [Thread-16 (_poll_loop)] [融富府-Smalll_To_Remember] 请求成功 耗时=0.023s count=49
06:31:47.240302 [Thread-16 (_poll_loop)] [融富府-Smalll_To_Remember] 图标/标题已更新,更新本身耗时=0.017s
06:31:47.317086 [Thread-1 (_poll_loop)] [华隆-ToDo] 请求成功 耗时=0.210s count=0
06:31:47.335247 [Thread-1 (_poll_loop)] [华隆-ToDo] 图标/标题已更新,更新本身耗时=0.017s
06:31:47.340221 [Thread-4 (_poll_loop)] [华隆-Large] 请求开始 url=http://hua-rong-desktop.tail7dfac8.ts.net:5011/api/folders/Large_To_Remember/count
06:31:47.537585 [Thread-4 (_poll_loop)] [华隆-Large] 请求成功 耗时=0.197s count=7
06:31:47.557404 [Thread-4 (_poll_loop)] [华隆-Large] 图标/标题已更新,更新本身耗时=0.019s
06:31:47.665755 [Thread-7 (_poll_loop)] [华隆_Small] 请求开始 url=http://hua-rong-desktop.tail7dfac8.ts.net:5011/api/folders/Small_To_Remember/count
06:31:47.864084 [Thread-7 (_poll_loop)] [华隆_Small] 请求成功 耗时=0.198s count=21
06:31:47.882331 [Thread-7 (_poll_loop)] [华隆_Small] 图标/标题已更新,更新本身耗时=0.018s
06:32:16.524361 [Thread-10 (_poll_loop)] [融富府-ToDo] 请求开始 url=http://192.168.2.56:5011/api/folders/ToDo/count
06:32:16.526868 [Thread-10 (_poll_loop)] [融富府-ToDo] 请求成功 耗时=0.003s count=0
06:32:16.546940 [Thread-10 (_poll_loop)] [融富府-ToDo] 图标/标题已更新,更新本身耗时=0.020s
06:32:16.974493 [Thread-13 (_poll_loop)] [融富府] 请求开始 url=http://192.168.2.56:5011/api/folders/Large_To_Remember/count
06:32:16.990085 [Thread-13 (_poll_loop)] [融富府] 请求成功 耗时=0.016s count=312
06:32:17.007050 [Thread-13 (_poll_loop)] [融富府] 图标/标题已更新,更新本身耗时=0.017s
06:32:17.242408 [Thread-16 (_poll_loop)] [融富府-Smalll_To_Remember] 请求开始 url=http://127.0.0.1:5011/api/folders/Small_To_Remember/count
06:32:17.259766 [Thread-16 (_poll_loop)] [融富府-Smalll_To_Remember] 请求成功 耗时=0.017s count=49
06:32:17.282568 [Thread-16 (_poll_loop)] [融富府-Smalll_To_Remember] 图标/标题已更新,更新本身耗时=0.021s
06:32:17.351628 [Thread-1 (_poll_loop)] [华隆-ToDo] 请求开始 url=http://hua-rong-desktop.tail7dfac8.ts.net:5011/api/folders/ToDo/count
06:32:17.559636 [Thread-1 (_poll_loop)] [华隆-ToDo] 请求成功 耗时=0.208s count=0
06:32:17.571788 [Thread-4 (_poll_loop)] [华隆-Large] 请求开始 url=http://hua-rong-desktop.tail7dfac8.ts.net:5011/api/folders/Large_To_Remember/count
06:32:17.595168 [Thread-1 (_poll_loop)] [华隆-ToDo] 图标/标题已更新,更新本身耗时=0.034s
06:32:17.775403 [Thread-4 (_poll_loop)] [华隆-Large] 请求成功 耗时=0.204s count=7
06:32:17.792104 [Thread-4 (_poll_loop)] [华隆-Large] 图标/标题已更新,更新本身耗时=0.015s
06:32:17.883984 [Thread-7 (_poll_loop)] [华隆_Small] 请求开始 url=http://hua-rong-desktop.tail7dfac8.ts.net:5011/api/folders/Small_To_Remember/count
06:32:18.087225 [Thread-7 (_poll_loop)] [华隆_Small] 请求成功 耗时=0.203s count=21
06:32:18.109629 [Thread-7 (_poll_loop)] [华隆_Small] 图标/标题已更新,更新本身耗时=0.022s
06:32:46.561127 [Thread-10 (_poll_loop)] [融富府-ToDo] 请求开始 url=http://192.168.2.56:5011/api/folders/ToDo/count
06:32:46.578678 [Thread-10 (_poll_loop)] [融富府-ToDo] 请求成功 耗时=0.018s count=0
06:32:46.596090 [Thread-10 (_poll_loop)] [融富府-ToDo] 图标/标题已更新,更新本身耗时=0.017s
06:32:47.011582 [Thread-13 (_poll_loop)] [融富府] 请求开始 url=http://192.168.2.56:5011/api/folders/Large_To_Remember/count
06:32:47.020795 [Thread-13 (_poll_loop)] [融富府] 请求成功 耗时=0.009s count=312
06:32:47.038772 [Thread-13 (_poll_loop)] [融富府] 图标/标题已更新,更新本身耗时=0.018s
06:32:47.288779 [Thread-16 (_poll_loop)] [融富府-Smalll_To_Remember] 请求开始 url=http://127.0.0.1:5011/api/folders/Small_To_Remember/count
06:32:47.296695 [Thread-16 (_poll_loop)] [融富府-Smalll_To_Remember] 请求成功 耗时=0.008s count=49
06:32:47.316525 [Thread-16 (_poll_loop)] [融富府-Smalll_To_Remember] 图标/标题已更新,更新本身耗时=0.019s
06:32:47.601926 [Thread-1 (_poll_loop)] [华隆-ToDo] 请求开始 url=http://hua-rong-desktop.tail7dfac8.ts.net:5011/api/folders/ToDo/count
06:32:47.804756 [Thread-4 (_poll_loop)] [华隆-Large] 请求开始 url=http://hua-rong-desktop.tail7dfac8.ts.net:5011/api/folders/Large_To_Remember/count
06:32:47.813781 [Thread-1 (_poll_loop)] [华隆-ToDo] 请求成功 耗时=0.212s count=0
06:32:47.832846 [Thread-1 (_poll_loop)] [华隆-ToDo] 图标/标题已更新,更新本身耗时=0.019s
06:32:48.001140 [Thread-4 (_poll_loop)] [华隆-Large] 请求成功 耗时=0.196s count=7
06:32:48.018122 [Thread-4 (_poll_loop)] [华隆-Large] 图标/标题已更新,更新本身耗时=0.017s
06:32:48.116984 [Thread-7 (_poll_loop)] [华隆_Small] 请求开始 url=http://hua-rong-desktop.tail7dfac8.ts.net:5011/api/folders/Small_To_Remember/count
06:32:48.325383 [Thread-7 (_poll_loop)] [华隆_Small] 请求成功 耗时=0.208s count=21
06:32:48.345758 [Thread-7 (_poll_loop)] [华隆_Small] 图标/标题已更新,更新本身耗时=0.020s
06:33:16.678038 [Thread-10 (_poll_loop)] [融富府-ToDo] 请求开始 url=http://192.168.2.56:5011/api/folders/ToDo/count
06:33:16.737400 [Thread-10 (_poll_loop)] [融富府-ToDo] 请求成功 耗时=0.059s count=0
06:33:16.856861 [Thread-10 (_poll_loop)] [融富府-ToDo] 图标/标题已更新,更新本身耗时=0.116s
06:33:17.044488 [Thread-13 (_poll_loop)] [融富府] 请求开始 url=http://192.168.2.56:5011/api/folders/Large_To_Remember/count
06:33:17.353210 [Thread-16 (_poll_loop)] [融富府-Smalll_To_Remember] 请求开始 url=http://127.0.0.1:5011/api/folders/Small_To_Remember/count
06:33:17.464826 [Thread-13 (_poll_loop)] [融富府] 请求成功 耗时=0.420s count=312
06:33:17.549757 [Thread-13 (_poll_loop)] [融富府] 图标/标题已更新,更新本身耗时=0.085s
06:33:17.579300 [Thread-16 (_poll_loop)] [融富府-Smalll_To_Remember] 请求成功 耗时=0.226s count=49
06:33:17.611870 [Thread-16 (_poll_loop)] [融富府-Smalll_To_Remember] 图标/标题已更新,更新本身耗时=0.033s
06:33:17.846175 [Thread-1 (_poll_loop)] [华隆-ToDo] 请求开始 url=http://hua-rong-desktop.tail7dfac8.ts.net:5011/api/folders/ToDo/count
06:33:18.032499 [Thread-4 (_poll_loop)] [华隆-Large] 请求开始 url=http://hua-rong-desktop.tail7dfac8.ts.net:5011/api/folders/Large_To_Remember/count
06:33:18.198852 [Thread-1 (_poll_loop)] [华隆-ToDo] 请求成功 耗时=0.353s count=0
06:33:18.314820 [Thread-1 (_poll_loop)] [华隆-ToDo] 图标/标题已更新,更新本身耗时=0.115s
06:33:18.332133 [Thread-4 (_poll_loop)] [华隆-Large] 请求成功 耗时=0.300s count=7
06:33:18.361660 [Thread-7 (_poll_loop)] [华隆_Small] 请求开始 url=http://hua-rong-desktop.tail7dfac8.ts.net:5011/api/folders/Small_To_Remember/count
06:33:18.467589 [Thread-4 (_poll_loop)] [华隆-Large] 图标/标题已更新,更新本身耗时=0.135s
06:33:18.585861 [Thread-7 (_poll_loop)] [华隆_Small] 请求成功 耗时=0.224s count=21
06:33:18.670326 [Thread-7 (_poll_loop)] [华隆_Small] 图标/标题已更新,更新本身耗时=0.084s
06:33:46.863872 [Thread-10 (_poll_loop)] [融富府-ToDo] 请求开始 url=http://192.168.2.56:5011/api/folders/ToDo/count
06:33:46.874435 [Thread-10 (_poll_loop)] [融富府-ToDo] 请求成功 耗时=0.011s count=0
06:33:46.919742 [Thread-10 (_poll_loop)] [融富府-ToDo] 图标/标题已更新,更新本身耗时=0.044s
06:33:47.565426 [Thread-13 (_poll_loop)] [融富府] 请求开始 url=http://192.168.2.56:5011/api/folders/Large_To_Remember/count
06:33:47.575470 [Thread-13 (_poll_loop)] [融富府] 请求成功 耗时=0.010s count=312
06:33:47.604684 [Thread-13 (_poll_loop)] [融富府] 图标/标题已更新,更新本身耗时=0.028s
06:33:47.613186 [Thread-16 (_poll_loop)] [融富府-Smalll_To_Remember] 请求开始 url=http://127.0.0.1:5011/api/folders/Small_To_Remember/count
06:33:47.616196 [Thread-16 (_poll_loop)] [融富府-Smalll_To_Remember] 请求成功 耗时=0.003s count=49
06:33:47.634046 [Thread-16 (_poll_loop)] [融富府-Smalll_To_Remember] 图标/标题已更新,更新本身耗时=0.018s
06:33:48.328975 [Thread-1 (_poll_loop)] [华隆-ToDo] 请求开始 url=http://hua-rong-desktop.tail7dfac8.ts.net:5011/api/folders/ToDo/count
06:33:48.468985 [Thread-4 (_poll_loop)] [华隆-Large] 请求开始 url=http://hua-rong-desktop.tail7dfac8.ts.net:5011/api/folders/Large_To_Remember/count
06:33:48.540487 [Thread-1 (_poll_loop)] [华隆-ToDo] 请求成功 耗时=0.212s count=0
06:33:48.562243 [Thread-1 (_poll_loop)] [华隆-ToDo] 图标/标题已更新,更新本身耗时=0.020s
06:33:48.686056 [Thread-7 (_poll_loop)] [华隆_Small] 请求开始 url=http://hua-rong-desktop.tail7dfac8.ts.net:5011/api/folders/Small_To_Remember/count
06:33:48.693362 [Thread-4 (_poll_loop)] [华隆-Large] 请求成功 耗时=0.224s count=7
06:33:48.722574 [Thread-4 (_poll_loop)] [华隆-Large] 图标/标题已更新,更新本身耗时=0.029s
06:33:48.895615 [Thread-7 (_poll_loop)] [华隆_Small] 请求成功 耗时=0.210s count=21
06:33:48.912964 [Thread-7 (_poll_loop)] [华隆_Small] 图标/标题已更新,更新本身耗时=0.017s
06:34:16.931737 [Thread-10 (_poll_loop)] [融富府-ToDo] 请求开始 url=http://192.168.2.56:5011/api/folders/ToDo/count
06:34:16.935288 [Thread-10 (_poll_loop)] [融富府-ToDo] 请求成功 耗时=0.004s count=0
06:34:16.954427 [Thread-10 (_poll_loop)] [融富府-ToDo] 图标/标题已更新,更新本身耗时=0.019s
06:34:17.617263 [Thread-13 (_poll_loop)] [融富府] 请求开始 url=http://192.168.2.56:5011/api/folders/Large_To_Remember/count
06:34:17.644934 [Thread-13 (_poll_loop)] [融富府] 请求成功 耗时=0.028s count=312
06:34:17.648938 [Thread-16 (_poll_loop)] [融富府-Smalll_To_Remember] 请求开始 url=http://127.0.0.1:5011/api/folders/Small_To_Remember/count
06:34:17.663355 [Thread-13 (_poll_loop)] [融富府] 图标/标题已更新,更新本身耗时=0.018s
06:34:17.666356 [Thread-16 (_poll_loop)] [融富府-Smalll_To_Remember] 请求成功 耗时=0.017s count=49
06:34:17.683724 [Thread-16 (_poll_loop)] [融富府-Smalll_To_Remember] 图标/标题已更新,更新本身耗时=0.017s
06:34:18.566031 [Thread-1 (_poll_loop)] [华隆-ToDo] 请求开始 url=http://hua-rong-desktop.tail7dfac8.ts.net:5011/api/folders/ToDo/count
06:34:18.736407 [Thread-4 (_poll_loop)] [华隆-Large] 请求开始 url=http://hua-rong-desktop.tail7dfac8.ts.net:5011/api/folders/Large_To_Remember/count
06:34:18.768721 [Thread-1 (_poll_loop)] [华隆-ToDo] 请求成功 耗时=0.203s count=0
06:34:18.786775 [Thread-1 (_poll_loop)] [华隆-ToDo] 图标/标题已更新,更新本身耗时=0.016s
06:34:18.922311 [Thread-7 (_poll_loop)] [华隆_Small] 请求开始 url=http://hua-rong-desktop.tail7dfac8.ts.net:5011/api/folders/Small_To_Remember/count
06:34:18.941574 [Thread-4 (_poll_loop)] [华隆-Large] 请求成功 耗时=0.205s count=7
06:34:18.956813 [Thread-4 (_poll_loop)] [华隆-Large] 图标/标题已更新,更新本身耗时=0.015s
06:34:19.125496 [Thread-7 (_poll_loop)] [华隆_Small] 请求成功 耗时=0.203s count=21
06:34:19.146239 [Thread-7 (_poll_loop)] [华隆_Small] 图标/标题已更新,更新本身耗时=0.020s
06:34:46.968852 [Thread-10 (_poll_loop)] [融富府-ToDo] 请求开始 url=http://192.168.2.56:5011/api/folders/ToDo/count
06:34:46.988844 [Thread-10 (_poll_loop)] [融富府-ToDo] 请求成功 耗时=0.020s count=0
06:34:47.010612 [Thread-10 (_poll_loop)] [融富府-ToDo] 图标/标题已更新,更新本身耗时=0.021s
06:34:47.669771 [Thread-13 (_poll_loop)] [融富府] 请求开始 url=http://192.168.2.56:5011/api/folders/Large_To_Remember/count
06:34:47.685396 [Thread-16 (_poll_loop)] [融富府-Smalll_To_Remember] 请求开始 url=http://127.0.0.1:5011/api/folders/Small_To_Remember/count
06:34:47.687843 [Thread-13 (_poll_loop)] [融富府] 请求成功 耗时=0.018s count=312
06:34:47.690947 [Thread-16 (_poll_loop)] [融富府-Smalll_To_Remember] 请求成功 耗时=0.006s count=49
06:34:47.706951 [Thread-13 (_poll_loop)] [融富府] 图标/标题已更新,更新本身耗时=0.019s
06:34:47.708992 [Thread-16 (_poll_loop)] [融富府-Smalll_To_Remember] 图标/标题已更新,更新本身耗时=0.018s
06:34:48.792358 [Thread-1 (_poll_loop)] [华隆-ToDo] 请求开始 url=http://hua-rong-desktop.tail7dfac8.ts.net:5011/api/folders/ToDo/count
06:34:48.963685 [Thread-4 (_poll_loop)] [华隆-Large] 请求开始 url=http://hua-rong-desktop.tail7dfac8.ts.net:5011/api/folders/Large_To_Remember/count
06:34:48.993335 [Thread-1 (_poll_loop)] [华隆-ToDo] 请求成功 耗时=0.201s count=0
06:34:49.022828 [Thread-1 (_poll_loop)] [华隆-ToDo] 图标/标题已更新,更新本身耗时=0.029s
06:34:49.150385 [Thread-7 (_poll_loop)] [华隆_Small] 请求开始 url=http://hua-rong-desktop.tail7dfac8.ts.net:5011/api/folders/Small_To_Remember/count
06:34:49.163633 [Thread-4 (_poll_loop)] [华隆-Large] 请求成功 耗时=0.200s count=7
06:34:49.182028 [Thread-4 (_poll_loop)] [华隆-Large] 图标/标题已更新,更新本身耗时=0.018s
06:34:49.352473 [Thread-7 (_poll_loop)] [华隆_Small] 请求成功 耗时=0.202s count=21
06:34:49.377766 [Thread-7 (_poll_loop)] [华隆_Small] 图标/标题已更新,更新本身耗时=0.024s
06:35:17.012524 [Thread-10 (_poll_loop)] [融富府-ToDo] 请求开始 url=http://192.168.2.56:5011/api/folders/ToDo/count
06:35:17.019004 [Thread-10 (_poll_loop)] [融富府-ToDo] 请求成功 耗时=0.006s count=0
06:35:17.104745 [Thread-10 (_poll_loop)] [融富府-ToDo] 图标/标题已更新,更新本身耗时=0.086s
06:35:17.715641 [Thread-16 (_poll_loop)] [融富府-Smalll_To_Remember] 请求开始 url=http://127.0.0.1:5011/api/folders/Small_To_Remember/count
06:35:17.715641 [Thread-13 (_poll_loop)] [融富府] 请求开始 url=http://192.168.2.56:5011/api/folders/Large_To_Remember/count
06:35:17.722650 [Thread-16 (_poll_loop)] [融富府-Smalll_To_Remember] 请求成功 耗时=0.007s count=49
06:35:17.734613 [Thread-13 (_poll_loop)] [融富府] 请求成功 耗时=0.019s count=312
06:35:17.752191 [Thread-16 (_poll_loop)] [融富府-Smalll_To_Remember] 图标/标题已更新,更新本身耗时=0.029s
06:35:17.763119 [Thread-13 (_poll_loop)] [融富府] 图标/标题已更新,更新本身耗时=0.027s
06:35:19.028164 [Thread-1 (_poll_loop)] [华隆-ToDo] 请求开始 url=http://hua-rong-desktop.tail7dfac8.ts.net:5011/api/folders/ToDo/count
06:35:19.182825 [Thread-4 (_poll_loop)] [华隆-Large] 请求开始 url=http://hua-rong-desktop.tail7dfac8.ts.net:5011/api/folders/Large_To_Remember/count
06:35:19.230092 [Thread-1 (_poll_loop)] [华隆-ToDo] 请求成功 耗时=0.202s count=0
06:35:19.262504 [Thread-1 (_poll_loop)] [华隆-ToDo] 图标/标题已更新,更新本身耗时=0.031s
06:35:19.383969 [Thread-7 (_poll_loop)] [华隆_Small] 请求开始 url=http://hua-rong-desktop.tail7dfac8.ts.net:5011/api/folders/Small_To_Remember/count
06:35:19.399352 [Thread-4 (_poll_loop)] [华隆-Large] 请求成功 耗时=0.217s count=7
06:35:19.427616 [Thread-4 (_poll_loop)] [华隆-Large] 图标/标题已更新,更新本身耗时=0.027s
06:35:19.602193 [Thread-7 (_poll_loop)] [华隆_Small] 请求成功 耗时=0.218s count=21
06:35:19.625721 [Thread-7 (_poll_loop)] [华隆_Small] 图标/标题已更新,更新本身耗时=0.023s
06:35:47.119007 [Thread-10 (_poll_loop)] [融富府-ToDo] 请求开始 url=http://192.168.2.56:5011/api/folders/ToDo/count
06:35:47.127030 [Thread-10 (_poll_loop)] [融富府-ToDo] 请求成功 耗时=0.008s count=0
06:35:47.147934 [Thread-10 (_poll_loop)] [融富府-ToDo] 图标/标题已更新,更新本身耗时=0.020s
06:35:47.759378 [Thread-16 (_poll_loop)] [融富府-Smalll_To_Remember] 请求开始 url=http://127.0.0.1:5011/api/folders/Small_To_Remember/count
06:35:47.774971 [Thread-13 (_poll_loop)] [融富府] 请求开始 url=http://192.168.2.56:5011/api/folders/Large_To_Remember/count
06:35:47.787459 [Thread-16 (_poll_loop)] [融富府-Smalll_To_Remember] 请求成功 耗时=0.028s count=49
06:35:47.797043 [Thread-13 (_poll_loop)] [融富府] 请求成功 耗时=0.022s count=312
06:35:47.817270 [Thread-16 (_poll_loop)] [融富府-Smalll_To_Remember] 图标/标题已更新,更新本身耗时=0.030s
06:35:47.822352 [Thread-13 (_poll_loop)] [融富府] 图标/标题已更新,更新本身耗时=0.025s
06:35:49.273507 [Thread-1 (_poll_loop)] [华隆-ToDo] 请求开始 url=http://hua-rong-desktop.tail7dfac8.ts.net:5011/api/folders/ToDo/count
06:35:49.429085 [Thread-4 (_poll_loop)] [华隆-Large] 请求开始 url=http://hua-rong-desktop.tail7dfac8.ts.net:5011/api/folders/Large_To_Remember/count
06:35:49.489343 [Thread-1 (_poll_loop)] [华隆-ToDo] 请求成功 耗时=0.216s count=0
06:35:49.517169 [Thread-1 (_poll_loop)] [华隆-ToDo] 图标/标题已更新,更新本身耗时=0.027s
06:35:49.630132 [Thread-7 (_poll_loop)] [华隆_Small] 请求开始 url=http://hua-rong-desktop.tail7dfac8.ts.net:5011/api/folders/Small_To_Remember/count
06:35:49.634082 [Thread-4 (_poll_loop)] [华隆-Large] 请求成功 耗时=0.205s count=7
06:35:49.673235 [Thread-4 (_poll_loop)] [华隆-Large] 图标/标题已更新,更新本身耗时=0.038s
06:35:49.845570 [Thread-7 (_poll_loop)] [华隆_Small] 请求成功 耗时=0.215s count=21
06:35:49.868603 [Thread-7 (_poll_loop)] [华隆_Small] 图标/标题已更新,更新本身耗时=0.022s
06:36:17.152747 [Thread-10 (_poll_loop)] [融富府-ToDo] 请求开始 url=http://192.168.2.56:5011/api/folders/ToDo/count
06:36:17.172126 [Thread-10 (_poll_loop)] [融富府-ToDo] 请求成功 耗时=0.019s count=0
06:36:17.193901 [Thread-10 (_poll_loop)] [融富府-ToDo] 图标/标题已更新,更新本身耗时=0.021s
06:36:17.822259 [Thread-16 (_poll_loop)] [融富府-Smalll_To_Remember] 请求开始 url=http://127.0.0.1:5011/api/folders/Small_To_Remember/count
06:36:17.837879 [Thread-13 (_poll_loop)] [融富府] 请求开始 url=http://192.168.2.56:5011/api/folders/Large_To_Remember/count
06:36:17.847987 [Thread-16 (_poll_loop)] [融富府-Smalll_To_Remember] 请求成功 耗时=0.026s count=49
06:36:17.862470 [Thread-13 (_poll_loop)] [融富府] 请求成功 耗时=0.025s count=312
06:36:17.868469 [Thread-16 (_poll_loop)] [融富府-Smalll_To_Remember] 图标/标题已更新,更新本身耗时=0.019s
06:36:17.880792 [Thread-13 (_poll_loop)] [融富府] 图标/标题已更新,更新本身耗时=0.018s
06:36:19.522065 [Thread-1 (_poll_loop)] [华隆-ToDo] 请求开始 url=http://hua-rong-desktop.tail7dfac8.ts.net:5011/api/folders/ToDo/count
06:36:19.678924 [Thread-4 (_poll_loop)] [华隆-Large] 请求开始 url=http://hua-rong-desktop.tail7dfac8.ts.net:5011/api/folders/Large_To_Remember/count
06:36:19.740232 [Thread-1 (_poll_loop)] [华隆-ToDo] 请求成功 耗时=0.218s count=0
06:36:19.759128 [Thread-1 (_poll_loop)] [华隆-ToDo] 图标/标题已更新,更新本身耗时=0.018s
06:36:19.881630 [Thread-7 (_poll_loop)] [华隆_Small] 请求开始 url=http://hua-rong-desktop.tail7dfac8.ts.net:5011/api/folders/Small_To_Remember/count
06:36:19.895105 [Thread-4 (_poll_loop)] [华隆-Large] 请求成功 耗时=0.216s count=7
06:36:19.913396 [Thread-4 (_poll_loop)] [华隆-Large] 图标/标题已更新,更新本身耗时=0.018s
06:36:20.080359 [Thread-7 (_poll_loop)] [华隆_Small] 请求成功 耗时=0.199s count=21
06:36:20.098972 [Thread-7 (_poll_loop)] [华隆_Small] 图标/标题已更新,更新本身耗时=0.016s
06:36:47.204438 [Thread-10 (_poll_loop)] [融富府-ToDo] 请求开始 url=http://192.168.2.56:5011/api/folders/ToDo/count
06:36:47.209702 [Thread-10 (_poll_loop)] [融富府-ToDo] 请求成功 耗时=0.005s count=0
06:36:47.228484 [Thread-10 (_poll_loop)] [融富府-ToDo] 图标/标题已更新,更新本身耗时=0.019s
06:36:47.874902 [Thread-16 (_poll_loop)] [融富府-Smalll_To_Remember] 请求开始 url=http://127.0.0.1:5011/api/folders/Small_To_Remember/count
06:36:47.883930 [Thread-16 (_poll_loop)] [融富府-Smalll_To_Remember] 请求成功 耗时=0.009s count=49
06:36:47.890472 [Thread-13 (_poll_loop)] [融富府] 请求开始 url=http://192.168.2.56:5011/api/folders/Large_To_Remember/count
06:36:47.904820 [Thread-16 (_poll_loop)] [融富府-Smalll_To_Remember] 图标/标题已更新,更新本身耗时=0.020s
06:36:47.913821 [Thread-13 (_poll_loop)] [融富府] 请求成功 耗时=0.023s count=312
06:36:47.930355 [Thread-13 (_poll_loop)] [融富府] 图标/标题已更新,更新本身耗时=0.017s
06:36:49.762762 [Thread-1 (_poll_loop)] [华隆-ToDo] 请求开始 url=http://hua-rong-desktop.tail7dfac8.ts.net:5011/api/folders/ToDo/count
06:36:49.918627 [Thread-4 (_poll_loop)] [华隆-Large] 请求开始 url=http://hua-rong-desktop.tail7dfac8.ts.net:5011/api/folders/Large_To_Remember/count
06:36:49.974220 [Thread-1 (_poll_loop)] [华隆-ToDo] 请求成功 耗时=0.211s count=0
06:36:49.999000 [Thread-1 (_poll_loop)] [华隆-ToDo] 图标/标题已更新,更新本身耗时=0.024s
06:36:50.105018 [Thread-7 (_poll_loop)] [华隆_Small] 请求开始 url=http://hua-rong-desktop.tail7dfac8.ts.net:5011/api/folders/Small_To_Remember/count
06:36:50.144130 [Thread-4 (_poll_loop)] [华隆-Large] 请求成功 耗时=0.226s count=7
06:36:50.160368 [Thread-4 (_poll_loop)] [华隆-Large] 图标/标题已更新,更新本身耗时=0.016s
06:36:50.315447 [Thread-7 (_poll_loop)] [华隆_Small] 请求成功 耗时=0.210s count=21
06:36:50.331142 [Thread-7 (_poll_loop)] [华隆_Small] 图标/标题已更新,更新本身耗时=0.015s
06:37:17.239631 [Thread-10 (_poll_loop)] [融富府-ToDo] 请求开始 url=http://192.168.2.56:5011/api/folders/ToDo/count
06:37:17.246887 [Thread-10 (_poll_loop)] [融富府-ToDo] 请求成功 耗时=0.007s count=0
06:37:17.273380 [Thread-10 (_poll_loop)] [融富府-ToDo] 图标/标题已更新,更新本身耗时=0.025s
06:37:17.909311 [Thread-16 (_poll_loop)] [融富府-Smalll_To_Remember] 请求开始 url=http://127.0.0.1:5011/api/folders/Small_To_Remember/count
06:37:17.914793 [Thread-16 (_poll_loop)] [融富府-Smalll_To_Remember] 请求成功 耗时=0.005s count=49
06:37:17.942572 [Thread-16 (_poll_loop)] [融富府-Smalll_To_Remember] 图标/标题已更新,更新本身耗时=0.028s
06:37:17.943573 [Thread-13 (_poll_loop)] [融富府] 请求开始 url=http://192.168.2.56:5011/api/folders/Large_To_Remember/count
06:37:17.965299 [Thread-13 (_poll_loop)] [融富府] 请求成功 耗时=0.022s count=312
06:37:17.985065 [Thread-13 (_poll_loop)] [融富府] 图标/标题已更新,更新本身耗时=0.019s
06:37:20.008270 [Thread-1 (_poll_loop)] [华隆-ToDo] 请求开始 url=http://hua-rong-desktop.tail7dfac8.ts.net:5011/api/folders/ToDo/count
06:37:20.163194 [Thread-4 (_poll_loop)] [华隆-Large] 请求开始 url=http://hua-rong-desktop.tail7dfac8.ts.net:5011/api/folders/Large_To_Remember/count
06:37:20.215685 [Thread-1 (_poll_loop)] [华隆-ToDo] 请求成功 耗时=0.207s count=0
06:37:20.236303 [Thread-1 (_poll_loop)] [华隆-ToDo] 图标/标题已更新,更新本身耗时=0.019s
06:37:20.334941 [Thread-7 (_poll_loop)] [华隆_Small] 请求开始 url=http://hua-rong-desktop.tail7dfac8.ts.net:5011/api/folders/Small_To_Remember/count
06:37:20.386239 [Thread-4 (_poll_loop)] [华隆-Large] 请求成功 耗时=0.223s count=7
06:37:20.402837 [Thread-4 (_poll_loop)] [华隆-Large] 图标/标题已更新,更新本身耗时=0.016s
06:37:20.542396 [Thread-7 (_poll_loop)] [华隆_Small] 请求成功 耗时=0.207s count=21
06:37:20.559432 [Thread-7 (_poll_loop)] [华隆_Small] 图标/标题已更新,更新本身耗时=0.017s
06:37:47.276376 [Thread-10 (_poll_loop)] [融富府-ToDo] 请求开始 url=http://192.168.2.56:5011/api/folders/ToDo/count
06:37:47.296285 [Thread-10 (_poll_loop)] [融富府-ToDo] 请求成功 耗时=0.020s count=0
06:37:47.318744 [Thread-10 (_poll_loop)] [融富府-ToDo] 图标/标题已更新,更新本身耗时=0.021s
06:37:47.952828 [Thread-16 (_poll_loop)] [融富府-Smalll_To_Remember] 请求开始 url=http://127.0.0.1:5011/api/folders/Small_To_Remember/count
06:37:47.958809 [Thread-16 (_poll_loop)] [融富府-Smalll_To_Remember] 请求成功 耗时=0.006s count=49
06:37:47.978173 [Thread-16 (_poll_loop)] [融富府-Smalll_To_Remember] 图标/标题已更新,更新本身耗时=0.019s
06:37:48.000133 [Thread-13 (_poll_loop)] [融富府] 请求开始 url=http://192.168.2.56:5011/api/folders/Large_To_Remember/count
06:37:48.026734 [Thread-13 (_poll_loop)] [融富府] 请求成功 耗时=0.027s count=312
06:37:48.048948 [Thread-13 (_poll_loop)] [融富府] 图标/标题已更新,更新本身耗时=0.021s
06:37:50.248926 [Thread-1 (_poll_loop)] [华隆-ToDo] 请求开始 url=http://hua-rong-desktop.tail7dfac8.ts.net:5011/api/folders/ToDo/count
06:37:50.405035 [Thread-4 (_poll_loop)] [华隆-Large] 请求开始 url=http://hua-rong-desktop.tail7dfac8.ts.net:5011/api/folders/Large_To_Remember/count
06:37:50.460968 [Thread-1 (_poll_loop)] [华隆-ToDo] 请求成功 耗时=0.212s count=0
06:37:50.485921 [Thread-1 (_poll_loop)] [华隆-ToDo] 图标/标题已更新,更新本身耗时=0.024s
06:37:50.574162 [Thread-7 (_poll_loop)] [华隆_Small] 请求开始 url=http://hua-rong-desktop.tail7dfac8.ts.net:5011/api/folders/Small_To_Remember/count
06:37:50.618715 [Thread-4 (_poll_loop)] [华隆-Large] 请求成功 耗时=0.214s count=7
06:37:50.643433 [Thread-4 (_poll_loop)] [华隆-Large] 图标/标题已更新,更新本身耗时=0.024s
06:37:50.770554 [Thread-7 (_poll_loop)] [华隆_Small] 请求成功 耗时=0.196s count=21
06:37:50.793117 [Thread-7 (_poll_loop)] [华隆_Small] 图标/标题已更新,更新本身耗时=0.021s
06:38:17.328253 [Thread-10 (_poll_loop)] [融富府-ToDo] 请求开始 url=http://192.168.2.56:5011/api/folders/ToDo/count
06:38:17.336146 [Thread-10 (_poll_loop)] [融富府-ToDo] 请求成功 耗时=0.008s count=0
06:38:17.357206 [Thread-10 (_poll_loop)] [融富府-ToDo] 图标/标题已更新,更新本身耗时=0.020s
06:38:17.983847 [Thread-16 (_poll_loop)] [融富府-Smalll_To_Remember] 请求开始 url=http://127.0.0.1:5011/api/folders/Small_To_Remember/count
06:38:18.002486 [Thread-16 (_poll_loop)] [融富府-Smalll_To_Remember] 请求成功 耗时=0.019s count=49
06:38:18.022906 [Thread-16 (_poll_loop)] [融富府-Smalll_To_Remember] 图标/标题已更新,更新本身耗时=0.020s
06:38:18.061885 [Thread-13 (_poll_loop)] [融富府] 请求开始 url=http://192.168.2.56:5011/api/folders/Large_To_Remember/count
06:38:18.081478 [Thread-13 (_poll_loop)] [融富府] 请求成功 耗时=0.020s count=312
06:38:18.098227 [Thread-13 (_poll_loop)] [融富府] 图标/标题已更新,更新本身耗时=0.017s
06:38:20.497797 [Thread-1 (_poll_loop)] [华隆-ToDo] 请求开始 url=http://hua-rong-desktop.tail7dfac8.ts.net:5011/api/folders/ToDo/count
06:38:20.652929 [Thread-4 (_poll_loop)] [华隆-Large] 请求开始 url=http://hua-rong-desktop.tail7dfac8.ts.net:5011/api/folders/Large_To_Remember/count
06:38:20.718411 [Thread-1 (_poll_loop)] [华隆-ToDo] 请求成功 耗时=0.221s count=0
06:38:20.735504 [Thread-1 (_poll_loop)] [华隆-ToDo] 图标/标题已更新,更新本身耗时=0.017s
06:38:20.809294 [Thread-7 (_poll_loop)] [华隆_Small] 请求开始 url=http://hua-rong-desktop.tail7dfac8.ts.net:5011/api/folders/Small_To_Remember/count
06:38:20.875003 [Thread-4 (_poll_loop)] [华隆-Large] 请求成功 耗时=0.222s count=7
06:38:20.897867 [Thread-4 (_poll_loop)] [华隆-Large] 图标/标题已更新,更新本身耗时=0.022s
06:38:21.046331 [Thread-7 (_poll_loop)] [华隆_Small] 请求成功 耗时=0.237s count=21
06:38:21.065594 [Thread-7 (_poll_loop)] [华隆_Small] 图标/标题已更新,更新本身耗时=0.018s
06:38:47.365203 [Thread-10 (_poll_loop)] [融富府-ToDo] 请求开始 url=http://192.168.2.56:5011/api/folders/ToDo/count
06:38:47.367389 [Thread-10 (_poll_loop)] [融富府-ToDo] 请求成功 耗时=0.002s count=0
06:38:47.383918 [Thread-10 (_poll_loop)] [融富府-ToDo] 图标/标题已更新,更新本身耗时=0.017s
06:38:48.035174 [Thread-16 (_poll_loop)] [融富府-Smalll_To_Remember] 请求开始 url=http://127.0.0.1:5011/api/folders/Small_To_Remember/count
06:38:48.056088 [Thread-16 (_poll_loop)] [融富府-Smalll_To_Remember] 请求成功 耗时=0.021s count=49
06:38:48.075421 [Thread-16 (_poll_loop)] [融富府-Smalll_To_Remember] 图标/标题已更新,更新本身耗时=0.019s
06:38:48.113690 [Thread-13 (_poll_loop)] [融富府] 请求开始 url=http://192.168.2.56:5011/api/folders/Large_To_Remember/count
06:38:48.141120 [Thread-13 (_poll_loop)] [融富府] 请求成功 耗时=0.027s count=312
06:38:48.172381 [Thread-13 (_poll_loop)] [融富府] 图标/标题已更新,更新本身耗时=0.030s
06:38:50.750142 [Thread-1 (_poll_loop)] [华隆-ToDo] 请求开始 url=http://hua-rong-desktop.tail7dfac8.ts.net:5011/api/folders/ToDo/count
06:38:50.906079 [Thread-4 (_poll_loop)] [华隆-Large] 请求开始 url=http://hua-rong-desktop.tail7dfac8.ts.net:5011/api/folders/Large_To_Remember/count
06:38:50.956903 [Thread-1 (_poll_loop)] [华隆-ToDo] 请求成功 耗时=0.207s count=0
06:38:50.983554 [Thread-1 (_poll_loop)] [华隆-ToDo] 图标/标题已更新,更新本身耗时=0.026s
06:38:51.077451 [Thread-7 (_poll_loop)] [华隆_Small] 请求开始 url=http://hua-rong-desktop.tail7dfac8.ts.net:5011/api/folders/Small_To_Remember/count
06:38:51.108336 [Thread-4 (_poll_loop)] [华隆-Large] 请求成功 耗时=0.202s count=7
06:38:51.129940 [Thread-4 (_poll_loop)] [华隆-Large] 图标/标题已更新,更新本身耗时=0.021s
06:38:51.279468 [Thread-7 (_poll_loop)] [华隆_Small] 请求成功 耗时=0.202s count=21
06:38:51.301241 [Thread-7 (_poll_loop)] [华隆_Small] 图标/标题已更新,更新本身耗时=0.021s
06:39:17.386634 [Thread-10 (_poll_loop)] [融富府-ToDo] 请求开始 url=http://192.168.2.56:5011/api/folders/ToDo/count
06:39:17.391436 [Thread-10 (_poll_loop)] [融富府-ToDo] 请求成功 耗时=0.005s count=0
06:39:17.417720 [Thread-10 (_poll_loop)] [融富府-ToDo] 图标/标题已更新,更新本身耗时=0.024s
06:39:18.088231 [Thread-16 (_poll_loop)] [融富府-Smalll_To_Remember] 请求开始 url=http://127.0.0.1:5011/api/folders/Small_To_Remember/count
06:39:18.107951 [Thread-16 (_poll_loop)] [融富府-Smalll_To_Remember] 请求成功 耗时=0.020s count=49
06:39:18.162985 [Thread-16 (_poll_loop)] [融富府-Smalll_To_Remember] 图标/标题已更新,更新本身耗时=0.054s
06:39:18.181715 [Thread-13 (_poll_loop)] [融富府] 请求开始 url=http://192.168.2.56:5011/api/folders/Large_To_Remember/count
06:39:18.218592 [Thread-13 (_poll_loop)] [融富府] 请求成功 耗时=0.037s count=312
06:39:18.242061 [Thread-13 (_poll_loop)] [融富府] 图标/标题已更新,更新本身耗时=0.022s
06:39:20.986669 [Thread-1 (_poll_loop)] [华隆-ToDo] 请求开始 url=http://hua-rong-desktop.tail7dfac8.ts.net:5011/api/folders/ToDo/count
06:39:21.139723 [Thread-4 (_poll_loop)] [华隆-Large] 请求开始 url=http://hua-rong-desktop.tail7dfac8.ts.net:5011/api/folders/Large_To_Remember/count
06:39:21.214240 [Thread-1 (_poll_loop)] [华隆-ToDo] 请求成功 耗时=0.228s count=0
06:39:21.231415 [Thread-1 (_poll_loop)] [华隆-ToDo] 图标/标题已更新,更新本身耗时=0.017s
06:39:21.311011 [Thread-7 (_poll_loop)] [华隆_Small] 请求开始 url=http://hua-rong-desktop.tail7dfac8.ts.net:5011/api/folders/Small_To_Remember/count
06:39:21.337020 [Thread-4 (_poll_loop)] [华隆-Large] 请求成功 耗时=0.197s count=7
06:39:21.354414 [Thread-4 (_poll_loop)] [华隆-Large] 图标/标题已更新,更新本身耗时=0.017s
06:39:21.539664 [Thread-7 (_poll_loop)] [华隆_Small] 请求成功 耗时=0.229s count=21
06:39:21.557151 [Thread-7 (_poll_loop)] [华隆_Small] 图标/标题已更新,更新本身耗时=0.017s
06:39:47.418481 [Thread-10 (_poll_loop)] [融富府-ToDo] 请求开始 url=http://192.168.2.56:5011/api/folders/ToDo/count
06:39:47.427864 [Thread-10 (_poll_loop)] [融富府-ToDo] 请求成功 耗时=0.009s count=0
06:39:47.472004 [Thread-10 (_poll_loop)] [融富府-ToDo] 图标/标题已更新,更新本身耗时=0.043s
06:39:48.166503 [Thread-16 (_poll_loop)] [融富府-Smalll_To_Remember] 请求开始 url=http://127.0.0.1:5011/api/folders/Small_To_Remember/count
06:39:48.180834 [Thread-16 (_poll_loop)] [融富府-Smalll_To_Remember] 请求成功 耗时=0.014s count=49
06:39:48.205606 [Thread-16 (_poll_loop)] [融富府-Smalll_To_Remember] 图标/标题已更新,更新本身耗时=0.025s
06:39:48.244021 [Thread-13 (_poll_loop)] [融富府] 请求开始 url=http://192.168.2.56:5011/api/folders/Large_To_Remember/count
06:39:48.285247 [Thread-13 (_poll_loop)] [融富府] 请求成功 耗时=0.041s count=312
06:39:48.303980 [Thread-13 (_poll_loop)] [融富府] 图标/标题已更新,更新本身耗时=0.019s
06:39:51.239394 [Thread-1 (_poll_loop)] [华隆-ToDo] 请求开始 url=http://hua-rong-desktop.tail7dfac8.ts.net:5011/api/folders/ToDo/count
06:39:51.363869 [Thread-4 (_poll_loop)] [华隆-Large] 请求开始 url=http://hua-rong-desktop.tail7dfac8.ts.net:5011/api/folders/Large_To_Remember/count
06:39:51.448783 [Thread-1 (_poll_loop)] [华隆-ToDo] 请求成功 耗时=0.209s count=0
06:39:51.481886 [Thread-1 (_poll_loop)] [华隆-ToDo] 图标/标题已更新,更新本身耗时=0.032s
06:39:51.565641 [Thread-7 (_poll_loop)] [华隆_Small] 请求开始 url=http://hua-rong-desktop.tail7dfac8.ts.net:5011/api/folders/Small_To_Remember/count
06:39:51.586070 [Thread-4 (_poll_loop)] [华隆-Large] 请求成功 耗时=0.222s count=7
06:39:51.609562 [Thread-4 (_poll_loop)] [华隆-Large] 图标/标题已更新,更新本身耗时=0.022s
06:39:51.773318 [Thread-7 (_poll_loop)] [华隆_Small] 请求成功 耗时=0.208s count=21
06:39:51.801725 [Thread-7 (_poll_loop)] [华隆_Small] 图标/标题已更新,更新本身耗时=0.028s
06:40:17.481306 [Thread-10 (_poll_loop)] [融富府-ToDo] 请求开始 url=http://192.168.2.56:5011/api/folders/ToDo/count
06:40:17.499520 [Thread-10 (_poll_loop)] [融富府-ToDo] 请求成功 耗时=0.018s count=0
06:40:17.543054 [Thread-10 (_poll_loop)] [融富府-ToDo] 图标/标题已更新,更新本身耗时=0.042s
06:40:18.214788 [Thread-16 (_poll_loop)] [融富府-Smalll_To_Remember] 请求开始 url=http://127.0.0.1:5011/api/folders/Small_To_Remember/count
06:40:18.225262 [Thread-16 (_poll_loop)] [融富府-Smalll_To_Remember] 请求成功 耗时=0.010s count=49
06:40:18.256382 [Thread-16 (_poll_loop)] [融富府-Smalll_To_Remember] 图标/标题已更新,更新本身耗时=0.031s
06:40:18.307487 [Thread-13 (_poll_loop)] [融富府] 请求开始 url=http://192.168.2.56:5011/api/folders/Large_To_Remember/count
06:40:18.332653 [Thread-13 (_poll_loop)] [融富府] 请求成功 耗时=0.025s count=312
06:40:18.355543 [Thread-13 (_poll_loop)] [融富府] 图标/标题已更新,更新本身耗时=0.023s
06:40:21.494620 [Thread-1 (_poll_loop)] [华隆-ToDo] 请求开始 url=http://hua-rong-desktop.tail7dfac8.ts.net:5011/api/folders/ToDo/count
06:40:21.619306 [Thread-4 (_poll_loop)] [华隆-Large] 请求开始 url=http://hua-rong-desktop.tail7dfac8.ts.net:5011/api/folders/Large_To_Remember/count
06:40:21.707585 [Thread-1 (_poll_loop)] [华隆-ToDo] 请求成功 耗时=0.213s count=0
06:40:21.734180 [Thread-1 (_poll_loop)] [华隆-ToDo] 图标/标题已更新,更新本身耗时=0.025s
06:40:21.808442 [Thread-7 (_poll_loop)] [华隆_Small] 请求开始 url=http://hua-rong-desktop.tail7dfac8.ts.net:5011/api/folders/Small_To_Remember/count
06:40:21.816774 [Thread-4 (_poll_loop)] [华隆-Large] 请求成功 耗时=0.197s count=7
06:40:21.835691 [Thread-4 (_poll_loop)] [华隆-Large] 图标/标题已更新,更新本身耗时=0.018s
06:40:22.021888 [Thread-7 (_poll_loop)] [华隆_Small] 请求成功 耗时=0.213s count=21
06:40:22.046346 [Thread-7 (_poll_loop)] [华隆_Small] 图标/标题已更新,更新本身耗时=0.024s
06:40:47.552494 [Thread-10 (_poll_loop)] [融富府-ToDo] 请求开始 url=http://192.168.2.56:5011/api/folders/ToDo/count
06:40:47.561039 [Thread-10 (_poll_loop)] [融富府-ToDo] 请求成功 耗时=0.009s count=0
06:40:47.591184 [Thread-10 (_poll_loop)] [融富府-ToDo] 图标/标题已更新,更新本身耗时=0.028s
06:40:48.269106 [Thread-16 (_poll_loop)] [融富府-Smalll_To_Remember] 请求开始 url=http://127.0.0.1:5011/api/folders/Small_To_Remember/count
06:40:48.282124 [Thread-16 (_poll_loop)] [融富府-Smalll_To_Remember] 请求成功 耗时=0.013s count=49
06:40:48.328263 [Thread-16 (_poll_loop)] [融富府-Smalll_To_Remember] 图标/标题已更新,更新本身耗时=0.045s
06:40:48.362664 [Thread-13 (_poll_loop)] [融富府] 请求开始 url=http://192.168.2.56:5011/api/folders/Large_To_Remember/count
06:40:48.370665 [Thread-13 (_poll_loop)] [融富府] 请求成功 耗时=0.008s count=312
06:40:48.392198 [Thread-13 (_poll_loop)] [融富府] 图标/标题已更新,更新本身耗时=0.022s
06:40:51.739700 [Thread-1 (_poll_loop)] [华隆-ToDo] 请求开始 url=http://hua-rong-desktop.tail7dfac8.ts.net:5011/api/folders/ToDo/count
06:40:51.849344 [Thread-4 (_poll_loop)] [华隆-Large] 请求开始 url=http://hua-rong-desktop.tail7dfac8.ts.net:5011/api/folders/Large_To_Remember/count
06:40:51.947349 [Thread-1 (_poll_loop)] [华隆-ToDo] 请求成功 耗时=0.208s count=0
06:40:51.978223 [Thread-1 (_poll_loop)] [华隆-ToDo] 图标/标题已更新,更新本身耗时=0.030s
06:40:52.049331 [Thread-7 (_poll_loop)] [华隆_Small] 请求开始 url=http://hua-rong-desktop.tail7dfac8.ts.net:5011/api/folders/Small_To_Remember/count
06:40:52.055080 [Thread-4 (_poll_loop)] [华隆-Large] 请求成功 耗时=0.206s count=7
06:40:52.077928 [Thread-4 (_poll_loop)] [华隆-Large] 图标/标题已更新,更新本身耗时=0.022s
06:40:52.276164 [Thread-7 (_poll_loop)] [华隆_Small] 请求成功 耗时=0.227s count=21
06:40:52.309573 [Thread-7 (_poll_loop)] [华隆_Small] 图标/标题已更新,更新本身耗时=0.032s
06:41:17.599373 [Thread-10 (_poll_loop)] [融富府-ToDo] 请求开始 url=http://192.168.2.56:5011/api/folders/ToDo/count
06:41:17.615393 [Thread-10 (_poll_loop)] [融富府-ToDo] 请求成功 耗时=0.016s count=0
06:41:17.632927 [Thread-10 (_poll_loop)] [融富府-ToDo] 图标/标题已更新,更新本身耗时=0.017s
06:41:18.341640 [Thread-16 (_poll_loop)] [融富府-Smalll_To_Remember] 请求开始 url=http://127.0.0.1:5011/api/folders/Small_To_Remember/count
06:41:18.352806 [Thread-16 (_poll_loop)] [融富府-Smalll_To_Remember] 请求成功 耗时=0.011s count=49
06:41:18.370664 [Thread-16 (_poll_loop)] [融富府-Smalll_To_Remember] 图标/标题已更新,更新本身耗时=0.018s
06:41:18.404196 [Thread-13 (_poll_loop)] [融富府] 请求开始 url=http://192.168.2.56:5011/api/folders/Large_To_Remember/count
06:41:18.414700 [Thread-13 (_poll_loop)] [融富府] 请求成功 耗时=0.011s count=312
06:41:18.433312 [Thread-13 (_poll_loop)] [融富府] 图标/标题已更新,更新本身耗时=0.019s
06:41:21.981245 [Thread-1 (_poll_loop)] [华隆-ToDo] 请求开始 url=http://hua-rong-desktop.tail7dfac8.ts.net:5011/api/folders/ToDo/count
06:41:22.091289 [Thread-4 (_poll_loop)] [华隆-Large] 请求开始 url=http://hua-rong-desktop.tail7dfac8.ts.net:5011/api/folders/Large_To_Remember/count
06:41:22.198392 [Thread-1 (_poll_loop)] [华隆-ToDo] 请求成功 耗时=0.217s count=0
06:41:22.218883 [Thread-1 (_poll_loop)] [华隆-ToDo] 图标/标题已更新,更新本身耗时=0.020s
06:41:22.290046 [Thread-4 (_poll_loop)] [华隆-Large] 请求成功 耗时=0.199s count=7
06:41:22.308232 [Thread-4 (_poll_loop)] [华隆-Large] 图标/标题已更新,更新本身耗时=0.018s
06:41:22.322191 [Thread-7 (_poll_loop)] [华隆_Small] 请求开始 url=http://hua-rong-desktop.tail7dfac8.ts.net:5011/api/folders/Small_To_Remember/count
06:41:22.525668 [Thread-7 (_poll_loop)] [华隆_Small] 请求成功 耗时=0.203s count=21
06:41:22.542881 [Thread-7 (_poll_loop)] [华隆_Small] 图标/标题已更新,更新本身耗时=0.017s
06:41:47.644737 [Thread-10 (_poll_loop)] [融富府-ToDo] 请求开始 url=http://192.168.2.56:5011/api/folders/ToDo/count
06:41:47.647426 [Thread-10 (_poll_loop)] [融富府-ToDo] 请求成功 耗时=0.003s count=0
06:41:47.667969 [Thread-10 (_poll_loop)] [融富府-ToDo] 图标/标题已更新,更新本身耗时=0.021s
06:41:48.372049 [Thread-16 (_poll_loop)] [融富府-Smalll_To_Remember] 请求开始 url=http://127.0.0.1:5011/api/folders/Small_To_Remember/count
06:41:48.383301 [Thread-16 (_poll_loop)] [融富府-Smalll_To_Remember] 请求成功 耗时=0.011s count=49
06:41:48.400017 [Thread-16 (_poll_loop)] [融富府-Smalll_To_Remember] 图标/标题已更新,更新本身耗时=0.017s
06:41:48.449893 [Thread-13 (_poll_loop)] [融富府] 请求开始 url=http://192.168.2.56:5011/api/folders/Large_To_Remember/count
06:41:48.463009 [Thread-13 (_poll_loop)] [融富府] 请求成功 耗时=0.013s count=312
06:41:48.481240 [Thread-13 (_poll_loop)] [融富府] 图标/标题已更新,更新本身耗时=0.018s
06:41:52.226386 [Thread-1 (_poll_loop)] [华隆-ToDo] 请求开始 url=http://hua-rong-desktop.tail7dfac8.ts.net:5011/api/folders/ToDo/count
06:41:52.319389 [Thread-4 (_poll_loop)] [华隆-Large] 请求开始 url=http://hua-rong-desktop.tail7dfac8.ts.net:5011/api/folders/Large_To_Remember/count
06:41:52.442296 [Thread-1 (_poll_loop)] [华隆-ToDo] 请求成功 耗时=0.216s count=0
06:41:52.462559 [Thread-1 (_poll_loop)] [华隆-ToDo] 图标/标题已更新,更新本身耗时=0.020s
06:41:52.529046 [Thread-4 (_poll_loop)] [华隆-Large] 请求成功 耗时=0.210s count=7
06:41:52.551315 [Thread-7 (_poll_loop)] [华隆_Small] 请求开始 url=http://hua-rong-desktop.tail7dfac8.ts.net:5011/api/folders/Small_To_Remember/count
06:41:52.552328 [Thread-4 (_poll_loop)] [华隆-Large] 图标/标题已更新,更新本身耗时=0.023s
06:41:52.747036 [Thread-7 (_poll_loop)] [华隆_Small] 请求成功 耗时=0.196s count=21
06:41:52.769858 [Thread-7 (_poll_loop)] [华隆_Small] 图标/标题已更新,更新本身耗时=0.022s
06:42:17.674281 [Thread-10 (_poll_loop)] [融富府-ToDo] 请求开始 url=http://192.168.2.56:5011/api/folders/ToDo/count
06:42:17.678336 [Thread-10 (_poll_loop)] [融富府-ToDo] 请求成功 耗时=0.004s count=0
06:42:17.702133 [Thread-10 (_poll_loop)] [融富府-ToDo] 图标/标题已更新,更新本身耗时=0.024s
06:42:18.407342 [Thread-16 (_poll_loop)] [融富府-Smalll_To_Remember] 请求开始 url=http://127.0.0.1:5011/api/folders/Small_To_Remember/count
06:42:18.413024 [Thread-16 (_poll_loop)] [融富府-Smalll_To_Remember] 请求成功 耗时=0.006s count=49
06:42:18.433439 [Thread-16 (_poll_loop)] [融富府-Smalll_To_Remember] 图标/标题已更新,更新本身耗时=0.020s
06:42:18.486528 [Thread-13 (_poll_loop)] [融富府] 请求开始 url=http://192.168.2.56:5011/api/folders/Large_To_Remember/count
06:42:18.502208 [Thread-13 (_poll_loop)] [融富府] 请求成功 耗时=0.016s count=312
06:42:18.519728 [Thread-13 (_poll_loop)] [融富府] 图标/标题已更新,更新本身耗时=0.018s
06:42:22.462669 [Thread-1 (_poll_loop)] [华隆-ToDo] 请求开始 url=http://hua-rong-desktop.tail7dfac8.ts.net:5011/api/folders/ToDo/count
06:42:22.556642 [Thread-4 (_poll_loop)] [华隆-Large] 请求开始 url=http://hua-rong-desktop.tail7dfac8.ts.net:5011/api/folders/Large_To_Remember/count
06:42:22.669176 [Thread-1 (_poll_loop)] [华隆-ToDo] 请求成功 耗时=0.207s count=0
06:42:22.689613 [Thread-1 (_poll_loop)] [华隆-ToDo] 图标/标题已更新,更新本身耗时=0.020s
06:42:22.764172 [Thread-4 (_poll_loop)] [华隆-Large] 请求成功 耗时=0.208s count=7
06:42:22.773447 [Thread-7 (_poll_loop)] [华隆_Small] 请求开始 url=http://hua-rong-desktop.tail7dfac8.ts.net:5011/api/folders/Small_To_Remember/count
06:42:22.785425 [Thread-4 (_poll_loop)] [华隆-Large] 图标/标题已更新,更新本身耗时=0.021s
06:42:22.996455 [Thread-7 (_poll_loop)] [华隆_Small] 请求成功 耗时=0.223s count=21
06:42:23.018550 [Thread-7 (_poll_loop)] [华隆_Small] 图标/标题已更新,更新本身耗时=0.022s
06:42:47.703494 [Thread-10 (_poll_loop)] [融富府-ToDo] 请求开始 url=http://192.168.2.56:5011/api/folders/ToDo/count
06:42:47.721545 [Thread-10 (_poll_loop)] [融富府-ToDo] 请求成功 耗时=0.018s count=0
06:42:47.741350 [Thread-10 (_poll_loop)] [融富府-ToDo] 图标/标题已更新,更新本身耗时=0.020s
06:42:48.437510 [Thread-16 (_poll_loop)] [融富府-Smalll_To_Remember] 请求开始 url=http://127.0.0.1:5011/api/folders/Small_To_Remember/count
06:42:48.459096 [Thread-16 (_poll_loop)] [融富府-Smalll_To_Remember] 请求成功 耗时=0.022s count=49
06:42:48.481040 [Thread-16 (_poll_loop)] [融富府-Smalll_To_Remember] 图标/标题已更新,更新本身耗时=0.022s
06:42:48.530945 [Thread-13 (_poll_loop)] [融富府] 请求开始 url=http://192.168.2.56:5011/api/folders/Large_To_Remember/count
06:42:48.539466 [Thread-13 (_poll_loop)] [融富府] 请求成功 耗时=0.009s count=312
06:42:48.555815 [Thread-13 (_poll_loop)] [融富府] 图标/标题已更新,更新本身耗时=0.015s
06:42:52.689846 [Thread-1 (_poll_loop)] [华隆-ToDo] 请求开始 url=http://hua-rong-desktop.tail7dfac8.ts.net:5011/api/folders/ToDo/count
06:42:52.799347 [Thread-4 (_poll_loop)] [华隆-Large] 请求开始 url=http://hua-rong-desktop.tail7dfac8.ts.net:5011/api/folders/Large_To_Remember/count
06:42:52.889668 [Thread-1 (_poll_loop)] [华隆-ToDo] 请求成功 耗时=0.200s count=0
06:42:52.911585 [Thread-1 (_poll_loop)] [华隆-ToDo] 图标/标题已更新,更新本身耗时=0.021s
06:42:53.012859 [Thread-4 (_poll_loop)] [华隆-Large] 请求成功 耗时=0.214s count=7
06:42:53.033564 [Thread-7 (_poll_loop)] [华隆_Small] 请求开始 url=http://hua-rong-desktop.tail7dfac8.ts.net:5011/api/folders/Small_To_Remember/count
06:42:53.038483 [Thread-4 (_poll_loop)] [华隆-Large] 图标/标题已更新,更新本身耗时=0.025s
06:42:53.259400 [Thread-7 (_poll_loop)] [华隆_Small] 请求成功 耗时=0.226s count=21
06:42:53.282839 [Thread-7 (_poll_loop)] [华隆_Small] 图标/标题已更新,更新本身耗时=0.022s
06:43:17.744934 [Thread-10 (_poll_loop)] [融富府-ToDo] 请求开始 url=http://192.168.2.56:5011/api/folders/ToDo/count
06:43:17.762436 [Thread-10 (_poll_loop)] [融富府-ToDo] 请求成功 耗时=0.018s count=0
06:43:17.783258 [Thread-10 (_poll_loop)] [融富府-ToDo] 图标/标题已更新,更新本身耗时=0.021s
06:43:18.488988 [Thread-16 (_poll_loop)] [融富府-Smalll_To_Remember] 请求开始 url=http://127.0.0.1:5011/api/folders/Small_To_Remember/count
06:43:18.499826 [Thread-16 (_poll_loop)] [融富府-Smalll_To_Remember] 请求成功 耗时=0.011s count=49
06:43:18.522340 [Thread-16 (_poll_loop)] [融富府-Smalll_To_Remember] 图标/标题已更新,更新本身耗时=0.023s
06:43:18.566660 [Thread-13 (_poll_loop)] [融富府] 请求开始 url=http://192.168.2.56:5011/api/folders/Large_To_Remember/count
06:43:18.597358 [Thread-13 (_poll_loop)] [融富府] 请求成功 耗时=0.031s count=312
06:43:18.623199 [Thread-13 (_poll_loop)] [融富府] 图标/标题已更新,更新本身耗时=0.025s
06:43:22.922484 [Thread-1 (_poll_loop)] [华隆-ToDo] 请求开始 url=http://hua-rong-desktop.tail7dfac8.ts.net:5011/api/folders/ToDo/count
06:43:23.047801 [Thread-4 (_poll_loop)] [华隆-Large] 请求开始 url=http://hua-rong-desktop.tail7dfac8.ts.net:5011/api/folders/Large_To_Remember/count
06:43:23.131090 [Thread-1 (_poll_loop)] [华隆-ToDo] 请求成功 耗时=0.209s count=0
06:43:23.157164 [Thread-1 (_poll_loop)] [华隆-ToDo] 图标/标题已更新,更新本身耗时=0.026s
06:43:23.258901 [Thread-4 (_poll_loop)] [华隆-Large] 请求成功 耗时=0.211s count=7
06:43:23.279002 [Thread-4 (_poll_loop)] [华隆-Large] 图标/标题已更新,更新本身耗时=0.019s
06:43:23.297372 [Thread-7 (_poll_loop)] [华隆_Small] 请求开始 url=http://hua-rong-desktop.tail7dfac8.ts.net:5011/api/folders/Small_To_Remember/count
06:43:23.520128 [Thread-7 (_poll_loop)] [华隆_Small] 请求成功 耗时=0.223s count=21
06:43:23.542304 [Thread-7 (_poll_loop)] [华隆_Small] 图标/标题已更新,更新本身耗时=0.022s
06:43:47.786856 [Thread-10 (_poll_loop)] [融富府-ToDo] 请求开始 url=http://192.168.2.56:5011/api/folders/ToDo/count
06:43:47.794392 [Thread-10 (_poll_loop)] [融富府-ToDo] 请求成功 耗时=0.008s count=0
06:43:47.813311 [Thread-10 (_poll_loop)] [融富府-ToDo] 图标/标题已更新,更新本身耗时=0.019s
06:43:48.533103 [Thread-16 (_poll_loop)] [融富府-Smalll_To_Remember] 请求开始 url=http://127.0.0.1:5011/api/folders/Small_To_Remember/count
06:43:48.554089 [Thread-16 (_poll_loop)] [融富府-Smalll_To_Remember] 请求成功 耗时=0.021s count=49
06:43:48.574727 [Thread-16 (_poll_loop)] [融富府-Smalll_To_Remember] 图标/标题已更新,更新本身耗时=0.021s
06:43:48.626340 [Thread-13 (_poll_loop)] [融富府] 请求开始 url=http://192.168.2.56:5011/api/folders/Large_To_Remember/count
06:43:48.635347 [Thread-13 (_poll_loop)] [融富府] 请求成功 耗时=0.009s count=312
06:43:48.651348 [Thread-13 (_poll_loop)] [融富府] 图标/标题已更新,更新本身耗时=0.016s
06:43:53.181094 [Thread-1 (_poll_loop)] [华隆-ToDo] 请求开始 url=http://hua-rong-desktop.tail7dfac8.ts.net:5011/api/folders/ToDo/count
06:43:53.280947 [Thread-4 (_poll_loop)] [华隆-Large] 请求开始 url=http://hua-rong-desktop.tail7dfac8.ts.net:5011/api/folders/Large_To_Remember/count
06:43:53.426492 [Thread-1 (_poll_loop)] [华隆-ToDo] 请求成功 耗时=0.245s count=0
06:43:53.444613 [Thread-1 (_poll_loop)] [华隆-ToDo] 图标/标题已更新,更新本身耗时=0.018s
06:43:53.487650 [Thread-4 (_poll_loop)] [华隆-Large] 请求成功 耗时=0.207s count=7
06:43:53.505877 [Thread-4 (_poll_loop)] [华隆-Large] 图标/标题已更新,更新本身耗时=0.018s
06:43:53.544674 [Thread-7 (_poll_loop)] [华隆_Small] 请求开始 url=http://hua-rong-desktop.tail7dfac8.ts.net:5011/api/folders/Small_To_Remember/count
06:43:53.753130 [Thread-7 (_poll_loop)] [华隆_Small] 请求成功 耗时=0.208s count=21
06:43:53.770326 [Thread-7 (_poll_loop)] [华隆_Small] 图标/标题已更新,更新本身耗时=0.017s
06:44:17.828943 [Thread-10 (_poll_loop)] [融富府-ToDo] 请求开始 url=http://192.168.2.56:5011/api/folders/ToDo/count
06:44:17.836501 [Thread-10 (_poll_loop)] [融富府-ToDo] 请求成功 耗时=0.008s count=0
06:44:17.855533 [Thread-10 (_poll_loop)] [融富府-ToDo] 图标/标题已更新,更新本身耗时=0.018s
06:44:18.591704 [Thread-16 (_poll_loop)] [融富府-Smalll_To_Remember] 请求开始 url=http://127.0.0.1:5011/api/folders/Small_To_Remember/count
06:44:18.602535 [Thread-16 (_poll_loop)] [融富府-Smalll_To_Remember] 请求成功 耗时=0.011s count=49
06:44:18.621849 [Thread-16 (_poll_loop)] [融富府-Smalll_To_Remember] 图标/标题已更新,更新本身耗时=0.019s
06:44:18.654613 [Thread-13 (_poll_loop)] [融富府] 请求开始 url=http://192.168.2.56:5011/api/folders/Large_To_Remember/count
06:44:18.668835 [Thread-13 (_poll_loop)] [融富府] 请求成功 耗时=0.014s count=312
06:44:18.689165 [Thread-13 (_poll_loop)] [融富府] 图标/标题已更新,更新本身耗时=0.020s
06:44:23.448724 [Thread-1 (_poll_loop)] [华隆-ToDo] 请求开始 url=http://hua-rong-desktop.tail7dfac8.ts.net:5011/api/folders/ToDo/count
06:44:23.511357 [Thread-4 (_poll_loop)] [华隆-Large] 请求开始 url=http://hua-rong-desktop.tail7dfac8.ts.net:5011/api/folders/Large_To_Remember/count
06:44:23.666902 [Thread-1 (_poll_loop)] [华隆-ToDo] 请求成功 耗时=0.218s count=0
06:44:23.683645 [Thread-1 (_poll_loop)] [华隆-ToDo] 图标/标题已更新,更新本身耗时=0.017s
06:44:23.708424 [Thread-4 (_poll_loop)] [华隆-Large] 请求成功 耗时=0.197s count=7
06:44:23.726013 [Thread-4 (_poll_loop)] [华隆-Large] 图标/标题已更新,更新本身耗时=0.017s
06:44:23.786751 [Thread-7 (_poll_loop)] [华隆_Small] 请求开始 url=http://hua-rong-desktop.tail7dfac8.ts.net:5011/api/folders/Small_To_Remember/count
06:44:23.989901 [Thread-7 (_poll_loop)] [华隆_Small] 请求成功 耗时=0.203s count=21
06:44:24.008239 [Thread-7 (_poll_loop)] [华隆_Small] 图标/标题已更新,更新本身耗时=0.018s
06:44:47.874759 [Thread-10 (_poll_loop)] [融富府-ToDo] 请求开始 url=http://192.168.2.56:5011/api/folders/ToDo/count
06:44:47.892448 [Thread-10 (_poll_loop)] [融富府-ToDo] 请求成功 耗时=0.018s count=0
06:44:47.913249 [Thread-10 (_poll_loop)] [融富府-ToDo] 图标/标题已更新,更新本身耗时=0.020s
06:44:48.638752 [Thread-16 (_poll_loop)] [融富府-Smalll_To_Remember] 请求开始 url=http://127.0.0.1:5011/api/folders/Small_To_Remember/count
06:44:48.642766 [Thread-16 (_poll_loop)] [融富府-Smalll_To_Remember] 请求成功 耗时=0.004s count=49
06:44:48.660632 [Thread-16 (_poll_loop)] [融富府-Smalll_To_Remember] 图标/标题已更新,更新本身耗时=0.018s
06:44:48.698971 [Thread-13 (_poll_loop)] [融富府] 请求开始 url=http://192.168.2.56:5011/api/folders/Large_To_Remember/count
06:44:48.724241 [Thread-13 (_poll_loop)] [融富府] 请求成功 耗时=0.025s count=312
06:44:48.745887 [Thread-13 (_poll_loop)] [融富府] 图标/标题已更新,更新本身耗时=0.021s
06:44:53.704646 [Thread-1 (_poll_loop)] [华隆-ToDo] 请求开始 url=http://hua-rong-desktop.tail7dfac8.ts.net:5011/api/folders/ToDo/count
06:44:53.735566 [Thread-4 (_poll_loop)] [华隆-Large] 请求开始 url=http://hua-rong-desktop.tail7dfac8.ts.net:5011/api/folders/Large_To_Remember/count
06:44:53.920810 [Thread-1 (_poll_loop)] [华隆-ToDo] 请求成功 耗时=0.216s count=0
06:44:53.937028 [Thread-4 (_poll_loop)] [华隆-Large] 请求成功 耗时=0.201s count=7
06:44:53.962783 [Thread-1 (_poll_loop)] [华隆-ToDo] 图标/标题已更新,更新本身耗时=0.041s
06:44:53.965519 [Thread-4 (_poll_loop)] [华隆-Large] 图标/标题已更新,更新本身耗时=0.027s
06:44:54.028936 [Thread-7 (_poll_loop)] [华隆_Small] 请求开始 url=http://hua-rong-desktop.tail7dfac8.ts.net:5011/api/folders/Small_To_Remember/count
06:44:54.786277 [Thread-7 (_poll_loop)] [华隆_Small] 请求成功 耗时=0.757s count=21
06:44:54.809013 [Thread-7 (_poll_loop)] [华隆_Small] 图标/标题已更新,更新本身耗时=0.022s
06:45:17.921816 [Thread-10 (_poll_loop)] [融富府-ToDo] 请求开始 url=http://192.168.2.56:5011/api/folders/ToDo/count
06:45:17.927548 [Thread-10 (_poll_loop)] [融富府-ToDo] 请求成功 耗时=0.006s count=0
06:45:17.949195 [Thread-10 (_poll_loop)] [融富府-ToDo] 图标/标题已更新,更新本身耗时=0.020s
06:45:18.668872 [Thread-16 (_poll_loop)] [融富府-Smalll_To_Remember] 请求开始 url=http://127.0.0.1:5011/api/folders/Small_To_Remember/count
06:45:18.686266 [Thread-16 (_poll_loop)] [融富府-Smalll_To_Remember] 请求成功 耗时=0.017s count=49
06:45:18.709663 [Thread-16 (_poll_loop)] [融富府-Smalll_To_Remember] 图标/标题已更新,更新本身耗时=0.022s
06:45:18.761796 [Thread-13 (_poll_loop)] [融富府] 请求开始 url=http://192.168.2.56:5011/api/folders/Large_To_Remember/count
06:45:18.772658 [Thread-13 (_poll_loop)] [融富府] 请求成功 耗时=0.011s count=312
06:45:18.791858 [Thread-13 (_poll_loop)] [融富府] 图标/标题已更新,更新本身耗时=0.019s
06:45:23.976015 [Thread-4 (_poll_loop)] [华隆-Large] 请求开始 url=http://hua-rong-desktop.tail7dfac8.ts.net:5011/api/folders/Large_To_Remember/count
06:45:23.976015 [Thread-1 (_poll_loop)] [华隆-ToDo] 请求开始 url=http://hua-rong-desktop.tail7dfac8.ts.net:5011/api/folders/ToDo/count
06:45:24.206187 [Thread-1 (_poll_loop)] [华隆-ToDo] 请求成功 耗时=0.230s count=0
06:45:24.207382 [Thread-4 (_poll_loop)] [华隆-Large] 请求成功 耗时=0.231s count=7
06:45:24.250150 [Thread-4 (_poll_loop)] [华隆-Large] 图标/标题已更新,更新本身耗时=0.040s
06:45:24.250150 [Thread-1 (_poll_loop)] [华隆-ToDo] 图标/标题已更新,更新本身耗时=0.043s
06:45:24.818930 [Thread-7 (_poll_loop)] [华隆_Small] 请求开始 url=http://hua-rong-desktop.tail7dfac8.ts.net:5011/api/folders/Small_To_Remember/count
06:45:25.038318 [Thread-7 (_poll_loop)] [华隆_Small] 请求成功 耗时=0.219s count=21
06:45:25.067727 [Thread-7 (_poll_loop)] [华隆_Small] 图标/标题已更新,更新本身耗时=0.028s
06:45:47.961821 [Thread-10 (_poll_loop)] [融富府-ToDo] 请求开始 url=http://192.168.2.56:5011/api/folders/ToDo/count
06:45:47.980487 [Thread-10 (_poll_loop)] [融富府-ToDo] 请求成功 耗时=0.019s count=0
06:45:48.017911 [Thread-10 (_poll_loop)] [融富府-ToDo] 图标/标题已更新,更新本身耗时=0.036s
06:45:48.724430 [Thread-16 (_poll_loop)] [融富府-Smalll_To_Remember] 请求开始 url=http://127.0.0.1:5011/api/folders/Small_To_Remember/count
06:45:48.728948 [Thread-16 (_poll_loop)] [融富府-Smalll_To_Remember] 请求成功 耗时=0.005s count=49
06:45:48.752474 [Thread-16 (_poll_loop)] [融富府-Smalll_To_Remember] 图标/标题已更新,更新本身耗时=0.024s
06:45:48.802239 [Thread-13 (_poll_loop)] [融富府] 请求开始 url=http://192.168.2.56:5011/api/folders/Large_To_Remember/count
06:45:48.818307 [Thread-13 (_poll_loop)] [融富府] 请求成功 耗时=0.016s count=312
06:45:48.836608 [Thread-13 (_poll_loop)] [融富府] 图标/标题已更新,更新本身耗时=0.018s
06:45:54.267526 [Thread-4 (_poll_loop)] [华隆-Large] 请求开始 url=http://hua-rong-desktop.tail7dfac8.ts.net:5011/api/folders/Large_To_Remember/count
06:45:54.267526 [Thread-1 (_poll_loop)] [华隆-ToDo] 请求开始 url=http://hua-rong-desktop.tail7dfac8.ts.net:5011/api/folders/ToDo/count
06:45:54.486541 [Thread-4 (_poll_loop)] [华隆-Large] 请求成功 耗时=0.219s count=7
06:45:54.486541 [Thread-1 (_poll_loop)] [华隆-ToDo] 请求成功 耗时=0.219s count=0
06:45:54.512136 [Thread-4 (_poll_loop)] [华隆-Large] 图标/标题已更新,更新本身耗时=0.023s
06:45:54.513575 [Thread-1 (_poll_loop)] [华隆-ToDo] 图标/标题已更新,更新本身耗时=0.023s
06:45:55.078710 [Thread-7 (_poll_loop)] [华隆_Small] 请求开始 url=http://hua-rong-desktop.tail7dfac8.ts.net:5011/api/folders/Small_To_Remember/count
06:45:55.277127 [Thread-7 (_poll_loop)] [华隆_Small] 请求成功 耗时=0.198s count=21
06:45:55.300647 [Thread-7 (_poll_loop)] [华隆_Small] 图标/标题已更新,更新本身耗时=0.023s
06:46:18.029597 [Thread-10 (_poll_loop)] [融富府-ToDo] 请求开始 url=http://192.168.2.56:5011/api/folders/ToDo/count
06:46:18.048245 [Thread-10 (_poll_loop)] [融富府-ToDo] 请求成功 耗时=0.019s count=0
06:46:18.068585 [Thread-10 (_poll_loop)] [融富府-ToDo] 图标/标题已更新,更新本身耗时=0.019s
06:46:18.761949 [Thread-16 (_poll_loop)] [融富府-Smalll_To_Remember] 请求开始 url=http://127.0.0.1:5011/api/folders/Small_To_Remember/count
06:46:18.782171 [Thread-16 (_poll_loop)] [融富府-Smalll_To_Remember] 请求成功 耗时=0.020s count=49
06:46:18.815648 [Thread-16 (_poll_loop)] [融富府-Smalll_To_Remember] 图标/标题已更新,更新本身耗时=0.033s
06:46:18.856050 [Thread-13 (_poll_loop)] [融富府] 请求开始 url=http://192.168.2.56:5011/api/folders/Large_To_Remember/count
06:46:18.870939 [Thread-13 (_poll_loop)] [融富府] 请求成功 耗时=0.015s count=312
06:46:18.906141 [Thread-13 (_poll_loop)] [融富府] 图标/标题已更新,更新本身耗时=0.035s
06:46:24.530871 [Thread-1 (_poll_loop)] [华隆-ToDo] 请求开始 url=http://hua-rong-desktop.tail7dfac8.ts.net:5011/api/folders/ToDo/count
06:46:24.530871 [Thread-4 (_poll_loop)] [华隆-Large] 请求开始 url=http://hua-rong-desktop.tail7dfac8.ts.net:5011/api/folders/Large_To_Remember/count
06:46:24.741844 [Thread-4 (_poll_loop)] [华隆-Large] 请求成功 耗时=0.211s count=7
06:46:24.742593 [Thread-1 (_poll_loop)] [华隆-ToDo] 请求成功 耗时=0.212s count=0
06:46:24.781884 [Thread-4 (_poll_loop)] [华隆-Large] 图标/标题已更新,更新本身耗时=0.039s
06:46:24.781884 [Thread-1 (_poll_loop)] [华隆-ToDo] 图标/标题已更新,更新本身耗时=0.037s
06:46:25.307448 [Thread-7 (_poll_loop)] [华隆_Small] 请求开始 url=http://hua-rong-desktop.tail7dfac8.ts.net:5011/api/folders/Small_To_Remember/count
06:46:25.532999 [Thread-7 (_poll_loop)] [华隆_Small] 请求成功 耗时=0.226s count=21
06:46:25.559193 [Thread-7 (_poll_loop)] [华隆_Small] 图标/标题已更新,更新本身耗时=0.025s
06:46:48.076225 [Thread-10 (_poll_loop)] [融富府-ToDo] 请求开始 url=http://192.168.2.56:5011/api/folders/ToDo/count
06:46:48.094097 [Thread-10 (_poll_loop)] [融富府-ToDo] 请求成功 耗时=0.018s count=0
06:46:48.110029 [Thread-10 (_poll_loop)] [融富府-ToDo] 图标/标题已更新,更新本身耗时=0.016s
06:46:48.822297 [Thread-16 (_poll_loop)] [融富府-Smalll_To_Remember] 请求开始 url=http://127.0.0.1:5011/api/folders/Small_To_Remember/count
06:46:48.831848 [Thread-16 (_poll_loop)] [融富府-Smalll_To_Remember] 请求成功 耗时=0.010s count=49
06:46:48.851918 [Thread-16 (_poll_loop)] [融富府-Smalll_To_Remember] 图标/标题已更新,更新本身耗时=0.020s
06:46:48.916485 [Thread-13 (_poll_loop)] [融富府] 请求开始 url=http://192.168.2.56:5011/api/folders/Large_To_Remember/count
06:46:48.932028 [Thread-13 (_poll_loop)] [融富府] 请求成功 耗时=0.016s count=312
06:46:48.948544 [Thread-13 (_poll_loop)] [融富府] 图标/标题已更新,更新本身耗时=0.017s
06:46:54.787901 [Thread-4 (_poll_loop)] [华隆-Large] 请求开始 url=http://hua-rong-desktop.tail7dfac8.ts.net:5011/api/folders/Large_To_Remember/count
06:46:54.787901 [Thread-1 (_poll_loop)] [华隆-ToDo] 请求开始 url=http://hua-rong-desktop.tail7dfac8.ts.net:5011/api/folders/ToDo/count
06:46:55.002509 [Thread-4 (_poll_loop)] [华隆-Large] 请求成功 耗时=0.215s count=7
06:46:55.003064 [Thread-1 (_poll_loop)] [华隆-ToDo] 请求成功 耗时=0.215s count=0
06:46:55.024810 [Thread-1 (_poll_loop)] [华隆-ToDo] 图标/标题已更新,更新本身耗时=0.020s
06:46:55.025816 [Thread-4 (_poll_loop)] [华隆-Large] 图标/标题已更新,更新本身耗时=0.022s
06:46:55.578553 [Thread-7 (_poll_loop)] [华隆_Small] 请求开始 url=http://hua-rong-desktop.tail7dfac8.ts.net:5011/api/folders/Small_To_Remember/count
06:46:55.784544 [Thread-7 (_poll_loop)] [华隆_Small] 请求成功 耗时=0.206s count=21
06:46:55.806581 [Thread-7 (_poll_loop)] [华隆_Small] 图标/标题已更新,更新本身耗时=0.021s
06:47:18.122988 [Thread-10 (_poll_loop)] [融富府-ToDo] 请求开始 url=http://192.168.2.56:5011/api/folders/ToDo/count
06:47:18.129944 [Thread-10 (_poll_loop)] [融富府-ToDo] 请求成功 耗时=0.007s count=0
06:47:18.149611 [Thread-10 (_poll_loop)] [融富府-ToDo] 图标/标题已更新,更新本身耗时=0.020s
06:47:18.865995 [Thread-16 (_poll_loop)] [融富府-Smalll_To_Remember] 请求开始 url=http://127.0.0.1:5011/api/folders/Small_To_Remember/count
06:47:18.887055 [Thread-16 (_poll_loop)] [融富府-Smalll_To_Remember] 请求成功 耗时=0.021s count=49
06:47:18.909456 [Thread-16 (_poll_loop)] [融富府-Smalll_To_Remember] 图标/标题已更新,更新本身耗时=0.022s
06:47:18.959010 [Thread-13 (_poll_loop)] [融富府] 请求开始 url=http://192.168.2.56:5011/api/folders/Large_To_Remember/count
06:47:18.984590 [Thread-13 (_poll_loop)] [融富府] 请求成功 耗时=0.026s count=312
06:47:19.000614 [Thread-13 (_poll_loop)] [融富府] 图标/标题已更新,更新本身耗时=0.016s
06:47:25.039699 [Thread-1 (_poll_loop)] [华隆-ToDo] 请求开始 url=http://hua-rong-desktop.tail7dfac8.ts.net:5011/api/folders/ToDo/count
06:47:25.039699 [Thread-4 (_poll_loop)] [华隆-Large] 请求开始 url=http://hua-rong-desktop.tail7dfac8.ts.net:5011/api/folders/Large_To_Remember/count
06:47:25.244167 [Thread-1 (_poll_loop)] [华隆-ToDo] 请求成功 耗时=0.204s count=0
06:47:25.274601 [Thread-4 (_poll_loop)] [华隆-Large] 请求成功 耗时=0.235s count=7
06:47:25.289405 [Thread-1 (_poll_loop)] [华隆-ToDo] 图标/标题已更新,更新本身耗时=0.044s
06:47:25.297666 [Thread-4 (_poll_loop)] [华隆-Large] 图标/标题已更新,更新本身耗时=0.023s
06:47:25.820108 [Thread-7 (_poll_loop)] [华隆_Small] 请求开始 url=http://hua-rong-desktop.tail7dfac8.ts.net:5011/api/folders/Small_To_Remember/count
06:47:26.023718 [Thread-7 (_poll_loop)] [华隆_Small] 请求成功 耗时=0.204s count=21
06:47:26.044318 [Thread-7 (_poll_loop)] [华隆_Small] 图标/标题已更新,更新本身耗时=0.020s
06:47:48.157591 [Thread-10 (_poll_loop)] [融富府-ToDo] 请求开始 url=http://192.168.2.56:5011/api/folders/ToDo/count
06:47:48.175886 [Thread-10 (_poll_loop)] [融富府-ToDo] 请求成功 耗时=0.018s count=0
06:47:48.199818 [Thread-10 (_poll_loop)] [融富府-ToDo] 图标/标题已更新,更新本身耗时=0.023s
06:47:48.917571 [Thread-16 (_poll_loop)] [融富府-Smalll_To_Remember] 请求开始 url=http://127.0.0.1:5011/api/folders/Small_To_Remember/count
06:47:48.928653 [Thread-16 (_poll_loop)] [融富府-Smalll_To_Remember] 请求成功 耗时=0.011s count=49
06:47:48.950034 [Thread-16 (_poll_loop)] [融富府-Smalll_To_Remember] 图标/标题已更新,更新本身耗时=0.020s
06:47:49.011018 [Thread-13 (_poll_loop)] [融富府] 请求开始 url=http://192.168.2.56:5011/api/folders/Large_To_Remember/count
06:47:49.021788 [Thread-13 (_poll_loop)] [融富府] 请求成功 耗时=0.011s count=312
06:47:49.038636 [Thread-13 (_poll_loop)] [融富府] 图标/标题已更新,更新本身耗时=0.017s
06:47:55.305932 [Thread-4 (_poll_loop)] [华隆-Large] 请求开始 url=http://hua-rong-desktop.tail7dfac8.ts.net:5011/api/folders/Large_To_Remember/count
06:47:55.305932 [Thread-1 (_poll_loop)] [华隆-ToDo] 请求开始 url=http://hua-rong-desktop.tail7dfac8.ts.net:5011/api/folders/ToDo/count
06:47:55.508111 [Thread-1 (_poll_loop)] [华隆-ToDo] 请求成功 耗时=0.202s count=0
06:47:55.525609 [Thread-4 (_poll_loop)] [华隆-Large] 请求成功 耗时=0.220s count=7
06:47:55.532589 [Thread-1 (_poll_loop)] [华隆-ToDo] 图标/标题已更新,更新本身耗时=0.024s
06:47:55.542677 [Thread-4 (_poll_loop)] [华隆-Large] 图标/标题已更新,更新本身耗时=0.017s
06:47:56.055827 [Thread-7 (_poll_loop)] [华隆_Small] 请求开始 url=http://hua-rong-desktop.tail7dfac8.ts.net:5011/api/folders/Small_To_Remember/count
06:47:56.255252 [Thread-7 (_poll_loop)] [华隆_Small] 请求成功 耗时=0.199s count=21
06:47:56.278563 [Thread-7 (_poll_loop)] [华隆_Small] 图标/标题已更新,更新本身耗时=0.022s
06:48:18.216769 [Thread-10 (_poll_loop)] [融富府-ToDo] 请求开始 url=http://192.168.2.56:5011/api/folders/ToDo/count
06:48:18.219769 [Thread-10 (_poll_loop)] [融富府-ToDo] 请求成功 耗时=0.003s count=0
06:48:18.237971 [Thread-10 (_poll_loop)] [融富府-ToDo] 图标/标题已更新,更新本身耗时=0.018s
06:48:18.964993 [Thread-16 (_poll_loop)] [融富府-Smalll_To_Remember] 请求开始 url=http://127.0.0.1:5011/api/folders/Small_To_Remember/count
06:48:18.976984 [Thread-16 (_poll_loop)] [融富府-Smalll_To_Remember] 请求成功 耗时=0.012s count=49
06:48:18.995997 [Thread-16 (_poll_loop)] [融富府-Smalll_To_Remember] 图标/标题已更新,更新本身耗时=0.018s
06:48:19.059408 [Thread-13 (_poll_loop)] [融富府] 请求开始 url=http://192.168.2.56:5011/api/folders/Large_To_Remember/count
06:48:19.067128 [Thread-13 (_poll_loop)] [融富府] 请求成功 耗时=0.008s count=312
06:48:19.083443 [Thread-13 (_poll_loop)] [融富府] 图标/标题已更新,更新本身耗时=0.016s
06:48:25.542793 [Thread-1 (_poll_loop)] [华隆-ToDo] 请求开始 url=http://hua-rong-desktop.tail7dfac8.ts.net:5011/api/folders/ToDo/count
06:48:25.558561 [Thread-4 (_poll_loop)] [华隆-Large] 请求开始 url=http://hua-rong-desktop.tail7dfac8.ts.net:5011/api/folders/Large_To_Remember/count
06:48:25.760296 [Thread-4 (_poll_loop)] [华隆-Large] 请求成功 耗时=0.202s count=7
06:48:25.760296 [Thread-1 (_poll_loop)] [华隆-ToDo] 请求成功 耗时=0.218s count=0
06:48:25.791471 [Thread-4 (_poll_loop)] [华隆-Large] 图标/标题已更新,更新本身耗时=0.030s
06:48:25.791471 [Thread-1 (_poll_loop)] [华隆-ToDo] 图标/标题已更新,更新本身耗时=0.028s
06:48:26.294178 [Thread-7 (_poll_loop)] [华隆_Small] 请求开始 url=http://hua-rong-desktop.tail7dfac8.ts.net:5011/api/folders/Small_To_Remember/count
06:48:26.512677 [Thread-7 (_poll_loop)] [华隆_Small] 请求成功 耗时=0.218s count=21
06:48:26.533118 [Thread-7 (_poll_loop)] [华隆_Small] 图标/标题已更新,更新本身耗时=0.020s
06:48:48.245805 [Thread-10 (_poll_loop)] [融富府-ToDo] 请求开始 url=http://192.168.2.56:5011/api/folders/ToDo/count
06:48:48.262027 [Thread-10 (_poll_loop)] [融富府-ToDo] 请求成功 耗时=0.016s count=0
06:48:48.280831 [Thread-10 (_poll_loop)] [融富府-ToDo] 图标/标题已更新,更新本身耗时=0.018s
06:48:49.007292 [Thread-16 (_poll_loop)] [融富府-Smalll_To_Remember] 请求开始 url=http://127.0.0.1:5011/api/folders/Small_To_Remember/count
06:48:49.021056 [Thread-16 (_poll_loop)] [融富府-Smalll_To_Remember] 请求成功 耗时=0.014s count=49
06:48:49.042898 [Thread-16 (_poll_loop)] [融富府-Smalll_To_Remember] 图标/标题已更新,更新本身耗时=0.021s
06:48:49.101425 [Thread-13 (_poll_loop)] [融富府] 请求开始 url=http://192.168.2.56:5011/api/folders/Large_To_Remember/count
06:48:49.118689 [Thread-13 (_poll_loop)] [融富府] 请求成功 耗时=0.017s count=312
06:48:49.140652 [Thread-13 (_poll_loop)] [融富府] 图标/标题已更新,更新本身耗时=0.022s
06:48:55.804553 [Thread-4 (_poll_loop)] [华隆-Large] 请求开始 url=http://hua-rong-desktop.tail7dfac8.ts.net:5011/api/folders/Large_To_Remember/count
06:48:55.804553 [Thread-1 (_poll_loop)] [华隆-ToDo] 请求开始 url=http://hua-rong-desktop.tail7dfac8.ts.net:5011/api/folders/ToDo/count
06:48:56.026323 [Thread-1 (_poll_loop)] [华隆-ToDo] 请求成功 耗时=0.222s count=0
06:48:56.026920 [Thread-4 (_poll_loop)] [华隆-Large] 请求成功 耗时=0.222s count=7
06:48:56.048930 [Thread-4 (_poll_loop)] [华隆-Large] 图标/标题已更新,更新本身耗时=0.021s
06:48:56.048930 [Thread-1 (_poll_loop)] [华隆-ToDo] 图标/标题已更新,更新本身耗时=0.022s
06:48:56.551388 [Thread-7 (_poll_loop)] [华隆_Small] 请求开始 url=http://hua-rong-desktop.tail7dfac8.ts.net:5011/api/folders/Small_To_Remember/count
06:48:56.770158 [Thread-7 (_poll_loop)] [华隆_Small] 请求成功 耗时=0.219s count=21
06:48:56.791312 [Thread-7 (_poll_loop)] [华隆_Small] 图标/标题已更新,更新本身耗时=0.020s
06:49:18.287170 [Thread-10 (_poll_loop)] [融富府-ToDo] 请求开始 url=http://192.168.2.56:5011/api/folders/ToDo/count
06:49:18.291239 [Thread-10 (_poll_loop)] [融富府-ToDo] 请求成功 耗时=0.004s count=0
06:49:18.310966 [Thread-10 (_poll_loop)] [融富府-ToDo] 图标/标题已更新,更新本身耗时=0.020s
06:49:19.061674 [Thread-16 (_poll_loop)] [融富府-Smalll_To_Remember] 请求开始 url=http://127.0.0.1:5011/api/folders/Small_To_Remember/count
06:49:19.065223 [Thread-16 (_poll_loop)] [融富府-Smalll_To_Remember] 请求成功 耗时=0.004s count=49
06:49:19.083828 [Thread-16 (_poll_loop)] [融富府-Smalll_To_Remember] 图标/标题已更新,更新本身耗时=0.019s
06:49:19.154309 [Thread-13 (_poll_loop)] [融富府] 请求开始 url=http://192.168.2.56:5011/api/folders/Large_To_Remember/count
06:49:19.162366 [Thread-13 (_poll_loop)] [融富府] 请求成功 耗时=0.008s count=312
06:49:19.179983 [Thread-13 (_poll_loop)] [融富府] 图标/标题已更新,更新本身耗时=0.018s
06:49:26.054110 [Thread-4 (_poll_loop)] [华隆-Large] 请求开始 url=http://hua-rong-desktop.tail7dfac8.ts.net:5011/api/folders/Large_To_Remember/count
06:49:26.054110 [Thread-1 (_poll_loop)] [华隆-ToDo] 请求开始 url=http://hua-rong-desktop.tail7dfac8.ts.net:5011/api/folders/ToDo/count
06:49:26.260485 [Thread-4 (_poll_loop)] [华隆-Large] 请求成功 耗时=0.206s count=7
06:49:26.260485 [Thread-1 (_poll_loop)] [华隆-ToDo] 请求成功 耗时=0.206s count=0
06:49:26.280061 [Thread-4 (_poll_loop)] [华隆-Large] 图标/标题已更新,更新本身耗时=0.019s
06:49:26.280061 [Thread-1 (_poll_loop)] [华隆-ToDo] 图标/标题已更新,更新本身耗时=0.019s
06:49:26.799407 [Thread-7 (_poll_loop)] [华隆_Small] 请求开始 url=http://hua-rong-desktop.tail7dfac8.ts.net:5011/api/folders/Small_To_Remember/count
06:49:27.007757 [Thread-7 (_poll_loop)] [华隆_Small] 请求成功 耗时=0.208s count=21
06:49:27.027967 [Thread-7 (_poll_loop)] [华隆_Small] 图标/标题已更新,更新本身耗时=0.020s
06:49:48.327966 [Thread-10 (_poll_loop)] [融富府-ToDo] 请求开始 url=http://192.168.2.56:5011/api/folders/ToDo/count
06:49:48.333540 [Thread-10 (_poll_loop)] [融富府-ToDo] 请求成功 耗时=0.006s count=0
06:49:48.357546 [Thread-10 (_poll_loop)] [融富府-ToDo] 图标/标题已更新,更新本身耗时=0.023s
06:49:49.093718 [Thread-16 (_poll_loop)] [融富府-Smalll_To_Remember] 请求开始 url=http://127.0.0.1:5011/api/folders/Small_To_Remember/count
06:49:49.096847 [Thread-16 (_poll_loop)] [融富府-Smalll_To_Remember] 请求成功 耗时=0.003s count=49
06:49:49.114159 [Thread-16 (_poll_loop)] [融富府-Smalll_To_Remember] 图标/标题已更新,更新本身耗时=0.016s
06:49:49.187070 [Thread-13 (_poll_loop)] [融富府] 请求开始 url=http://192.168.2.56:5011/api/folders/Large_To_Remember/count
06:49:49.197503 [Thread-13 (_poll_loop)] [融富府] 请求成功 耗时=0.010s count=312
06:49:49.213586 [Thread-13 (_poll_loop)] [融富府] 图标/标题已更新,更新本身耗时=0.016s
06:49:56.290660 [Thread-1 (_poll_loop)] [华隆-ToDo] 请求开始 url=http://hua-rong-desktop.tail7dfac8.ts.net:5011/api/folders/ToDo/count
06:49:56.290660 [Thread-4 (_poll_loop)] [华隆-Large] 请求开始 url=http://hua-rong-desktop.tail7dfac8.ts.net:5011/api/folders/Large_To_Remember/count
06:49:56.497498 [Thread-4 (_poll_loop)] [华隆-Large] 请求成功 耗时=0.207s count=7
06:49:56.499896 [Thread-1 (_poll_loop)] [华隆-ToDo] 请求成功 耗时=0.209s count=0
06:49:56.514596 [Thread-4 (_poll_loop)] [华隆-Large] 图标/标题已更新,更新本身耗时=0.017s
06:49:56.516597 [Thread-1 (_poll_loop)] [华隆-ToDo] 图标/标题已更新,更新本身耗时=0.016s
06:49:57.038197 [Thread-7 (_poll_loop)] [华隆_Small] 请求开始 url=http://hua-rong-desktop.tail7dfac8.ts.net:5011/api/folders/Small_To_Remember/count
06:49:57.246450 [Thread-7 (_poll_loop)] [华隆_Small] 请求成功 耗时=0.208s count=21
06:49:57.272733 [Thread-7 (_poll_loop)] [华隆_Small] 图标/标题已更新,更新本身耗时=0.025s
06:50:18.365279 [Thread-10 (_poll_loop)] [融富府-ToDo] 请求开始 url=http://192.168.2.56:5011/api/folders/ToDo/count
06:50:18.370988 [Thread-10 (_poll_loop)] [融富府-ToDo] 请求成功 耗时=0.006s count=0
06:50:18.394244 [Thread-10 (_poll_loop)] [融富府-ToDo] 图标/标题已更新,更新本身耗时=0.022s
06:50:19.128699 [Thread-16 (_poll_loop)] [融富府-Smalll_To_Remember] 请求开始 url=http://127.0.0.1:5011/api/folders/Small_To_Remember/count
06:50:19.147441 [Thread-16 (_poll_loop)] [融富府-Smalll_To_Remember] 请求成功 耗时=0.019s count=49
06:50:19.168282 [Thread-16 (_poll_loop)] [融富府-Smalll_To_Remember] 图标/标题已更新,更新本身耗时=0.021s
06:50:19.220927 [Thread-13 (_poll_loop)] [融富府] 请求开始 url=http://192.168.2.56:5011/api/folders/Large_To_Remember/count
06:50:19.235579 [Thread-13 (_poll_loop)] [融富府] 请求成功 耗时=0.015s count=312
06:50:19.253994 [Thread-13 (_poll_loop)] [融富府] 图标/标题已更新,更新本身耗时=0.017s
06:50:26.528094 [Thread-4 (_poll_loop)] [华隆-Large] 请求开始 url=http://hua-rong-desktop.tail7dfac8.ts.net:5011/api/folders/Large_To_Remember/count
06:50:26.528094 [Thread-1 (_poll_loop)] [华隆-ToDo] 请求开始 url=http://hua-rong-desktop.tail7dfac8.ts.net:5011/api/folders/ToDo/count
06:50:26.747848 [Thread-4 (_poll_loop)] [华隆-Large] 请求成功 耗时=0.220s count=7
06:50:26.761520 [Thread-1 (_poll_loop)] [华隆-ToDo] 请求成功 耗时=0.233s count=0
06:50:26.766894 [Thread-4 (_poll_loop)] [华隆-Large] 图标/标题已更新,更新本身耗时=0.018s
06:50:26.779184 [Thread-1 (_poll_loop)] [华隆-ToDo] 图标/标题已更新,更新本身耗时=0.017s
06:50:27.290717 [Thread-7 (_poll_loop)] [华隆_Small] 请求开始 url=http://hua-rong-desktop.tail7dfac8.ts.net:5011/api/folders/Small_To_Remember/count
06:50:27.492173 [Thread-7 (_poll_loop)] [华隆_Small] 请求成功 耗时=0.201s count=21
06:50:27.511191 [Thread-7 (_poll_loop)] [华隆_Small] 图标/标题已更新,更新本身耗时=0.019s
06:50:48.412432 [Thread-10 (_poll_loop)] [融富府-ToDo] 请求开始 url=http://192.168.2.56:5011/api/folders/ToDo/count
06:50:48.415258 [Thread-10 (_poll_loop)] [融富府-ToDo] 请求成功 耗时=0.003s count=0
06:50:48.435367 [Thread-10 (_poll_loop)] [融富府-ToDo] 图标/标题已更新,更新本身耗时=0.020s
06:50:49.186052 [Thread-16 (_poll_loop)] [融富府-Smalll_To_Remember] 请求开始 url=http://127.0.0.1:5011/api/folders/Small_To_Remember/count
06:50:49.192578 [Thread-16 (_poll_loop)] [融富府-Smalll_To_Remember] 请求成功 耗时=0.007s count=49
06:50:49.213988 [Thread-16 (_poll_loop)] [融富府-Smalll_To_Remember] 图标/标题已更新,更新本身耗时=0.020s
06:50:49.264807 [Thread-13 (_poll_loop)] [融富府] 请求开始 url=http://192.168.2.56:5011/api/folders/Large_To_Remember/count
06:50:49.275579 [Thread-13 (_poll_loop)] [融富府] 请求成功 耗时=0.011s count=312
06:50:49.293016 [Thread-13 (_poll_loop)] [融富府] 图标/标题已更新,更新本身耗时=0.017s
06:50:56.772416 [Thread-4 (_poll_loop)] [华隆-Large] 请求开始 url=http://hua-rong-desktop.tail7dfac8.ts.net:5011/api/folders/Large_To_Remember/count
06:50:56.788095 [Thread-1 (_poll_loop)] [华隆-ToDo] 请求开始 url=http://hua-rong-desktop.tail7dfac8.ts.net:5011/api/folders/ToDo/count
06:50:56.975768 [Thread-1 (_poll_loop)] [华隆-ToDo] 请求成功 耗时=0.188s count=0
06:50:56.995685 [Thread-4 (_poll_loop)] [华隆-Large] 请求成功 耗时=0.223s count=7
06:50:56.995685 [Thread-1 (_poll_loop)] [华隆-ToDo] 图标/标题已更新,更新本身耗时=0.019s
06:50:57.012877 [Thread-4 (_poll_loop)] [华隆-Large] 图标/标题已更新,更新本身耗时=0.017s
06:50:57.517255 [Thread-7 (_poll_loop)] [华隆_Small] 请求开始 url=http://hua-rong-desktop.tail7dfac8.ts.net:5011/api/folders/Small_To_Remember/count
06:50:57.737155 [Thread-7 (_poll_loop)] [华隆_Small] 请求成功 耗时=0.220s count=21
06:50:57.768682 [Thread-7 (_poll_loop)] [华隆_Small] 图标/标题已更新,更新本身耗时=0.031s
06:51:18.441641 [Thread-10 (_poll_loop)] [融富府-ToDo] 请求开始 url=http://192.168.2.56:5011/api/folders/ToDo/count
06:51:18.459178 [Thread-10 (_poll_loop)] [融富府-ToDo] 请求成功 耗时=0.018s count=0
06:51:18.480691 [Thread-10 (_poll_loop)] [融富府-ToDo] 图标/标题已更新,更新本身耗时=0.021s
06:51:19.233344 [Thread-16 (_poll_loop)] [融富府-Smalll_To_Remember] 请求开始 url=http://127.0.0.1:5011/api/folders/Small_To_Remember/count
06:51:19.238025 [Thread-16 (_poll_loop)] [融富府-Smalll_To_Remember] 请求成功 耗时=0.005s count=49
06:51:19.255423 [Thread-16 (_poll_loop)] [融富府-Smalll_To_Remember] 图标/标题已更新,更新本身耗时=0.017s
06:51:19.311456 [Thread-13 (_poll_loop)] [融富府] 请求开始 url=http://192.168.2.56:5011/api/folders/Large_To_Remember/count
06:51:19.326539 [Thread-13 (_poll_loop)] [融富府] 请求成功 耗时=0.015s count=312
06:51:19.345553 [Thread-13 (_poll_loop)] [融富府] 图标/标题已更新,更新本身耗时=0.019s
06:51:27.005480 [Thread-1 (_poll_loop)] [华隆-ToDo] 请求开始 url=http://hua-rong-desktop.tail7dfac8.ts.net:5011/api/folders/ToDo/count
06:51:27.020931 [Thread-4 (_poll_loop)] [华隆-Large] 请求开始 url=http://hua-rong-desktop.tail7dfac8.ts.net:5011/api/folders/Large_To_Remember/count
06:51:27.204909 [Thread-1 (_poll_loop)] [华隆-ToDo] 请求成功 耗时=0.199s count=0
06:51:27.220471 [Thread-4 (_poll_loop)] [华隆-Large] 请求成功 耗时=0.200s count=7
06:51:27.225838 [Thread-1 (_poll_loop)] [华隆-ToDo] 图标/标题已更新,更新本身耗时=0.020s
06:51:27.236896 [Thread-4 (_poll_loop)] [华隆-Large] 图标/标题已更新,更新本身耗时=0.016s
06:51:27.781840 [Thread-7 (_poll_loop)] [华隆_Small] 请求开始 url=http://hua-rong-desktop.tail7dfac8.ts.net:5011/api/folders/Small_To_Remember/count
06:51:27.986224 [Thread-7 (_poll_loop)] [华隆_Small] 请求成功 耗时=0.204s count=21
06:51:28.003869 [Thread-7 (_poll_loop)] [华隆_Small] 图标/标题已更新,更新本身耗时=0.017s
06:51:48.499769 [Thread-10 (_poll_loop)] [融富府-ToDo] 请求开始 url=http://192.168.2.56:5011/api/folders/ToDo/count
06:51:48.516892 [Thread-10 (_poll_loop)] [融富府-ToDo] 请求成功 耗时=0.017s count=0
06:51:48.536663 [Thread-10 (_poll_loop)] [融富府-ToDo] 图标/标题已更新,更新本身耗时=0.019s
06:51:49.263018 [Thread-16 (_poll_loop)] [融富府-Smalll_To_Remember] 请求开始 url=http://127.0.0.1:5011/api/folders/Small_To_Remember/count
06:51:49.270540 [Thread-16 (_poll_loop)] [融富府-Smalll_To_Remember] 请求成功 耗时=0.008s count=49
06:51:49.287622 [Thread-16 (_poll_loop)] [融富府-Smalll_To_Remember] 图标/标题已更新,更新本身耗时=0.017s
06:51:49.357281 [Thread-13 (_poll_loop)] [融富府] 请求开始 url=http://192.168.2.56:5011/api/folders/Large_To_Remember/count
06:51:49.384354 [Thread-13 (_poll_loop)] [融富府] 请求成功 耗时=0.027s count=312
06:51:49.400835 [Thread-13 (_poll_loop)] [融富府] 图标/标题已更新,更新本身耗时=0.016s
06:51:57.246278 [Thread-1 (_poll_loop)] [华隆-ToDo] 请求开始 url=http://hua-rong-desktop.tail7dfac8.ts.net:5011/api/folders/ToDo/count
06:51:57.246278 [Thread-4 (_poll_loop)] [华隆-Large] 请求开始 url=http://hua-rong-desktop.tail7dfac8.ts.net:5011/api/folders/Large_To_Remember/count
06:51:57.590880 [Thread-4 (_poll_loop)] [华隆-Large] 请求成功 耗时=0.345s count=7
06:51:57.591450 [Thread-1 (_poll_loop)] [华隆-ToDo] 请求成功 耗时=0.345s count=0
06:51:57.621106 [Thread-4 (_poll_loop)] [华隆-Large] 图标/标题已更新,更新本身耗时=0.030s
06:51:57.622103 [Thread-1 (_poll_loop)] [华隆-ToDo] 图标/标题已更新,更新本身耗时=0.029s
06:51:58.022476 [Thread-7 (_poll_loop)] [华隆_Small] 请求开始 url=http://hua-rong-desktop.tail7dfac8.ts.net:5011/api/folders/Small_To_Remember/count
06:51:58.409345 [Thread-7 (_poll_loop)] [华隆_Small] 请求成功 耗时=0.387s count=21
06:51:58.442874 [Thread-7 (_poll_loop)] [华隆_Small] 图标/标题已更新,更新本身耗时=0.033s
06:52:18.548833 [Thread-10 (_poll_loop)] [融富府-ToDo] 请求开始 url=http://192.168.2.56:5011/api/folders/ToDo/count
06:52:18.557440 [Thread-10 (_poll_loop)] [融富府-ToDo] 请求成功 耗时=0.009s count=0
06:52:18.600082 [Thread-10 (_poll_loop)] [融富府-ToDo] 图标/标题已更新,更新本身耗时=0.043s
06:52:19.299391 [Thread-16 (_poll_loop)] [融富府-Smalll_To_Remember] 请求开始 url=http://127.0.0.1:5011/api/folders/Small_To_Remember/count
06:52:19.320919 [Thread-16 (_poll_loop)] [融富府-Smalll_To_Remember] 请求成功 耗时=0.022s count=49
06:52:19.340350 [Thread-16 (_poll_loop)] [融富府-Smalll_To_Remember] 图标/标题已更新,更新本身耗时=0.019s
06:52:19.408235 [Thread-13 (_poll_loop)] [融富府] 请求开始 url=http://192.168.2.56:5011/api/folders/Large_To_Remember/count
06:52:19.424391 [Thread-13 (_poll_loop)] [融富府] 请求成功 耗时=0.016s count=312
06:52:19.443041 [Thread-13 (_poll_loop)] [融富府] 图标/标题已更新,更新本身耗时=0.019s
06:52:27.638357 [Thread-1 (_poll_loop)] [华隆-ToDo] 请求开始 url=http://hua-rong-desktop.tail7dfac8.ts.net:5011/api/folders/ToDo/count
06:52:27.638357 [Thread-4 (_poll_loop)] [华隆-Large] 请求开始 url=http://hua-rong-desktop.tail7dfac8.ts.net:5011/api/folders/Large_To_Remember/count
06:52:27.876152 [Thread-4 (_poll_loop)] [华隆-Large] 请求成功 耗时=0.238s count=7
06:52:27.880813 [Thread-1 (_poll_loop)] [华隆-ToDo] 请求成功 耗时=0.242s count=0
06:52:27.910436 [Thread-4 (_poll_loop)] [华隆-Large] 图标/标题已更新,更新本身耗时=0.034s
06:52:27.910436 [Thread-1 (_poll_loop)] [华隆-ToDo] 图标/标题已更新,更新本身耗时=0.029s
06:52:28.460690 [Thread-7 (_poll_loop)] [华隆_Small] 请求开始 url=http://hua-rong-desktop.tail7dfac8.ts.net:5011/api/folders/Small_To_Remember/count
06:52:28.685166 [Thread-7 (_poll_loop)] [华隆_Small] 请求成功 耗时=0.224s count=21
06:52:28.721406 [Thread-7 (_poll_loop)] [华隆_Small] 图标/标题已更新,更新本身耗时=0.036s
06:52:48.609392 [Thread-10 (_poll_loop)] [融富府-ToDo] 请求开始 url=http://192.168.2.56:5011/api/folders/ToDo/count
06:52:48.619254 [Thread-10 (_poll_loop)] [融富府-ToDo] 请求成功 耗时=0.010s count=0
06:52:48.666050 [Thread-10 (_poll_loop)] [融富府-ToDo] 图标/标题已更新,更新本身耗时=0.047s
06:52:49.359681 [Thread-16 (_poll_loop)] [融富府-Smalll_To_Remember] 请求开始 url=http://127.0.0.1:5011/api/folders/Small_To_Remember/count
06:52:49.381429 [Thread-16 (_poll_loop)] [融富府-Smalll_To_Remember] 请求成功 耗时=0.022s count=49
06:52:49.398721 [Thread-16 (_poll_loop)] [融富府-Smalll_To_Remember] 图标/标题已更新,更新本身耗时=0.017s
06:52:49.454025 [Thread-13 (_poll_loop)] [融富府] 请求开始 url=http://192.168.2.56:5011/api/folders/Large_To_Remember/count
06:52:49.485413 [Thread-13 (_poll_loop)] [融富府] 请求成功 耗时=0.031s count=312
06:52:49.515090 [Thread-13 (_poll_loop)] [融富府] 图标/标题已更新,更新本身耗时=0.030s
06:52:57.925877 [Thread-4 (_poll_loop)] [华隆-Large] 请求开始 url=http://hua-rong-desktop.tail7dfac8.ts.net:5011/api/folders/Large_To_Remember/count
06:52:57.925877 [Thread-1 (_poll_loop)] [华隆-ToDo] 请求开始 url=http://hua-rong-desktop.tail7dfac8.ts.net:5011/api/folders/ToDo/count
06:52:58.161252 [Thread-1 (_poll_loop)] [华隆-ToDo] 请求成功 耗时=0.235s count=0
06:52:58.164485 [Thread-4 (_poll_loop)] [华隆-Large] 请求成功 耗时=0.239s count=7
06:52:58.200754 [Thread-4 (_poll_loop)] [华隆-Large] 图标/标题已更新,更新本身耗时=0.035s
06:52:58.201754 [Thread-1 (_poll_loop)] [华隆-ToDo] 图标/标题已更新,更新本身耗时=0.039s
06:52:58.733976 [Thread-7 (_poll_loop)] [华隆_Small] 请求开始 url=http://hua-rong-desktop.tail7dfac8.ts.net:5011/api/folders/Small_To_Remember/count
06:52:58.957989 [Thread-7 (_poll_loop)] [华隆_Small] 请求成功 耗时=0.224s count=21
06:52:58.989238 [Thread-7 (_poll_loop)] [华隆_Small] 图标/标题已更新,更新本身耗时=0.031s
06:53:18.671963 [Thread-10 (_poll_loop)] [融富府-ToDo] 请求开始 url=http://192.168.2.56:5011/api/folders/ToDo/count
06:53:18.679188 [Thread-10 (_poll_loop)] [融富府-ToDo] 请求成功 耗时=0.007s count=0
06:53:18.710747 [Thread-10 (_poll_loop)] [融富府-ToDo] 图标/标题已更新,更新本身耗时=0.032s
06:53:19.418168 [Thread-16 (_poll_loop)] [融富府-Smalll_To_Remember] 请求开始 url=http://127.0.0.1:5011/api/folders/Small_To_Remember/count
06:53:19.440570 [Thread-16 (_poll_loop)] [融富府-Smalll_To_Remember] 请求成功 耗时=0.022s count=49
06:53:19.473408 [Thread-16 (_poll_loop)] [融富府-Smalll_To_Remember] 图标/标题已更新,更新本身耗时=0.033s
06:53:19.527338 [Thread-13 (_poll_loop)] [融富府] 请求开始 url=http://192.168.2.56:5011/api/folders/Large_To_Remember/count
06:53:19.534864 [Thread-13 (_poll_loop)] [融富府] 请求成功 耗时=0.008s count=312
06:53:19.553062 [Thread-13 (_poll_loop)] [融富府] 图标/标题已更新,更新本身耗时=0.018s
06:53:28.208141 [Thread-4 (_poll_loop)] [华隆-Large] 请求开始 url=http://hua-rong-desktop.tail7dfac8.ts.net:5011/api/folders/Large_To_Remember/count
06:53:28.208141 [Thread-1 (_poll_loop)] [华隆-ToDo] 请求开始 url=http://hua-rong-desktop.tail7dfac8.ts.net:5011/api/folders/ToDo/count
06:53:28.417048 [Thread-4 (_poll_loop)] [华隆-Large] 请求成功 耗时=0.209s count=7
06:53:28.433518 [Thread-1 (_poll_loop)] [华隆-ToDo] 请求成功 耗时=0.225s count=0
06:53:28.442451 [Thread-4 (_poll_loop)] [华隆-Large] 图标/标题已更新,更新本身耗时=0.025s
06:53:28.456599 [Thread-1 (_poll_loop)] [华隆-ToDo] 图标/标题已更新,更新本身耗时=0.023s
06:53:29.007078 [Thread-7 (_poll_loop)] [华隆_Small] 请求开始 url=http://hua-rong-desktop.tail7dfac8.ts.net:5011/api/folders/Small_To_Remember/count
06:53:29.216774 [Thread-7 (_poll_loop)] [华隆_Small] 请求成功 耗时=0.210s count=21
06:53:29.237341 [Thread-7 (_poll_loop)] [华隆_Small] 图标/标题已更新,更新本身耗时=0.020s
06:53:48.726950 [Thread-10 (_poll_loop)] [融富府-ToDo] 请求开始 url=http://192.168.2.56:5011/api/folders/ToDo/count
06:53:48.729137 [Thread-10 (_poll_loop)] [融富府-ToDo] 请求成功 耗时=0.002s count=0
06:53:48.749806 [Thread-10 (_poll_loop)] [融富府-ToDo] 图标/标题已更新,更新本身耗时=0.021s
06:53:49.487598 [Thread-16 (_poll_loop)] [融富府-Smalll_To_Remember] 请求开始 url=http://127.0.0.1:5011/api/folders/Small_To_Remember/count
06:53:49.497313 [Thread-16 (_poll_loop)] [融富府-Smalll_To_Remember] 请求成功 耗时=0.010s count=49
06:53:49.514179 [Thread-16 (_poll_loop)] [融富府-Smalll_To_Remember] 图标/标题已更新,更新本身耗时=0.016s
06:53:49.565676 [Thread-13 (_poll_loop)] [融富府] 请求开始 url=http://192.168.2.56:5011/api/folders/Large_To_Remember/count
06:53:49.583339 [Thread-13 (_poll_loop)] [融富府] 请求成功 耗时=0.018s count=312
06:53:49.599833 [Thread-13 (_poll_loop)] [融富府] 图标/标题已更新,更新本身耗时=0.016s
06:53:58.449165 [Thread-4 (_poll_loop)] [华隆-Large] 请求开始 url=http://hua-rong-desktop.tail7dfac8.ts.net:5011/api/folders/Large_To_Remember/count
06:53:58.464500 [Thread-1 (_poll_loop)] [华隆-ToDo] 请求开始 url=http://hua-rong-desktop.tail7dfac8.ts.net:5011/api/folders/ToDo/count
06:53:58.663535 [Thread-1 (_poll_loop)] [华隆-ToDo] 请求成功 耗时=0.199s count=0
06:53:58.664175 [Thread-4 (_poll_loop)] [华隆-Large] 请求成功 耗时=0.215s count=7
06:53:58.688761 [Thread-4 (_poll_loop)] [华隆-Large] 图标/标题已更新,更新本身耗时=0.023s
06:53:58.691256 [Thread-1 (_poll_loop)] [华隆-ToDo] 图标/标题已更新,更新本身耗时=0.026s
06:53:59.243296 [Thread-7 (_poll_loop)] [华隆_Small] 请求开始 url=http://hua-rong-desktop.tail7dfac8.ts.net:5011/api/folders/Small_To_Remember/count
06:53:59.463692 [Thread-7 (_poll_loop)] [华隆_Small] 请求成功 耗时=0.220s count=21
06:53:59.485578 [Thread-7 (_poll_loop)] [华隆_Small] 图标/标题已更新,更新本身耗时=0.021s
06:54:18.763604 [Thread-10 (_poll_loop)] [融富府-ToDo] 请求开始 url=http://192.168.2.56:5011/api/folders/ToDo/count
06:54:18.773414 [Thread-10 (_poll_loop)] [融富府-ToDo] 请求成功 耗时=0.010s count=0
06:54:18.806443 [Thread-10 (_poll_loop)] [融富府-ToDo] 图标/标题已更新,更新本身耗时=0.032s
06:54:19.526349 [Thread-16 (_poll_loop)] [融富府-Smalll_To_Remember] 请求开始 url=http://127.0.0.1:5011/api/folders/Small_To_Remember/count
06:54:19.545151 [Thread-16 (_poll_loop)] [融富府-Smalll_To_Remember] 请求成功 耗时=0.019s count=49
06:54:19.564939 [Thread-16 (_poll_loop)] [融富府-Smalll_To_Remember] 图标/标题已更新,更新本身耗时=0.020s
06:54:19.619963 [Thread-13 (_poll_loop)] [融富府] 请求开始 url=http://192.168.2.56:5011/api/folders/Large_To_Remember/count
06:54:19.658115 [Thread-13 (_poll_loop)] [融富府] 请求成功 耗时=0.038s count=312
06:54:19.678945 [Thread-13 (_poll_loop)] [融富府] 图标/标题已更新,更新本身耗时=0.020s
06:54:28.703518 [Thread-1 (_poll_loop)] [华隆-ToDo] 请求开始 url=http://hua-rong-desktop.tail7dfac8.ts.net:5011/api/folders/ToDo/count
06:54:28.703518 [Thread-4 (_poll_loop)] [华隆-Large] 请求开始 url=http://hua-rong-desktop.tail7dfac8.ts.net:5011/api/folders/Large_To_Remember/count
06:54:28.915320 [Thread-4 (_poll_loop)] [华隆-Large] 请求成功 耗时=0.212s count=7
06:54:28.942215 [Thread-4 (_poll_loop)] [华隆-Large] 图标/标题已更新,更新本身耗时=0.026s
06:54:28.948303 [Thread-1 (_poll_loop)] [华隆-ToDo] 请求成功 耗时=0.245s count=0
06:54:28.971836 [Thread-1 (_poll_loop)] [华隆-ToDo] 图标/标题已更新,更新本身耗时=0.023s
06:54:29.493493 [Thread-7 (_poll_loop)] [华隆_Small] 请求开始 url=http://hua-rong-desktop.tail7dfac8.ts.net:5011/api/folders/Small_To_Remember/count
06:54:29.704559 [Thread-7 (_poll_loop)] [华隆_Small] 请求成功 耗时=0.211s count=21
06:54:29.751204 [Thread-7 (_poll_loop)] [华隆_Small] 图标/标题已更新,更新本身耗时=0.045s
06:54:48.814545 [Thread-10 (_poll_loop)] [融富府-ToDo] 请求开始 url=http://192.168.2.56:5011/api/folders/ToDo/count
06:54:48.821815 [Thread-10 (_poll_loop)] [融富府-ToDo] 请求成功 耗时=0.007s count=0
06:54:48.854330 [Thread-10 (_poll_loop)] [融富府-ToDo] 图标/标题已更新,更新本身耗时=0.033s
06:54:49.574698 [Thread-16 (_poll_loop)] [融富府-Smalll_To_Remember] 请求开始 url=http://127.0.0.1:5011/api/folders/Small_To_Remember/count
06:54:49.581467 [Thread-16 (_poll_loop)] [融富府-Smalll_To_Remember] 请求成功 耗时=0.007s count=49
06:54:49.599936 [Thread-16 (_poll_loop)] [融富府-Smalll_To_Remember] 图标/标题已更新,更新本身耗时=0.018s
06:54:49.697383 [Thread-13 (_poll_loop)] [融富府] 请求开始 url=http://192.168.2.56:5011/api/folders/Large_To_Remember/count
06:54:49.724815 [Thread-13 (_poll_loop)] [融富府] 请求成功 耗时=0.027s count=312
06:54:49.751747 [Thread-13 (_poll_loop)] [融富府] 图标/标题已更新,更新本身耗时=0.027s
06:54:58.963386 [Thread-4 (_poll_loop)] [华隆-Large] 请求开始 url=http://hua-rong-desktop.tail7dfac8.ts.net:5011/api/folders/Large_To_Remember/count
06:54:58.979024 [Thread-1 (_poll_loop)] [华隆-ToDo] 请求开始 url=http://hua-rong-desktop.tail7dfac8.ts.net:5011/api/folders/ToDo/count
06:54:59.166760 [Thread-4 (_poll_loop)] [华隆-Large] 请求成功 耗时=0.203s count=7
06:54:59.181918 [Thread-1 (_poll_loop)] [华隆-ToDo] 请求成功 耗时=0.203s count=0
06:54:59.183593 [Thread-4 (_poll_loop)] [华隆-Large] 图标/标题已更新,更新本身耗时=0.016s
06:54:59.199316 [Thread-1 (_poll_loop)] [华隆-ToDo] 图标/标题已更新,更新本身耗时=0.017s
06:54:59.757832 [Thread-7 (_poll_loop)] [华隆_Small] 请求开始 url=http://hua-rong-desktop.tail7dfac8.ts.net:5011/api/folders/Small_To_Remember/count
06:54:59.960205 [Thread-7 (_poll_loop)] [华隆_Small] 请求成功 耗时=0.202s count=21
06:54:59.982015 [Thread-7 (_poll_loop)] [华隆_Small] 图标/标题已更新,更新本身耗时=0.021s
06:55:18.864104 [Thread-10 (_poll_loop)] [融富府-ToDo] 请求开始 url=http://192.168.2.56:5011/api/folders/ToDo/count
06:55:18.868198 [Thread-10 (_poll_loop)] [融富府-ToDo] 请求成功 耗时=0.004s count=0
06:55:18.900305 [Thread-10 (_poll_loop)] [融富府-ToDo] 图标/标题已更新,更新本身耗时=0.031s
06:55:19.611574 [Thread-16 (_poll_loop)] [融富府-Smalll_To_Remember] 请求开始 url=http://127.0.0.1:5011/api/folders/Small_To_Remember/count
06:55:19.619484 [Thread-16 (_poll_loop)] [融富府-Smalll_To_Remember] 请求成功 耗时=0.008s count=49
06:55:19.637194 [Thread-16 (_poll_loop)] [融富府-Smalll_To_Remember] 图标/标题已更新,更新本身耗时=0.017s
06:55:19.767247 [Thread-13 (_poll_loop)] [融富府] 请求开始 url=http://192.168.2.56:5011/api/folders/Large_To_Remember/count
06:55:19.795819 [Thread-13 (_poll_loop)] [融富府] 请求成功 耗时=0.029s count=312
06:55:19.815068 [Thread-13 (_poll_loop)] [融富府] 图标/标题已更新,更新本身耗时=0.019s
06:55:29.198491 [Thread-4 (_poll_loop)] [华隆-Large] 请求开始 url=http://hua-rong-desktop.tail7dfac8.ts.net:5011/api/folders/Large_To_Remember/count
06:55:29.214188 [Thread-1 (_poll_loop)] [华隆-ToDo] 请求开始 url=http://hua-rong-desktop.tail7dfac8.ts.net:5011/api/folders/ToDo/count
06:55:29.418354 [Thread-4 (_poll_loop)] [华隆-Large] 请求成功 耗时=0.220s count=7
06:55:29.432729 [Thread-1 (_poll_loop)] [华隆-ToDo] 请求成功 耗时=0.219s count=0
06:55:29.437491 [Thread-4 (_poll_loop)] [华隆-Large] 图标/标题已更新,更新本身耗时=0.019s
06:55:29.449067 [Thread-1 (_poll_loop)] [华隆-ToDo] 图标/标题已更新,更新本身耗时=0.016s
06:55:29.995817 [Thread-7 (_poll_loop)] [华隆_Small] 请求开始 url=http://hua-rong-desktop.tail7dfac8.ts.net:5011/api/folders/Small_To_Remember/count
06:55:30.224666 [Thread-7 (_poll_loop)] [华隆_Small] 请求成功 耗时=0.229s count=21
06:55:30.244714 [Thread-7 (_poll_loop)] [华隆_Small] 图标/标题已更新,更新本身耗时=0.019s
06:55:48.915018 [Thread-10 (_poll_loop)] [融富府-ToDo] 请求开始 url=http://192.168.2.56:5011/api/folders/ToDo/count
06:55:48.922565 [Thread-10 (_poll_loop)] [融富府-ToDo] 请求成功 耗时=0.008s count=0
06:55:48.941815 [Thread-10 (_poll_loop)] [融富府-ToDo] 图标/标题已更新,更新本身耗时=0.019s
06:55:49.647478 [Thread-16 (_poll_loop)] [融富府-Smalll_To_Remember] 请求开始 url=http://127.0.0.1:5011/api/folders/Small_To_Remember/count
06:55:49.666516 [Thread-16 (_poll_loop)] [融富府-Smalll_To_Remember] 请求成功 耗时=0.019s count=49
06:55:49.687743 [Thread-16 (_poll_loop)] [融富府-Smalll_To_Remember] 图标/标题已更新,更新本身耗时=0.021s
06:55:49.835507 [Thread-13 (_poll_loop)] [融富府] 请求开始 url=http://192.168.2.56:5011/api/folders/Large_To_Remember/count
06:55:49.852867 [Thread-13 (_poll_loop)] [融富府] 请求成功 耗时=0.017s count=312
06:55:49.875897 [Thread-13 (_poll_loop)] [融富府] 图标/标题已更新,更新本身耗时=0.023s
06:55:59.456968 [Thread-1 (_poll_loop)] [华隆-ToDo] 请求开始 url=http://hua-rong-desktop.tail7dfac8.ts.net:5011/api/folders/ToDo/count
06:55:59.456968 [Thread-4 (_poll_loop)] [华隆-Large] 请求开始 url=http://hua-rong-desktop.tail7dfac8.ts.net:5011/api/folders/Large_To_Remember/count
06:55:59.661757 [Thread-1 (_poll_loop)] [华隆-ToDo] 请求成功 耗时=0.205s count=0
06:55:59.675463 [Thread-4 (_poll_loop)] [华隆-Large] 请求成功 耗时=0.218s count=7
06:55:59.688180 [Thread-1 (_poll_loop)] [华隆-ToDo] 图标/标题已更新,更新本身耗时=0.026s
06:55:59.693697 [Thread-4 (_poll_loop)] [华隆-Large] 图标/标题已更新,更新本身耗时=0.018s
06:56:00.262024 [Thread-7 (_poll_loop)] [华隆_Small] 请求开始 url=http://hua-rong-desktop.tail7dfac8.ts.net:5011/api/folders/Small_To_Remember/count
06:56:00.502828 [Thread-7 (_poll_loop)] [华隆_Small] 请求成功 耗时=0.241s count=21
06:56:00.523689 [Thread-7 (_poll_loop)] [华隆_Small] 图标/标题已更新,更新本身耗时=0.020s
06:56:18.951308 [Thread-10 (_poll_loop)] [融富府-ToDo] 请求开始 url=http://192.168.2.56:5011/api/folders/ToDo/count
06:56:18.953309 [Thread-10 (_poll_loop)] [融富府-ToDo] 请求成功 耗时=0.002s count=0
06:56:18.975100 [Thread-10 (_poll_loop)] [融富府-ToDo] 图标/标题已更新,更新本身耗时=0.021s
06:56:19.693797 [Thread-16 (_poll_loop)] [融富府-Smalll_To_Remember] 请求开始 url=http://127.0.0.1:5011/api/folders/Small_To_Remember/count
06:56:19.699974 [Thread-16 (_poll_loop)] [融富府-Smalll_To_Remember] 请求成功 耗时=0.006s count=49
06:56:19.717254 [Thread-16 (_poll_loop)] [融富府-Smalll_To_Remember] 图标/标题已更新,更新本身耗时=0.017s
06:56:19.893691 [Thread-13 (_poll_loop)] [融富府] 请求开始 url=http://192.168.2.56:5011/api/folders/Large_To_Remember/count
06:56:19.927802 [Thread-13 (_poll_loop)] [融富府] 请求成功 耗时=0.034s count=312
06:56:19.945648 [Thread-13 (_poll_loop)] [融富府] 图标/标题已更新,更新本身耗时=0.018s
06:56:29.700488 [Thread-4 (_poll_loop)] [华隆-Large] 请求开始 url=http://hua-rong-desktop.tail7dfac8.ts.net:5011/api/folders/Large_To_Remember/count
06:56:29.700488 [Thread-1 (_poll_loop)] [华隆-ToDo] 请求开始 url=http://hua-rong-desktop.tail7dfac8.ts.net:5011/api/folders/ToDo/count
06:56:29.911434 [Thread-1 (_poll_loop)] [华隆-ToDo] 请求成功 耗时=0.211s count=0
06:56:29.912033 [Thread-4 (_poll_loop)] [华隆-Large] 请求成功 耗时=0.212s count=7
06:56:29.941499 [Thread-1 (_poll_loop)] [华隆-ToDo] 图标/标题已更新,更新本身耗时=0.029s
06:56:29.941499 [Thread-4 (_poll_loop)] [华隆-Large] 图标/标题已更新,更新本身耗时=0.027s
06:56:30.542179 [Thread-7 (_poll_loop)] [华隆_Small] 请求开始 url=http://hua-rong-desktop.tail7dfac8.ts.net:5011/api/folders/Small_To_Remember/count
06:56:30.770144 [Thread-7 (_poll_loop)] [华隆_Small] 请求成功 耗时=0.228s count=21
06:56:30.788937 [Thread-7 (_poll_loop)] [华隆_Small] 图标/标题已更新,更新本身耗时=0.018s
06:56:48.996038 [Thread-10 (_poll_loop)] [融富府-ToDo] 请求开始 url=http://192.168.2.56:5011/api/folders/ToDo/count
06:56:49.014856 [Thread-10 (_poll_loop)] [融富府-ToDo] 请求成功 耗时=0.019s count=0
06:56:49.034394 [Thread-10 (_poll_loop)] [融富府-ToDo] 图标/标题已更新,更新本身耗时=0.019s
06:56:49.733829 [Thread-16 (_poll_loop)] [融富府-Smalll_To_Remember] 请求开始 url=http://127.0.0.1:5011/api/folders/Small_To_Remember/count
06:56:49.757829 [Thread-16 (_poll_loop)] [融富府-Smalll_To_Remember] 请求成功 耗时=0.024s count=49
06:56:49.779021 [Thread-16 (_poll_loop)] [融富府-Smalll_To_Remember] 图标/标题已更新,更新本身耗时=0.020s
06:56:49.951771 [Thread-13 (_poll_loop)] [融富府] 请求开始 url=http://192.168.2.56:5011/api/folders/Large_To_Remember/count
06:56:49.972382 [Thread-13 (_poll_loop)] [融富府] 请求成功 耗时=0.021s count=312
06:56:49.990088 [Thread-13 (_poll_loop)] [融富府] 图标/标题已更新,更新本身耗时=0.018s
06:56:59.950519 [Thread-4 (_poll_loop)] [华隆-Large] 请求开始 url=http://hua-rong-desktop.tail7dfac8.ts.net:5011/api/folders/Large_To_Remember/count
06:56:59.950519 [Thread-1 (_poll_loop)] [华隆-ToDo] 请求开始 url=http://hua-rong-desktop.tail7dfac8.ts.net:5011/api/folders/ToDo/count
06:57:00.164677 [Thread-1 (_poll_loop)] [华隆-ToDo] 请求成功 耗时=0.214s count=0
06:57:00.167256 [Thread-4 (_poll_loop)] [华隆-Large] 请求成功 耗时=0.217s count=7
06:57:00.187800 [Thread-4 (_poll_loop)] [华隆-Large] 图标/标题已更新,更新本身耗时=0.020s
06:57:00.188801 [Thread-1 (_poll_loop)] [华隆-ToDo] 图标/标题已更新,更新本身耗时=0.023s
06:57:00.803981 [Thread-7 (_poll_loop)] [华隆_Small] 请求开始 url=http://hua-rong-desktop.tail7dfac8.ts.net:5011/api/folders/Small_To_Remember/count
06:57:01.003544 [Thread-7 (_poll_loop)] [华隆_Small] 请求成功 耗时=0.200s count=21
06:57:01.027405 [Thread-7 (_poll_loop)] [华隆_Small] 图标/标题已更新,更新本身耗时=0.023s
06:57:19.055578 [Thread-10 (_poll_loop)] [融富府-ToDo] 请求开始 url=http://192.168.2.56:5011/api/folders/ToDo/count
06:57:19.059749 [Thread-10 (_poll_loop)] [融富府-ToDo] 请求成功 耗时=0.004s count=0
06:57:19.081144 [Thread-10 (_poll_loop)] [融富府-ToDo] 图标/标题已更新,更新本身耗时=0.020s
06:57:19.792339 [Thread-16 (_poll_loop)] [融富府-Smalll_To_Remember] 请求开始 url=http://127.0.0.1:5011/api/folders/Small_To_Remember/count
06:57:19.815651 [Thread-16 (_poll_loop)] [融富府-Smalll_To_Remember] 请求成功 耗时=0.023s count=49
06:57:19.839979 [Thread-16 (_poll_loop)] [融富府-Smalll_To_Remember] 图标/标题已更新,更新本身耗时=0.024s
06:57:20.017192 [Thread-13 (_poll_loop)] [融富府] 请求开始 url=http://192.168.2.56:5011/api/folders/Large_To_Remember/count
06:57:20.047996 [Thread-13 (_poll_loop)] [融富府] 请求成功 耗时=0.031s count=312
06:57:20.069691 [Thread-13 (_poll_loop)] [融富府] 图标/标题已更新,更新本身耗时=0.022s
06:57:30.203514 [Thread-1 (_poll_loop)] [华隆-ToDo] 请求开始 url=http://hua-rong-desktop.tail7dfac8.ts.net:5011/api/folders/ToDo/count
06:57:30.203514 [Thread-4 (_poll_loop)] [华隆-Large] 请求开始 url=http://hua-rong-desktop.tail7dfac8.ts.net:5011/api/folders/Large_To_Remember/count
06:57:30.412362 [Thread-1 (_poll_loop)] [华隆-ToDo] 请求成功 耗时=0.209s count=0
06:57:30.416118 [Thread-4 (_poll_loop)] [华隆-Large] 请求成功 耗时=0.213s count=7
06:57:30.437250 [Thread-4 (_poll_loop)] [华隆-Large] 图标/标题已更新,更新本身耗时=0.021s
06:57:30.437250 [Thread-1 (_poll_loop)] [华隆-ToDo] 图标/标题已更新,更新本身耗时=0.024s
06:57:31.045334 [Thread-7 (_poll_loop)] [华隆_Small] 请求开始 url=http://hua-rong-desktop.tail7dfac8.ts.net:5011/api/folders/Small_To_Remember/count
06:57:31.268469 [Thread-7 (_poll_loop)] [华隆_Small] 请求成功 耗时=0.223s count=21
06:57:31.292130 [Thread-7 (_poll_loop)] [华隆_Small] 图标/标题已更新,更新本身耗时=0.022s
06:57:49.089187 [Thread-10 (_poll_loop)] [融富府-ToDo] 请求开始 url=http://192.168.2.56:5011/api/folders/ToDo/count
06:57:49.094677 [Thread-10 (_poll_loop)] [融富府-ToDo] 请求成功 耗时=0.005s count=0
06:57:49.112342 [Thread-10 (_poll_loop)] [融富府-ToDo] 图标/标题已更新,更新本身耗时=0.018s
06:57:49.851202 [Thread-16 (_poll_loop)] [融富府-Smalll_To_Remember] 请求开始 url=http://127.0.0.1:5011/api/folders/Small_To_Remember/count
06:57:49.858840 [Thread-16 (_poll_loop)] [融富府-Smalll_To_Remember] 请求成功 耗时=0.008s count=49
06:57:49.877897 [Thread-16 (_poll_loop)] [融富府-Smalll_To_Remember] 图标/标题已更新,更新本身耗时=0.019s
06:57:50.084991 [Thread-13 (_poll_loop)] [融富府] 请求开始 url=http://192.168.2.56:5011/api/folders/Large_To_Remember/count
06:57:50.101530 [Thread-13 (_poll_loop)] [融富府] 请求成功 耗时=0.017s count=312
06:57:50.119514 [Thread-13 (_poll_loop)] [融富府] 图标/标题已更新,更新本身耗时=0.018s
06:58:00.459486 [Thread-1 (_poll_loop)] [华隆-ToDo] 请求开始 url=http://hua-rong-desktop.tail7dfac8.ts.net:5011/api/folders/ToDo/count
06:58:00.459486 [Thread-4 (_poll_loop)] [华隆-Large] 请求开始 url=http://hua-rong-desktop.tail7dfac8.ts.net:5011/api/folders/Large_To_Remember/count
06:58:00.668817 [Thread-1 (_poll_loop)] [华隆-ToDo] 请求成功 耗时=0.209s count=0
06:58:00.676099 [Thread-4 (_poll_loop)] [华隆-Large] 请求成功 耗时=0.217s count=7
06:58:00.696215 [Thread-1 (_poll_loop)] [华隆-ToDo] 图标/标题已更新,更新本身耗时=0.026s
06:58:00.696215 [Thread-4 (_poll_loop)] [华隆-Large] 图标/标题已更新,更新本身耗时=0.019s
06:58:01.312969 [Thread-7 (_poll_loop)] [华隆_Small] 请求开始 url=http://hua-rong-desktop.tail7dfac8.ts.net:5011/api/folders/Small_To_Remember/count
06:58:01.524383 [Thread-7 (_poll_loop)] [华隆_Small] 请求成功 耗时=0.211s count=21
06:58:01.544208 [Thread-7 (_poll_loop)] [华隆_Small] 图标/标题已更新,更新本身耗时=0.019s
06:58:19.119541 [Thread-10 (_poll_loop)] [融富府-ToDo] 请求开始 url=http://192.168.2.56:5011/api/folders/ToDo/count
06:58:19.136500 [Thread-10 (_poll_loop)] [融富府-ToDo] 请求成功 耗时=0.017s count=0
06:58:19.156267 [Thread-10 (_poll_loop)] [融富府-ToDo] 图标/标题已更新,更新本身耗时=0.020s
06:58:19.883480 [Thread-16 (_poll_loop)] [融富府-Smalll_To_Remember] 请求开始 url=http://127.0.0.1:5011/api/folders/Small_To_Remember/count
06:58:19.906157 [Thread-16 (_poll_loop)] [融富府-Smalll_To_Remember] 请求成功 耗时=0.023s count=49
06:58:19.927455 [Thread-16 (_poll_loop)] [融富府-Smalll_To_Remember] 图标/标题已更新,更新本身耗时=0.021s
06:58:20.131125 [Thread-13 (_poll_loop)] [融富府] 请求开始 url=http://192.168.2.56:5011/api/folders/Large_To_Remember/count
06:58:20.157646 [Thread-13 (_poll_loop)] [融富府] 请求成功 耗时=0.027s count=312
06:58:20.174669 [Thread-13 (_poll_loop)] [融富府] 图标/标题已更新,更新本身耗时=0.017s
06:58:30.716927 [Thread-4 (_poll_loop)] [华隆-Large] 请求开始 url=http://hua-rong-desktop.tail7dfac8.ts.net:5011/api/folders/Large_To_Remember/count
06:58:30.716927 [Thread-1 (_poll_loop)] [华隆-ToDo] 请求开始 url=http://hua-rong-desktop.tail7dfac8.ts.net:5011/api/folders/ToDo/count
06:58:30.922265 [Thread-4 (_poll_loop)] [华隆-Large] 请求成功 耗时=0.205s count=7
06:58:30.938015 [Thread-1 (_poll_loop)] [华隆-ToDo] 请求成功 耗时=0.221s count=0
06:58:30.947181 [Thread-4 (_poll_loop)] [华隆-Large] 图标/标题已更新,更新本身耗时=0.024s
06:58:30.957690 [Thread-1 (_poll_loop)] [华隆-ToDo] 图标/标题已更新,更新本身耗时=0.020s
06:58:31.555656 [Thread-7 (_poll_loop)] [华隆_Small] 请求开始 url=http://hua-rong-desktop.tail7dfac8.ts.net:5011/api/folders/Small_To_Remember/count
06:58:31.766876 [Thread-7 (_poll_loop)] [华隆_Small] 请求成功 耗时=0.211s count=21
06:58:31.790412 [Thread-7 (_poll_loop)] [华隆_Small] 图标/标题已更新,更新本身耗时=0.022s
06:58:49.163017 [Thread-10 (_poll_loop)] [融富府-ToDo] 请求开始 url=http://192.168.2.56:5011/api/folders/ToDo/count
06:58:49.169736 [Thread-10 (_poll_loop)] [融富府-ToDo] 请求成功 耗时=0.007s count=0
06:58:49.188099 [Thread-10 (_poll_loop)] [融富府-ToDo] 图标/标题已更新,更新本身耗时=0.017s
06:58:49.943021 [Thread-16 (_poll_loop)] [融富府-Smalll_To_Remember] 请求开始 url=http://127.0.0.1:5011/api/folders/Small_To_Remember/count
06:58:49.951271 [Thread-16 (_poll_loop)] [融富府-Smalll_To_Remember] 请求成功 耗时=0.008s count=49
06:58:49.970732 [Thread-16 (_poll_loop)] [融富府-Smalll_To_Remember] 图标/标题已更新,更新本身耗时=0.019s
06:58:50.191472 [Thread-13 (_poll_loop)] [融富府] 请求开始 url=http://192.168.2.56:5011/api/folders/Large_To_Remember/count
06:58:50.217523 [Thread-13 (_poll_loop)] [融富府] 请求成功 耗时=0.026s count=312
06:58:50.235462 [Thread-13 (_poll_loop)] [融富府] 图标/标题已更新,更新本身耗时=0.017s
06:59:00.962721 [Thread-4 (_poll_loop)] [华隆-Large] 请求开始 url=http://hua-rong-desktop.tail7dfac8.ts.net:5011/api/folders/Large_To_Remember/count
06:59:00.978046 [Thread-1 (_poll_loop)] [华隆-ToDo] 请求开始 url=http://hua-rong-desktop.tail7dfac8.ts.net:5011/api/folders/ToDo/count
06:59:01.182205 [Thread-4 (_poll_loop)] [华隆-Large] 请求成功 耗时=0.219s count=7
06:59:01.206972 [Thread-4 (_poll_loop)] [华隆-Large] 图标/标题已更新,更新本身耗时=0.024s
06:59:01.211947 [Thread-1 (_poll_loop)] [华隆-ToDo] 请求成功 耗时=0.234s count=0
06:59:01.228285 [Thread-1 (_poll_loop)] [华隆-ToDo] 图标/标题已更新,更新本身耗时=0.016s
06:59:01.802966 [Thread-7 (_poll_loop)] [华隆_Small] 请求开始 url=http://hua-rong-desktop.tail7dfac8.ts.net:5011/api/folders/Small_To_Remember/count
06:59:02.007226 [Thread-7 (_poll_loop)] [华隆_Small] 请求成功 耗时=0.204s count=21
06:59:02.028801 [Thread-7 (_poll_loop)] [华隆_Small] 图标/标题已更新,更新本身耗时=0.021s
06:59:19.208318 [Thread-10 (_poll_loop)] [融富府-ToDo] 请求开始 url=http://192.168.2.56:5011/api/folders/ToDo/count
06:59:19.226075 [Thread-10 (_poll_loop)] [融富府-ToDo] 请求成功 耗时=0.018s count=0
06:59:19.247702 [Thread-10 (_poll_loop)] [融富府-ToDo] 图标/标题已更新,更新本身耗时=0.022s
06:59:19.989491 [Thread-16 (_poll_loop)] [融富府-Smalll_To_Remember] 请求开始 url=http://127.0.0.1:5011/api/folders/Small_To_Remember/count
06:59:20.011608 [Thread-16 (_poll_loop)] [融富府-Smalll_To_Remember] 请求成功 耗时=0.022s count=49
06:59:20.041735 [Thread-16 (_poll_loop)] [融富府-Smalll_To_Remember] 图标/标题已更新,更新本身耗时=0.030s
06:59:20.254854 [Thread-13 (_poll_loop)] [融富府] 请求开始 url=http://192.168.2.56:5011/api/folders/Large_To_Remember/count
06:59:20.286275 [Thread-13 (_poll_loop)] [融富府] 请求成功 耗时=0.031s count=312
06:59:20.303944 [Thread-13 (_poll_loop)] [融富府] 图标/标题已更新,更新本身耗时=0.018s
06:59:31.212324 [Thread-4 (_poll_loop)] [华隆-Large] 请求开始 url=http://hua-rong-desktop.tail7dfac8.ts.net:5011/api/folders/Large_To_Remember/count
06:59:31.243283 [Thread-1 (_poll_loop)] [华隆-ToDo] 请求开始 url=http://hua-rong-desktop.tail7dfac8.ts.net:5011/api/folders/ToDo/count
06:59:31.444826 [Thread-4 (_poll_loop)] [华隆-Large] 请求成功 耗时=0.233s count=7
06:59:31.446608 [Thread-1 (_poll_loop)] [华隆-ToDo] 请求成功 耗时=0.203s count=0
06:59:31.468261 [Thread-4 (_poll_loop)] [华隆-Large] 图标/标题已更新,更新本身耗时=0.023s
06:59:31.468261 [Thread-1 (_poll_loop)] [华隆-ToDo] 图标/标题已更新,更新本身耗时=0.020s
06:59:32.034613 [Thread-7 (_poll_loop)] [华隆_Small] 请求开始 url=http://hua-rong-desktop.tail7dfac8.ts.net:5011/api/folders/Small_To_Remember/count
06:59:32.252372 [Thread-7 (_poll_loop)] [华隆_Small] 请求成功 耗时=0.218s count=21
06:59:32.271571 [Thread-7 (_poll_loop)] [华隆_Small] 图标/标题已更新,更新本身耗时=0.018s
06:59:49.256341 [Thread-10 (_poll_loop)] [融富府-ToDo] 请求开始 url=http://192.168.2.56:5011/api/folders/ToDo/count
06:59:49.275344 [Thread-10 (_poll_loop)] [融富府-ToDo] 请求成功 耗时=0.019s count=0
06:59:49.294577 [Thread-10 (_poll_loop)] [融富府-ToDo] 图标/标题已更新,更新本身耗时=0.019s
06:59:50.050943 [Thread-16 (_poll_loop)] [融富府-Smalll_To_Remember] 请求开始 url=http://127.0.0.1:5011/api/folders/Small_To_Remember/count
06:59:50.062944 [Thread-16 (_poll_loop)] [融富府-Smalll_To_Remember] 请求成功 耗时=0.012s count=49
06:59:50.083146 [Thread-16 (_poll_loop)] [融富府-Smalll_To_Remember] 图标/标题已更新,更新本身耗时=0.020s
06:59:50.315789 [Thread-13 (_poll_loop)] [融富府] 请求开始 url=http://192.168.2.56:5011/api/folders/Large_To_Remember/count
06:59:50.329305 [Thread-13 (_poll_loop)] [融富府] 请求成功 耗时=0.014s count=312
06:59:50.348719 [Thread-13 (_poll_loop)] [融富府] 图标/标题已更新,更新本身耗时=0.019s
07:00:01.484240 [Thread-4 (_poll_loop)] [华隆-Large] 请求开始 url=http://hua-rong-desktop.tail7dfac8.ts.net:5011/api/folders/Large_To_Remember/count
07:00:01.484240 [Thread-1 (_poll_loop)] [华隆-ToDo] 请求开始 url=http://hua-rong-desktop.tail7dfac8.ts.net:5011/api/folders/ToDo/count
07:00:01.710788 [Thread-4 (_poll_loop)] [华隆-Large] 请求成功 耗时=0.227s count=7
07:00:01.710788 [Thread-1 (_poll_loop)] [华隆-ToDo] 请求成功 耗时=0.227s count=0
07:00:01.739409 [Thread-4 (_poll_loop)] [华隆-Large] 图标/标题已更新,更新本身耗时=0.028s
07:00:01.739409 [Thread-1 (_poll_loop)] [华隆-ToDo] 图标/标题已更新,更新本身耗时=0.026s
07:00:02.278180 [Thread-7 (_poll_loop)] [华隆_Small] 请求开始 url=http://hua-rong-desktop.tail7dfac8.ts.net:5011/api/folders/Small_To_Remember/count
07:00:02.481735 [Thread-7 (_poll_loop)] [华隆_Small] 请求成功 耗时=0.204s count=21
07:00:02.505215 [Thread-7 (_poll_loop)] [华隆_Small] 图标/标题已更新,更新本身耗时=0.023s
07:00:19.314253 [Thread-10 (_poll_loop)] [融富府-ToDo] 请求开始 url=http://192.168.2.56:5011/api/folders/ToDo/count
07:00:19.332183 [Thread-10 (_poll_loop)] [融富府-ToDo] 请求成功 耗时=0.018s count=0
07:00:19.353973 [Thread-10 (_poll_loop)] [融富府-ToDo] 图标/标题已更新,更新本身耗时=0.022s
07:00:20.093676 [Thread-16 (_poll_loop)] [融富府-Smalll_To_Remember] 请求开始 url=http://127.0.0.1:5011/api/folders/Small_To_Remember/count
07:00:20.105886 [Thread-16 (_poll_loop)] [融富府-Smalll_To_Remember] 请求成功 耗时=0.012s count=49
07:00:20.126341 [Thread-16 (_poll_loop)] [融富府-Smalll_To_Remember] 图标/标题已更新,更新本身耗时=0.020s
07:00:20.359846 [Thread-13 (_poll_loop)] [融富府] 请求开始 url=http://192.168.2.56:5011/api/folders/Large_To_Remember/count
07:00:20.388447 [Thread-13 (_poll_loop)] [融富府] 请求成功 耗时=0.028s count=312
07:00:20.405856 [Thread-13 (_poll_loop)] [融富府] 图标/标题已更新,更新本身耗时=0.017s
07:00:31.748926 [Thread-1 (_poll_loop)] [华隆-ToDo] 请求开始 url=http://hua-rong-desktop.tail7dfac8.ts.net:5011/api/folders/ToDo/count
07:00:31.748926 [Thread-4 (_poll_loop)] [华隆-Large] 请求开始 url=http://hua-rong-desktop.tail7dfac8.ts.net:5011/api/folders/Large_To_Remember/count
07:00:31.966536 [Thread-4 (_poll_loop)] [华隆-Large] 请求成功 耗时=0.218s count=7
07:00:31.980053 [Thread-1 (_poll_loop)] [华隆-ToDo] 请求成功 耗时=0.231s count=0
07:00:31.987192 [Thread-4 (_poll_loop)] [华隆-Large] 图标/标题已更新,更新本身耗时=0.020s
07:00:31.998919 [Thread-1 (_poll_loop)] [华隆-ToDo] 图标/标题已更新,更新本身耗时=0.018s
07:00:32.515231 [Thread-7 (_poll_loop)] [华隆_Small] 请求开始 url=http://hua-rong-desktop.tail7dfac8.ts.net:5011/api/folders/Small_To_Remember/count
07:00:32.727169 [Thread-7 (_poll_loop)] [华隆_Small] 请求成功 耗时=0.212s count=21
07:00:32.747626 [Thread-7 (_poll_loop)] [华隆_Small] 图标/标题已更新,更新本身耗时=0.020s
07:00:49.364651 [Thread-10 (_poll_loop)] [融富府-ToDo] 请求开始 url=http://192.168.2.56:5011/api/folders/ToDo/count
07:00:49.381935 [Thread-10 (_poll_loop)] [融富府-ToDo] 请求成功 耗时=0.017s count=0
07:00:49.403391 [Thread-10 (_poll_loop)] [融富府-ToDo] 图标/标题已更新,更新本身耗时=0.021s
07:00:50.141707 [Thread-16 (_poll_loop)] [融富府-Smalll_To_Remember] 请求开始 url=http://127.0.0.1:5011/api/folders/Small_To_Remember/count
07:00:50.163712 [Thread-16 (_poll_loop)] [融富府-Smalll_To_Remember] 请求成功 耗时=0.022s count=49
07:00:50.187341 [Thread-16 (_poll_loop)] [融富府-Smalll_To_Remember] 图标/标题已更新,更新本身耗时=0.023s
07:00:50.423927 [Thread-13 (_poll_loop)] [融富府] 请求开始 url=http://192.168.2.56:5011/api/folders/Large_To_Remember/count
07:00:50.448196 [Thread-13 (_poll_loop)] [融富府] 请求成功 耗时=0.024s count=312
07:00:50.466239 [Thread-13 (_poll_loop)] [融富府] 图标/标题已更新,更新本身耗时=0.018s
07:01:01.993199 [Thread-4 (_poll_loop)] [华隆-Large] 请求开始 url=http://hua-rong-desktop.tail7dfac8.ts.net:5011/api/folders/Large_To_Remember/count
07:01:02.008738 [Thread-1 (_poll_loop)] [华隆-ToDo] 请求开始 url=http://hua-rong-desktop.tail7dfac8.ts.net:5011/api/folders/ToDo/count
07:01:02.213562 [Thread-1 (_poll_loop)] [华隆-ToDo] 请求成功 耗时=0.205s count=0
07:01:02.214143 [Thread-4 (_poll_loop)] [华隆-Large] 请求成功 耗时=0.221s count=7
07:01:02.235151 [Thread-4 (_poll_loop)] [华隆-Large] 图标/标题已更新,更新本身耗时=0.018s
07:01:02.235151 [Thread-1 (_poll_loop)] [华隆-ToDo] 图标/标题已更新,更新本身耗时=0.020s
07:01:02.756765 [Thread-7 (_poll_loop)] [华隆_Small] 请求开始 url=http://hua-rong-desktop.tail7dfac8.ts.net:5011/api/folders/Small_To_Remember/count
07:01:02.961769 [Thread-7 (_poll_loop)] [华隆_Small] 请求成功 耗时=0.205s count=21
07:01:02.981690 [Thread-7 (_poll_loop)] [华隆_Small] 图标/标题已更新,更新本身耗时=0.019s
07:01:19.409408 [Thread-10 (_poll_loop)] [融富府-ToDo] 请求开始 url=http://192.168.2.56:5011/api/folders/ToDo/count
07:01:19.427862 [Thread-10 (_poll_loop)] [融富府-ToDo] 请求成功 耗时=0.018s count=0
07:01:19.450220 [Thread-10 (_poll_loop)] [融富府-ToDo] 图标/标题已更新,更新本身耗时=0.022s
07:01:20.201787 [Thread-16 (_poll_loop)] [融富府-Smalll_To_Remember] 请求开始 url=http://127.0.0.1:5011/api/folders/Small_To_Remember/count
07:01:20.222712 [Thread-16 (_poll_loop)] [融富府-Smalll_To_Remember] 请求成功 耗时=0.021s count=49
07:01:20.240764 [Thread-16 (_poll_loop)] [融富府-Smalll_To_Remember] 图标/标题已更新,更新本身耗时=0.017s
07:01:20.482368 [Thread-13 (_poll_loop)] [融富府] 请求开始 url=http://192.168.2.56:5011/api/folders/Large_To_Remember/count
07:01:20.516329 [Thread-13 (_poll_loop)] [融富府] 请求成功 耗时=0.034s count=312
07:01:20.534911 [Thread-13 (_poll_loop)] [融富府] 图标/标题已更新,更新本身耗时=0.019s
07:01:32.241832 [Thread-4 (_poll_loop)] [华隆-Large] 请求开始 url=http://hua-rong-desktop.tail7dfac8.ts.net:5011/api/folders/Large_To_Remember/count
07:01:32.241832 [Thread-1 (_poll_loop)] [华隆-ToDo] 请求开始 url=http://hua-rong-desktop.tail7dfac8.ts.net:5011/api/folders/ToDo/count
07:01:32.444126 [Thread-1 (_poll_loop)] [华隆-ToDo] 请求成功 耗时=0.202s count=0
07:01:32.465110 [Thread-4 (_poll_loop)] [华隆-Large] 请求成功 耗时=0.223s count=7
07:01:32.466154 [Thread-1 (_poll_loop)] [华隆-ToDo] 图标/标题已更新,更新本身耗时=0.021s
07:01:32.480833 [Thread-4 (_poll_loop)] [华隆-Large] 图标/标题已更新,更新本身耗时=0.015s
07:01:32.987425 [Thread-7 (_poll_loop)] [华隆_Small] 请求开始 url=http://hua-rong-desktop.tail7dfac8.ts.net:5011/api/folders/Small_To_Remember/count
07:01:33.188647 [Thread-7 (_poll_loop)] [华隆_Small] 请求成功 耗时=0.201s count=21
07:01:33.209973 [Thread-7 (_poll_loop)] [华隆_Small] 图标/标题已更新,更新本身耗时=0.021s
07:01:49.464212 [Thread-10 (_poll_loop)] [融富府-ToDo] 请求开始 url=http://192.168.2.56:5011/api/folders/ToDo/count
07:01:49.482301 [Thread-10 (_poll_loop)] [融富府-ToDo] 请求成功 耗时=0.018s count=0
07:01:49.501276 [Thread-10 (_poll_loop)] [融富府-ToDo] 图标/标题已更新,更新本身耗时=0.018s
07:01:50.254903 [Thread-16 (_poll_loop)] [融富府-Smalll_To_Remember] 请求开始 url=http://127.0.0.1:5011/api/folders/Small_To_Remember/count
07:01:50.277110 [Thread-16 (_poll_loop)] [融富府-Smalll_To_Remember] 请求成功 耗时=0.022s count=49
07:01:50.296344 [Thread-16 (_poll_loop)] [融富府-Smalll_To_Remember] 图标/标题已更新,更新本身耗时=0.018s
07:01:50.551336 [Thread-13 (_poll_loop)] [融富府] 请求开始 url=http://192.168.2.56:5011/api/folders/Large_To_Remember/count
07:01:50.576819 [Thread-13 (_poll_loop)] [融富府] 请求成功 耗时=0.025s count=312
07:01:50.593113 [Thread-13 (_poll_loop)] [融富府] 图标/标题已更新,更新本身耗时=0.016s
07:02:02.472740 [Thread-1 (_poll_loop)] [华隆-ToDo] 请求开始 url=http://hua-rong-desktop.tail7dfac8.ts.net:5011/api/folders/ToDo/count
07:02:02.488055 [Thread-4 (_poll_loop)] [华隆-Large] 请求开始 url=http://hua-rong-desktop.tail7dfac8.ts.net:5011/api/folders/Large_To_Remember/count
07:02:02.672301 [Thread-1 (_poll_loop)] [华隆-ToDo] 请求成功 耗时=0.200s count=0
07:02:02.688584 [Thread-4 (_poll_loop)] [华隆-Large] 请求成功 耗时=0.201s count=7
07:02:02.696477 [Thread-1 (_poll_loop)] [华隆-ToDo] 图标/标题已更新,更新本身耗时=0.023s
07:02:02.708867 [Thread-4 (_poll_loop)] [华隆-Large] 图标/标题已更新,更新本身耗时=0.020s
07:02:03.218979 [Thread-7 (_poll_loop)] [华隆_Small] 请求开始 url=http://hua-rong-desktop.tail7dfac8.ts.net:5011/api/folders/Small_To_Remember/count
07:02:03.440527 [Thread-7 (_poll_loop)] [华隆_Small] 请求成功 耗时=0.222s count=21
07:02:03.458895 [Thread-7 (_poll_loop)] [华隆_Small] 图标/标题已更新,更新本身耗时=0.018s
07:02:19.510807 [Thread-10 (_poll_loop)] [融富府-ToDo] 请求开始 url=http://192.168.2.56:5011/api/folders/ToDo/count
07:02:19.515317 [Thread-10 (_poll_loop)] [融富府-ToDo] 请求成功 耗时=0.005s count=0
07:02:19.537080 [Thread-10 (_poll_loop)] [融富府-ToDo] 图标/标题已更新,更新本身耗时=0.022s
07:02:20.302839 [Thread-16 (_poll_loop)] [融富府-Smalll_To_Remember] 请求开始 url=http://127.0.0.1:5011/api/folders/Small_To_Remember/count
07:02:20.327455 [Thread-16 (_poll_loop)] [融富府-Smalll_To_Remember] 请求成功 耗时=0.025s count=49
07:02:20.348122 [Thread-16 (_poll_loop)] [融富府-Smalll_To_Remember] 图标/标题已更新,更新本身耗时=0.020s
07:02:20.599815 [Thread-13 (_poll_loop)] [融富府] 请求开始 url=http://192.168.2.56:5011/api/folders/Large_To_Remember/count
07:02:20.613477 [Thread-13 (_poll_loop)] [融富府] 请求成功 耗时=0.014s count=312
07:02:20.631945 [Thread-13 (_poll_loop)] [融富府] 图标/标题已更新,更新本身耗时=0.018s
07:02:32.712922 [Thread-1 (_poll_loop)] [华隆-ToDo] 请求开始 url=http://hua-rong-desktop.tail7dfac8.ts.net:5011/api/folders/ToDo/count
07:02:32.712922 [Thread-4 (_poll_loop)] [华隆-Large] 请求开始 url=http://hua-rong-desktop.tail7dfac8.ts.net:5011/api/folders/Large_To_Remember/count
07:02:32.944515 [Thread-1 (_poll_loop)] [华隆-ToDo] 请求成功 耗时=0.232s count=0
07:02:32.947167 [Thread-4 (_poll_loop)] [华隆-Large] 请求成功 耗时=0.234s count=7
07:02:32.968318 [Thread-4 (_poll_loop)] [华隆-Large] 图标/标题已更新,更新本身耗时=0.020s
07:02:32.969316 [Thread-1 (_poll_loop)] [华隆-ToDo] 图标/标题已更新,更新本身耗时=0.024s
07:02:33.475983 [Thread-7 (_poll_loop)] [华隆_Small] 请求开始 url=http://hua-rong-desktop.tail7dfac8.ts.net:5011/api/folders/Small_To_Remember/count
07:02:33.692127 [Thread-7 (_poll_loop)] [华隆_Small] 请求成功 耗时=0.216s count=21
07:02:33.714362 [Thread-7 (_poll_loop)] [华隆_Small] 图标/标题已更新,更新本身耗时=0.022s
07:02:49.545883 [Thread-10 (_poll_loop)] [融富府-ToDo] 请求开始 url=http://192.168.2.56:5011/api/folders/ToDo/count
07:02:49.551815 [Thread-10 (_poll_loop)] [融富府-ToDo] 请求成功 耗时=0.006s count=0
07:02:49.572816 [Thread-10 (_poll_loop)] [融富府-ToDo] 图标/标题已更新,更新本身耗时=0.020s
07:02:50.354393 [Thread-16 (_poll_loop)] [融富府-Smalll_To_Remember] 请求开始 url=http://127.0.0.1:5011/api/folders/Small_To_Remember/count
07:02:50.364070 [Thread-16 (_poll_loop)] [融富府-Smalll_To_Remember] 请求成功 耗时=0.010s count=49
07:02:50.383407 [Thread-16 (_poll_loop)] [融富府-Smalll_To_Remember] 图标/标题已更新,更新本身耗时=0.018s
07:02:50.650445 [Thread-13 (_poll_loop)] [融富府] 请求开始 url=http://192.168.2.56:5011/api/folders/Large_To_Remember/count
07:02:50.676056 [Thread-13 (_poll_loop)] [融富府] 请求成功 耗时=0.026s count=312
07:02:50.693609 [Thread-13 (_poll_loop)] [融富府] 图标/标题已更新,更新本身耗时=0.018s
07:03:02.978475 [Thread-4 (_poll_loop)] [华隆-Large] 请求开始 url=http://hua-rong-desktop.tail7dfac8.ts.net:5011/api/folders/Large_To_Remember/count
07:03:02.978475 [Thread-1 (_poll_loop)] [华隆-ToDo] 请求开始 url=http://hua-rong-desktop.tail7dfac8.ts.net:5011/api/folders/ToDo/count
07:03:03.197465 [Thread-1 (_poll_loop)] [华隆-ToDo] 请求成功 耗时=0.219s count=0
07:03:03.212090 [Thread-4 (_poll_loop)] [华隆-Large] 请求成功 耗时=0.234s count=7
07:03:03.220101 [Thread-1 (_poll_loop)] [华隆-ToDo] 图标/标题已更新,更新本身耗时=0.021s
07:03:03.228363 [Thread-4 (_poll_loop)] [华隆-Large] 图标/标题已更新,更新本身耗时=0.016s
07:03:03.725699 [Thread-7 (_poll_loop)] [华隆_Small] 请求开始 url=http://hua-rong-desktop.tail7dfac8.ts.net:5011/api/folders/Small_To_Remember/count
07:03:04.278855 [Thread-7 (_poll_loop)] [华隆_Small] 请求成功 耗时=0.553s count=21
07:03:04.302915 [Thread-7 (_poll_loop)] [华隆_Small] 图标/标题已更新,更新本身耗时=0.023s
07:03:19.580290 [Thread-10 (_poll_loop)] [融富府-ToDo] 请求开始 url=http://192.168.2.56:5011/api/folders/ToDo/count
07:03:19.587566 [Thread-10 (_poll_loop)] [融富府-ToDo] 请求成功 耗时=0.007s count=0
07:03:19.613721 [Thread-10 (_poll_loop)] [融富府-ToDo] 图标/标题已更新,更新本身耗时=0.025s
07:03:20.396184 [Thread-16 (_poll_loop)] [融富府-Smalll_To_Remember] 请求开始 url=http://127.0.0.1:5011/api/folders/Small_To_Remember/count
07:03:20.419445 [Thread-16 (_poll_loop)] [融富府-Smalll_To_Remember] 请求成功 耗时=0.023s count=49
07:03:20.441591 [Thread-16 (_poll_loop)] [融富府-Smalll_To_Remember] 图标/标题已更新,更新本身耗时=0.021s
07:03:20.711101 [Thread-13 (_poll_loop)] [融富府] 请求开始 url=http://192.168.2.56:5011/api/folders/Large_To_Remember/count
07:03:20.728741 [Thread-13 (_poll_loop)] [融富府] 请求成功 耗时=0.018s count=312
07:03:20.746404 [Thread-13 (_poll_loop)] [融富府] 图标/标题已更新,更新本身耗时=0.017s
07:03:33.231056 [Thread-1 (_poll_loop)] [华隆-ToDo] 请求开始 url=http://hua-rong-desktop.tail7dfac8.ts.net:5011/api/folders/ToDo/count
07:03:33.246519 [Thread-4 (_poll_loop)] [华隆-Large] 请求开始 url=http://hua-rong-desktop.tail7dfac8.ts.net:5011/api/folders/Large_To_Remember/count
07:03:33.457178 [Thread-1 (_poll_loop)] [华隆-ToDo] 请求成功 耗时=0.226s count=0
07:03:33.457777 [Thread-4 (_poll_loop)] [华隆-Large] 请求成功 耗时=0.211s count=7
07:03:33.483910 [Thread-4 (_poll_loop)] [华隆-Large] 图标/标题已更新,更新本身耗时=0.024s
07:03:33.484918 [Thread-1 (_poll_loop)] [华隆-ToDo] 图标/标题已更新,更新本身耗时=0.027s
07:03:34.317017 [Thread-7 (_poll_loop)] [华隆_Small] 请求开始 url=http://hua-rong-desktop.tail7dfac8.ts.net:5011/api/folders/Small_To_Remember/count
07:03:34.615760 [Thread-7 (_poll_loop)] [华隆_Small] 请求成功 耗时=0.299s count=21
07:03:34.637445 [Thread-7 (_poll_loop)] [华隆_Small] 图标/标题已更新,更新本身耗时=0.020s
07:03:49.628306 [Thread-10 (_poll_loop)] [融富府-ToDo] 请求开始 url=http://192.168.2.56:5011/api/folders/ToDo/count
07:03:49.633484 [Thread-10 (_poll_loop)] [融富府-ToDo] 请求成功 耗时=0.005s count=0
07:03:49.651211 [Thread-10 (_poll_loop)] [融富府-ToDo] 图标/标题已更新,更新本身耗时=0.018s
07:03:50.448911 [Thread-16 (_poll_loop)] [融富府-Smalll_To_Remember] 请求开始 url=http://127.0.0.1:5011/api/folders/Small_To_Remember/count
07:03:50.470436 [Thread-16 (_poll_loop)] [融富府-Smalll_To_Remember] 请求成功 耗时=0.022s count=49
07:03:50.488080 [Thread-16 (_poll_loop)] [融富府-Smalll_To_Remember] 图标/标题已更新,更新本身耗时=0.017s
07:03:50.758335 [Thread-13 (_poll_loop)] [融富府] 请求开始 url=http://192.168.2.56:5011/api/folders/Large_To_Remember/count
07:03:50.779473 [Thread-13 (_poll_loop)] [融富府] 请求成功 耗时=0.021s count=312
07:03:50.794982 [Thread-13 (_poll_loop)] [融富府] 图标/标题已更新,更新本身耗时=0.016s
07:04:03.487639 [Thread-4 (_poll_loop)] [华隆-Large] 请求开始 url=http://hua-rong-desktop.tail7dfac8.ts.net:5011/api/folders/Large_To_Remember/count
07:04:03.502852 [Thread-1 (_poll_loop)] [华隆-ToDo] 请求开始 url=http://hua-rong-desktop.tail7dfac8.ts.net:5011/api/folders/ToDo/count
07:04:03.721011 [Thread-1 (_poll_loop)] [华隆-ToDo] 请求成功 耗时=0.218s count=0
07:04:03.721011 [Thread-4 (_poll_loop)] [华隆-Large] 请求成功 耗时=0.233s count=7
07:04:03.742696 [Thread-4 (_poll_loop)] [华隆-Large] 图标/标题已更新,更新本身耗时=0.021s
07:04:03.743696 [Thread-1 (_poll_loop)] [华隆-ToDo] 图标/标题已更新,更新本身耗时=0.023s
07:04:04.653764 [Thread-7 (_poll_loop)] [华隆_Small] 请求开始 url=http://hua-rong-desktop.tail7dfac8.ts.net:5011/api/folders/Small_To_Remember/count
07:04:04.887523 [Thread-7 (_poll_loop)] [华隆_Small] 请求成功 耗时=0.234s count=21
07:04:04.911277 [Thread-7 (_poll_loop)] [华隆_Small] 图标/标题已更新,更新本身耗时=0.023s
07:04:19.666534 [Thread-10 (_poll_loop)] [融富府-ToDo] 请求开始 url=http://192.168.2.56:5011/api/folders/ToDo/count
07:04:19.675124 [Thread-10 (_poll_loop)] [融富府-ToDo] 请求成功 耗时=0.009s count=0
07:04:19.696656 [Thread-10 (_poll_loop)] [融富府-ToDo] 图标/标题已更新,更新本身耗时=0.021s
07:04:20.496442 [Thread-16 (_poll_loop)] [融富府-Smalll_To_Remember] 请求开始 url=http://127.0.0.1:5011/api/folders/Small_To_Remember/count
07:04:20.505985 [Thread-16 (_poll_loop)] [融富府-Smalll_To_Remember] 请求成功 耗时=0.010s count=49
07:04:20.523675 [Thread-16 (_poll_loop)] [融富府-Smalll_To_Remember] 图标/标题已更新,更新本身耗时=0.018s
07:04:20.810095 [Thread-13 (_poll_loop)] [融富府] 请求开始 url=http://192.168.2.56:5011/api/folders/Large_To_Remember/count
07:04:20.831439 [Thread-13 (_poll_loop)] [融富府] 请求成功 耗时=0.021s count=312
07:04:20.850868 [Thread-13 (_poll_loop)] [融富府] 图标/标题已更新,更新本身耗时=0.018s
07:04:33.748435 [Thread-1 (_poll_loop)] [华隆-ToDo] 请求开始 url=http://hua-rong-desktop.tail7dfac8.ts.net:5011/api/folders/ToDo/count
07:04:33.748435 [Thread-4 (_poll_loop)] [华隆-Large] 请求开始 url=http://hua-rong-desktop.tail7dfac8.ts.net:5011/api/folders/Large_To_Remember/count
07:04:33.962801 [Thread-1 (_poll_loop)] [华隆-ToDo] 请求成功 耗时=0.214s count=0
07:04:33.965265 [Thread-4 (_poll_loop)] [华隆-Large] 请求成功 耗时=0.217s count=7
07:04:33.987826 [Thread-4 (_poll_loop)] [华隆-Large] 图标/标题已更新,更新本身耗时=0.021s
07:04:33.989848 [Thread-1 (_poll_loop)] [华隆-ToDo] 图标/标题已更新,更新本身耗时=0.026s
07:04:34.917076 [Thread-7 (_poll_loop)] [华隆_Small] 请求开始 url=http://hua-rong-desktop.tail7dfac8.ts.net:5011/api/folders/Small_To_Remember/count
07:04:35.115472 [Thread-7 (_poll_loop)] [华隆_Small] 请求成功 耗时=0.198s count=21
07:04:35.136053 [Thread-7 (_poll_loop)] [华隆_Small] 图标/标题已更新,更新本身耗时=0.019s
07:04:49.713485 [Thread-10 (_poll_loop)] [融富府-ToDo] 请求开始 url=http://192.168.2.56:5011/api/folders/ToDo/count
07:04:49.717011 [Thread-10 (_poll_loop)] [融富府-ToDo] 请求成功 耗时=0.004s count=0
07:04:49.734637 [Thread-10 (_poll_loop)] [融富府-ToDo] 图标/标题已更新,更新本身耗时=0.018s
07:04:50.540531 [Thread-16 (_poll_loop)] [融富府-Smalll_To_Remember] 请求开始 url=http://127.0.0.1:5011/api/folders/Small_To_Remember/count
07:04:50.547064 [Thread-16 (_poll_loop)] [融富府-Smalll_To_Remember] 请求成功 耗时=0.007s count=49
07:04:50.566249 [Thread-16 (_poll_loop)] [融富府-Smalll_To_Remember] 图标/标题已更新,更新本身耗时=0.018s
07:04:50.854669 [Thread-13 (_poll_loop)] [融富府] 请求开始 url=http://192.168.2.56:5011/api/folders/Large_To_Remember/count
07:04:50.870742 [Thread-13 (_poll_loop)] [融富府] 请求成功 耗时=0.016s count=312
07:04:50.888059 [Thread-13 (_poll_loop)] [融富府] 图标/标题已更新,更新本身耗时=0.016s
07:05:03.998019 [Thread-1 (_poll_loop)] [华隆-ToDo] 请求开始 url=http://hua-rong-desktop.tail7dfac8.ts.net:5011/api/folders/ToDo/count
07:05:03.998019 [Thread-4 (_poll_loop)] [华隆-Large] 请求开始 url=http://hua-rong-desktop.tail7dfac8.ts.net:5011/api/folders/Large_To_Remember/count
07:05:04.459477 [Thread-4 (_poll_loop)] [华隆-Large] 请求成功 耗时=0.461s count=7
07:05:04.460053 [Thread-1 (_poll_loop)] [华隆-ToDo] 请求成功 耗时=0.462s count=0
07:05:04.484294 [Thread-4 (_poll_loop)] [华隆-Large] 图标/标题已更新,更新本身耗时=0.024s
07:05:04.484294 [Thread-1 (_poll_loop)] [华隆-ToDo] 图标/标题已更新,更新本身耗时=0.022s
07:05:05.149466 [Thread-7 (_poll_loop)] [华隆_Small] 请求开始 url=http://hua-rong-desktop.tail7dfac8.ts.net:5011/api/folders/Small_To_Remember/count
07:05:05.349039 [Thread-7 (_poll_loop)] [华隆_Small] 请求成功 耗时=0.200s count=21
07:05:05.374348 [Thread-7 (_poll_loop)] [华隆_Small] 图标/标题已更新,更新本身耗时=0.025s
07:05:19.746958 [Thread-10 (_poll_loop)] [融富府-ToDo] 请求开始 url=http://192.168.2.56:5011/api/folders/ToDo/count
07:05:19.764135 [Thread-10 (_poll_loop)] [融富府-ToDo] 请求成功 耗时=0.017s count=0
07:05:19.784922 [Thread-10 (_poll_loop)] [融富府-ToDo] 图标/标题已更新,更新本身耗时=0.021s
07:05:20.575490 [Thread-16 (_poll_loop)] [融富府-Smalll_To_Remember] 请求开始 url=http://127.0.0.1:5011/api/folders/Small_To_Remember/count
07:05:20.595787 [Thread-16 (_poll_loop)] [融富府-Smalll_To_Remember] 请求成功 耗时=0.020s count=49
07:05:20.612839 [Thread-16 (_poll_loop)] [融富府-Smalll_To_Remember] 图标/标题已更新,更新本身耗时=0.017s
07:05:20.902451 [Thread-13 (_poll_loop)] [融富府] 请求开始 url=http://192.168.2.56:5011/api/folders/Large_To_Remember/count
07:05:20.921326 [Thread-13 (_poll_loop)] [融富府] 请求成功 耗时=0.019s count=312
07:05:20.938716 [Thread-13 (_poll_loop)] [融富府] 图标/标题已更新,更新本身耗时=0.017s
07:05:34.503213 [Thread-4 (_poll_loop)] [华隆-Large] 请求开始 url=http://hua-rong-desktop.tail7dfac8.ts.net:5011/api/folders/Large_To_Remember/count
07:05:34.503213 [Thread-1 (_poll_loop)] [华隆-ToDo] 请求开始 url=http://hua-rong-desktop.tail7dfac8.ts.net:5011/api/folders/ToDo/count
07:05:34.716816 [Thread-1 (_poll_loop)] [华隆-ToDo] 请求成功 耗时=0.214s count=0
07:05:34.716816 [Thread-4 (_poll_loop)] [华隆-Large] 请求成功 耗时=0.214s count=7
07:05:34.740093 [Thread-4 (_poll_loop)] [华隆-Large] 图标/标题已更新,更新本身耗时=0.020s
07:05:34.741094 [Thread-1 (_poll_loop)] [华隆-ToDo] 图标/标题已更新,更新本身耗时=0.023s
07:05:35.387392 [Thread-7 (_poll_loop)] [华隆_Small] 请求开始 url=http://hua-rong-desktop.tail7dfac8.ts.net:5011/api/folders/Small_To_Remember/count
07:05:35.602733 [Thread-7 (_poll_loop)] [华隆_Small] 请求成功 耗时=0.215s count=21
07:05:35.623874 [Thread-7 (_poll_loop)] [华隆_Small] 图标/标题已更新,更新本身耗时=0.020s
07:05:49.793501 [Thread-10 (_poll_loop)] [融富府-ToDo] 请求开始 url=http://192.168.2.56:5011/api/folders/ToDo/count
07:05:49.799501 [Thread-10 (_poll_loop)] [融富府-ToDo] 请求成功 耗时=0.006s count=0
07:05:49.820958 [Thread-10 (_poll_loop)] [融富府-ToDo] 图标/标题已更新,更新本身耗时=0.021s
07:05:50.618721 [Thread-16 (_poll_loop)] [融富府-Smalll_To_Remember] 请求开始 url=http://127.0.0.1:5011/api/folders/Small_To_Remember/count
07:05:50.638694 [Thread-16 (_poll_loop)] [融富府-Smalll_To_Remember] 请求成功 耗时=0.020s count=49
07:05:50.657529 [Thread-16 (_poll_loop)] [融富府-Smalll_To_Remember] 图标/标题已更新,更新本身耗时=0.018s
07:05:50.946565 [Thread-13 (_poll_loop)] [融富府] 请求开始 url=http://192.168.2.56:5011/api/folders/Large_To_Remember/count
07:05:50.972380 [Thread-13 (_poll_loop)] [融富府] 请求成功 耗时=0.026s count=312
07:05:50.989760 [Thread-13 (_poll_loop)] [融富府] 图标/标题已更新,更新本身耗时=0.016s
07:06:04.748459 [Thread-4 (_poll_loop)] [华隆-Large] 请求开始 url=http://hua-rong-desktop.tail7dfac8.ts.net:5011/api/folders/Large_To_Remember/count
07:06:04.748459 [Thread-1 (_poll_loop)] [华隆-ToDo] 请求开始 url=http://hua-rong-desktop.tail7dfac8.ts.net:5011/api/folders/ToDo/count
07:06:05.326494 [Thread-4 (_poll_loop)] [华隆-Large] 请求成功 耗时=0.578s count=7
07:06:05.327081 [Thread-1 (_poll_loop)] [华隆-ToDo] 请求成功 耗时=0.579s count=0
07:06:05.348723 [Thread-1 (_poll_loop)] [华隆-ToDo] 图标/标题已更新,更新本身耗时=0.019s
07:06:05.348723 [Thread-4 (_poll_loop)] [华隆-Large] 图标/标题已更新,更新本身耗时=0.021s
07:06:05.634566 [Thread-7 (_poll_loop)] [华隆_Small] 请求开始 url=http://hua-rong-desktop.tail7dfac8.ts.net:5011/api/folders/Small_To_Remember/count
07:06:05.964752 [Thread-7 (_poll_loop)] [华隆_Small] 请求成功 耗时=0.330s count=21
07:06:05.986306 [Thread-7 (_poll_loop)] [华隆_Small] 图标/标题已更新,更新本身耗时=0.020s
07:06:19.827283 [Thread-10 (_poll_loop)] [融富府-ToDo] 请求开始 url=http://192.168.2.56:5011/api/folders/ToDo/count
07:06:19.833944 [Thread-10 (_poll_loop)] [融富府-ToDo] 请求成功 耗时=0.007s count=0
07:06:19.861893 [Thread-10 (_poll_loop)] [融富府-ToDo] 图标/标题已更新,更新本身耗时=0.027s
07:06:20.664900 [Thread-16 (_poll_loop)] [融富府-Smalll_To_Remember] 请求开始 url=http://127.0.0.1:5011/api/folders/Small_To_Remember/count
07:06:20.685607 [Thread-16 (_poll_loop)] [融富府-Smalll_To_Remember] 请求成功 耗时=0.021s count=49
07:06:20.704884 [Thread-16 (_poll_loop)] [融富府-Smalll_To_Remember] 图标/标题已更新,更新本身耗时=0.018s
07:06:20.993759 [Thread-13 (_poll_loop)] [融富府] 请求开始 url=http://192.168.2.56:5011/api/folders/Large_To_Remember/count
07:06:21.008336 [Thread-13 (_poll_loop)] [融富府] 请求成功 耗时=0.015s count=312
07:06:21.024904 [Thread-13 (_poll_loop)] [融富府] 图标/标题已更新,更新本身耗时=0.017s
07:06:35.365830 [Thread-4 (_poll_loop)] [华隆-Large] 请求开始 url=http://hua-rong-desktop.tail7dfac8.ts.net:5011/api/folders/Large_To_Remember/count
07:06:35.365830 [Thread-1 (_poll_loop)] [华隆-ToDo] 请求开始 url=http://hua-rong-desktop.tail7dfac8.ts.net:5011/api/folders/ToDo/count
07:06:35.582946 [Thread-1 (_poll_loop)] [华隆-ToDo] 请求成功 耗时=0.217s count=0
07:06:35.583403 [Thread-4 (_poll_loop)] [华隆-Large] 请求成功 耗时=0.218s count=7
07:06:35.610774 [Thread-4 (_poll_loop)] [华隆-Large] 图标/标题已更新,更新本身耗时=0.026s
07:06:35.610774 [Thread-1 (_poll_loop)] [华隆-ToDo] 图标/标题已更新,更新本身耗时=0.027s
07:06:36.001277 [Thread-7 (_poll_loop)] [华隆_Small] 请求开始 url=http://hua-rong-desktop.tail7dfac8.ts.net:5011/api/folders/Small_To_Remember/count
07:06:36.219413 [Thread-7 (_poll_loop)] [华隆_Small] 请求成功 耗时=0.218s count=21
07:06:36.242933 [Thread-7 (_poll_loop)] [华隆_Small] 图标/标题已更新,更新本身耗时=0.022s
07:06:49.873870 [Thread-10 (_poll_loop)] [融富府-ToDo] 请求开始 url=http://192.168.2.56:5011/api/folders/ToDo/count
07:06:49.875894 [Thread-10 (_poll_loop)] [融富府-ToDo] 请求成功 耗时=0.002s count=0
07:06:49.893976 [Thread-10 (_poll_loop)] [融富府-ToDo] 图标/标题已更新,更新本身耗时=0.018s
07:06:50.718336 [Thread-16 (_poll_loop)] [融富府-Smalll_To_Remember] 请求开始 url=http://127.0.0.1:5011/api/folders/Small_To_Remember/count
07:06:50.728567 [Thread-16 (_poll_loop)] [融富府-Smalll_To_Remember] 请求成功 耗时=0.010s count=49
07:06:50.746100 [Thread-16 (_poll_loop)] [融富府-Smalll_To_Remember] 图标/标题已更新,更新本身耗时=0.018s
07:06:51.032110 [Thread-13 (_poll_loop)] [融富府] 请求开始 url=http://192.168.2.56:5011/api/folders/Large_To_Remember/count
07:06:51.062214 [Thread-13 (_poll_loop)] [融富府] 请求成功 耗时=0.030s count=312
07:06:51.079809 [Thread-13 (_poll_loop)] [融富府] 图标/标题已更新,更新本身耗时=0.017s
07:07:05.629124 [Thread-4 (_poll_loop)] [华隆-Large] 请求开始 url=http://hua-rong-desktop.tail7dfac8.ts.net:5011/api/folders/Large_To_Remember/count
07:07:05.629124 [Thread-1 (_poll_loop)] [华隆-ToDo] 请求开始 url=http://hua-rong-desktop.tail7dfac8.ts.net:5011/api/folders/ToDo/count
07:07:05.837942 [Thread-1 (_poll_loop)] [华隆-ToDo] 请求成功 耗时=0.209s count=0
07:07:05.862674 [Thread-1 (_poll_loop)] [华隆-ToDo] 图标/标题已更新,更新本身耗时=0.024s
07:07:05.869439 [Thread-4 (_poll_loop)] [华隆-Large] 请求成功 耗时=0.240s count=7
07:07:05.885542 [Thread-4 (_poll_loop)] [华隆-Large] 图标/标题已更新,更新本身耗时=0.015s
07:07:06.252507 [Thread-7 (_poll_loop)] [华隆_Small] 请求开始 url=http://hua-rong-desktop.tail7dfac8.ts.net:5011/api/folders/Small_To_Remember/count
07:07:06.458856 [Thread-7 (_poll_loop)] [华隆_Small] 请求成功 耗时=0.206s count=21
07:07:06.475348 [Thread-7 (_poll_loop)] [华隆_Small] 图标/标题已更新,更新本身耗时=0.016s
07:07:19.901907 [Thread-10 (_poll_loop)] [融富府-ToDo] 请求开始 url=http://192.168.2.56:5011/api/folders/ToDo/count
07:07:19.918709 [Thread-10 (_poll_loop)] [融富府-ToDo] 请求成功 耗时=0.017s count=0
07:07:19.937926 [Thread-10 (_poll_loop)] [融富府-ToDo] 图标/标题已更新,更新本身耗时=0.019s
07:07:20.759630 [Thread-16 (_poll_loop)] [融富府-Smalll_To_Remember] 请求开始 url=http://127.0.0.1:5011/api/folders/Small_To_Remember/count
07:07:20.780340 [Thread-16 (_poll_loop)] [融富府-Smalll_To_Remember] 请求成功 耗时=0.021s count=49
07:07:20.805114 [Thread-16 (_poll_loop)] [融富府-Smalll_To_Remember] 图标/标题已更新,更新本身耗时=0.023s
07:07:21.087522 [Thread-13 (_poll_loop)] [融富府] 请求开始 url=http://192.168.2.56:5011/api/folders/Large_To_Remember/count
07:07:21.108359 [Thread-13 (_poll_loop)] [融富府] 请求成功 耗时=0.021s count=312
07:07:21.124699 [Thread-13 (_poll_loop)] [融富府] 图标/标题已更新,更新本身耗时=0.016s
07:07:35.876071 [Thread-1 (_poll_loop)] [华隆-ToDo] 请求开始 url=http://hua-rong-desktop.tail7dfac8.ts.net:5011/api/folders/ToDo/count
07:07:35.891630 [Thread-4 (_poll_loop)] [华隆-Large] 请求开始 url=http://hua-rong-desktop.tail7dfac8.ts.net:5011/api/folders/Large_To_Remember/count
07:07:36.078137 [Thread-1 (_poll_loop)] [华隆-ToDo] 请求成功 耗时=0.202s count=0
07:07:36.092420 [Thread-4 (_poll_loop)] [华隆-Large] 请求成功 耗时=0.201s count=7
07:07:36.102604 [Thread-1 (_poll_loop)] [华隆-ToDo] 图标/标题已更新,更新本身耗时=0.023s
07:07:36.110192 [Thread-4 (_poll_loop)] [华隆-Large] 图标/标题已更新,更新本身耗时=0.017s
07:07:36.484246 [Thread-7 (_poll_loop)] [华隆_Small] 请求开始 url=http://hua-rong-desktop.tail7dfac8.ts.net:5011/api/folders/Small_To_Remember/count
07:07:36.686971 [Thread-7 (_poll_loop)] [华隆_Small] 请求成功 耗时=0.203s count=21
07:07:36.708336 [Thread-7 (_poll_loop)] [华隆_Small] 图标/标题已更新,更新本身耗时=0.020s
07:07:49.951592 [Thread-10 (_poll_loop)] [融富府-ToDo] 请求开始 url=http://192.168.2.56:5011/api/folders/ToDo/count
07:07:49.970483 [Thread-10 (_poll_loop)] [融富府-ToDo] 请求成功 耗时=0.019s count=0
07:07:49.989376 [Thread-10 (_poll_loop)] [融富府-ToDo] 图标/标题已更新,更新本身耗时=0.018s
07:07:50.822378 [Thread-16 (_poll_loop)] [融富府-Smalll_To_Remember] 请求开始 url=http://127.0.0.1:5011/api/folders/Small_To_Remember/count
07:07:50.834021 [Thread-16 (_poll_loop)] [融富府-Smalll_To_Remember] 请求成功 耗时=0.012s count=49
07:07:50.857169 [Thread-16 (_poll_loop)] [融富府-Smalll_To_Remember] 图标/标题已更新,更新本身耗时=0.022s
07:07:51.133695 [Thread-13 (_poll_loop)] [融富府] 请求开始 url=http://192.168.2.56:5011/api/folders/Large_To_Remember/count
07:07:51.150229 [Thread-13 (_poll_loop)] [融富府] 请求成功 耗时=0.017s count=312
07:07:51.166610 [Thread-13 (_poll_loop)] [融富府] 图标/标题已更新,更新本身耗时=0.016s
07:08:06.114321 [Thread-4 (_poll_loop)] [华隆-Large] 请求开始 url=http://hua-rong-desktop.tail7dfac8.ts.net:5011/api/folders/Large_To_Remember/count
07:08:06.114321 [Thread-1 (_poll_loop)] [华隆-ToDo] 请求开始 url=http://hua-rong-desktop.tail7dfac8.ts.net:5011/api/folders/ToDo/count
07:08:06.376978 [Thread-4 (_poll_loop)] [华隆-Large] 请求成功 耗时=0.263s count=7
07:08:06.376978 [Thread-1 (_poll_loop)] [华隆-ToDo] 请求成功 耗时=0.263s count=0
07:08:06.399939 [Thread-4 (_poll_loop)] [华隆-Large] 图标/标题已更新,更新本身耗时=0.022s
07:08:06.401206 [Thread-1 (_poll_loop)] [华隆-ToDo] 图标/标题已更新,更新本身耗时=0.021s
07:08:06.718994 [Thread-7 (_poll_loop)] [华隆_Small] 请求开始 url=http://hua-rong-desktop.tail7dfac8.ts.net:5011/api/folders/Small_To_Remember/count
07:08:06.956153 [Thread-7 (_poll_loop)] [华隆_Small] 请求成功 耗时=0.237s count=21
07:08:06.979957 [Thread-7 (_poll_loop)] [华隆_Small] 图标/标题已更新,更新本身耗时=0.023s
07:08:19.997326 [Thread-10 (_poll_loop)] [融富府-ToDo] 请求开始 url=http://192.168.2.56:5011/api/folders/ToDo/count
07:08:20.013935 [Thread-10 (_poll_loop)] [融富府-ToDo] 请求成功 耗时=0.017s count=0
07:08:20.032443 [Thread-10 (_poll_loop)] [融富府-ToDo] 图标/标题已更新,更新本身耗时=0.018s
07:08:20.871546 [Thread-16 (_poll_loop)] [融富府-Smalll_To_Remember] 请求开始 url=http://127.0.0.1:5011/api/folders/Small_To_Remember/count
07:08:20.880588 [Thread-16 (_poll_loop)] [融富府-Smalll_To_Remember] 请求成功 耗时=0.009s count=49
07:08:20.899116 [Thread-16 (_poll_loop)] [融富府-Smalll_To_Remember] 图标/标题已更新,更新本身耗时=0.018s
07:08:21.171119 [Thread-13 (_poll_loop)] [融富府] 请求开始 url=http://192.168.2.56:5011/api/folders/Large_To_Remember/count
07:08:21.184952 [Thread-13 (_poll_loop)] [融富府] 请求成功 耗时=0.014s count=312
07:08:21.201704 [Thread-13 (_poll_loop)] [融富府] 图标/标题已更新,更新本身耗时=0.017s
07:08:36.413448 [Thread-4 (_poll_loop)] [华隆-Large] 请求开始 url=http://hua-rong-desktop.tail7dfac8.ts.net:5011/api/folders/Large_To_Remember/count
07:08:36.413448 [Thread-1 (_poll_loop)] [华隆-ToDo] 请求开始 url=http://hua-rong-desktop.tail7dfac8.ts.net:5011/api/folders/ToDo/count
07:08:36.906622 [Thread-4 (_poll_loop)] [华隆-Large] 请求成功 耗时=0.493s count=7
07:08:36.926728 [Thread-4 (_poll_loop)] [华隆-Large] 图标/标题已更新,更新本身耗时=0.019s
07:08:36.988627 [Thread-1 (_poll_loop)] [华隆-ToDo] 请求成功 耗时=0.575s count=0
07:08:36.989211 [Thread-7 (_poll_loop)] [华隆_Small] 请求开始 url=http://hua-rong-desktop.tail7dfac8.ts.net:5011/api/folders/Small_To_Remember/count
07:08:37.013907 [Thread-1 (_poll_loop)] [华隆-ToDo] 图标/标题已更新,更新本身耗时=0.024s
07:08:37.367852 [Thread-7 (_poll_loop)] [华隆_Small] 请求成功 耗时=0.379s count=21
07:08:37.387046 [Thread-7 (_poll_loop)] [华隆_Small] 图标/标题已更新,更新本身耗时=0.019s
07:08:50.037952 [Thread-10 (_poll_loop)] [融富府-ToDo] 请求开始 url=http://192.168.2.56:5011/api/folders/ToDo/count
07:08:50.046224 [Thread-10 (_poll_loop)] [融富府-ToDo] 请求成功 耗时=0.008s count=0
07:08:50.065676 [Thread-10 (_poll_loop)] [融富府-ToDo] 图标/标题已更新,更新本身耗时=0.019s
07:08:50.908380 [Thread-16 (_poll_loop)] [融富府-Smalll_To_Remember] 请求开始 url=http://127.0.0.1:5011/api/folders/Small_To_Remember/count
07:08:50.929868 [Thread-16 (_poll_loop)] [融富府-Smalll_To_Remember] 请求成功 耗时=0.021s count=49
07:08:50.946477 [Thread-16 (_poll_loop)] [融富府-Smalll_To_Remember] 图标/标题已更新,更新本身耗时=0.017s
07:08:51.219099 [Thread-13 (_poll_loop)] [融富府] 请求开始 url=http://192.168.2.56:5011/api/folders/Large_To_Remember/count
07:08:51.236510 [Thread-13 (_poll_loop)] [融富府] 请求成功 耗时=0.017s count=312
07:08:51.254287 [Thread-13 (_poll_loop)] [融富府] 图标/标题已更新,更新本身耗时=0.018s
07:09:06.938356 [Thread-4 (_poll_loop)] [华隆-Large] 请求开始 url=http://hua-rong-desktop.tail7dfac8.ts.net:5011/api/folders/Large_To_Remember/count
07:09:07.031735 [Thread-1 (_poll_loop)] [华隆-ToDo] 请求开始 url=http://hua-rong-desktop.tail7dfac8.ts.net:5011/api/folders/ToDo/count
07:09:07.158348 [Thread-4 (_poll_loop)] [华隆-Large] 请求成功 耗时=0.220s count=7
07:09:07.183501 [Thread-4 (_poll_loop)] [华隆-Large] 图标/标题已更新,更新本身耗时=0.025s
07:09:07.253364 [Thread-1 (_poll_loop)] [华隆-ToDo] 请求成功 耗时=0.222s count=0
07:09:07.276612 [Thread-1 (_poll_loop)] [华隆-ToDo] 图标/标题已更新,更新本身耗时=0.022s
07:09:07.404189 [Thread-7 (_poll_loop)] [华隆_Small] 请求开始 url=http://hua-rong-desktop.tail7dfac8.ts.net:5011/api/folders/Small_To_Remember/count
07:09:07.606687 [Thread-7 (_poll_loop)] [华隆_Small] 请求成功 耗时=0.202s count=21
07:09:07.623826 [Thread-7 (_poll_loop)] [华隆_Small] 图标/标题已更新,更新本身耗时=0.017s
07:09:20.084137 [Thread-10 (_poll_loop)] [融富府-ToDo] 请求开始 url=http://192.168.2.56:5011/api/folders/ToDo/count
07:09:20.101717 [Thread-10 (_poll_loop)] [融富府-ToDo] 请求成功 耗时=0.018s count=0
07:09:20.123588 [Thread-10 (_poll_loop)] [融富府-ToDo] 图标/标题已更新,更新本身耗时=0.022s
07:09:20.958698 [Thread-16 (_poll_loop)] [融富府-Smalll_To_Remember] 请求开始 url=http://127.0.0.1:5011/api/folders/Small_To_Remember/count
07:09:20.981129 [Thread-16 (_poll_loop)] [融富府-Smalll_To_Remember] 请求成功 耗时=0.022s count=49
07:09:21.001424 [Thread-16 (_poll_loop)] [融富府-Smalll_To_Remember] 图标/标题已更新,更新本身耗时=0.020s
07:09:21.269735 [Thread-13 (_poll_loop)] [融富府] 请求开始 url=http://192.168.2.56:5011/api/folders/Large_To_Remember/count
07:09:21.285719 [Thread-13 (_poll_loop)] [融富府] 请求成功 耗时=0.016s count=312
07:09:21.304136 [Thread-13 (_poll_loop)] [融富府] 图标/标题已更新,更新本身耗时=0.017s
07:09:37.200435 [Thread-4 (_poll_loop)] [华隆-Large] 请求开始 url=http://hua-rong-desktop.tail7dfac8.ts.net:5011/api/folders/Large_To_Remember/count
07:09:37.293196 [Thread-1 (_poll_loop)] [华隆-ToDo] 请求开始 url=http://hua-rong-desktop.tail7dfac8.ts.net:5011/api/folders/ToDo/count
07:09:37.409891 [Thread-4 (_poll_loop)] [华隆-Large] 请求成功 耗时=0.209s count=7
07:09:37.430557 [Thread-4 (_poll_loop)] [华隆-Large] 图标/标题已更新,更新本身耗时=0.019s
07:09:37.504771 [Thread-1 (_poll_loop)] [华隆-ToDo] 请求成功 耗时=0.212s count=0
07:09:37.523724 [Thread-1 (_poll_loop)] [华隆-ToDo] 图标/标题已更新,更新本身耗时=0.018s
07:09:37.634702 [Thread-7 (_poll_loop)] [华隆_Small] 请求开始 url=http://hua-rong-desktop.tail7dfac8.ts.net:5011/api/folders/Small_To_Remember/count
07:09:37.849595 [Thread-7 (_poll_loop)] [华隆_Small] 请求成功 耗时=0.215s count=21
07:09:37.872025 [Thread-7 (_poll_loop)] [华隆_Small] 图标/标题已更新,更新本身耗时=0.021s
07:09:50.135297 [Thread-10 (_poll_loop)] [融富府-ToDo] 请求开始 url=http://192.168.2.56:5011/api/folders/ToDo/count
07:09:50.151851 [Thread-10 (_poll_loop)] [融富府-ToDo] 请求成功 耗时=0.017s count=0
07:09:50.170378 [Thread-10 (_poll_loop)] [融富府-ToDo] 图标/标题已更新,更新本身耗时=0.018s
07:09:51.007718 [Thread-16 (_poll_loop)] [融富府-Smalll_To_Remember] 请求开始 url=http://127.0.0.1:5011/api/folders/Small_To_Remember/count
07:09:51.017310 [Thread-16 (_poll_loop)] [融富府-Smalll_To_Remember] 请求成功 耗时=0.010s count=49
07:09:51.034579 [Thread-16 (_poll_loop)] [融富府-Smalll_To_Remember] 图标/标题已更新,更新本身耗时=0.017s
07:09:51.319862 [Thread-13 (_poll_loop)] [融富府] 请求开始 url=http://192.168.2.56:5011/api/folders/Large_To_Remember/count
07:09:51.348357 [Thread-13 (_poll_loop)] [融富府] 请求成功 耗时=0.028s count=312
07:09:51.365504 [Thread-13 (_poll_loop)] [融富府] 图标/标题已更新,更新本身耗时=0.016s
07:10:07.436535 [Thread-4 (_poll_loop)] [华隆-Large] 请求开始 url=http://hua-rong-desktop.tail7dfac8.ts.net:5011/api/folders/Large_To_Remember/count
07:10:07.530186 [Thread-1 (_poll_loop)] [华隆-ToDo] 请求开始 url=http://hua-rong-desktop.tail7dfac8.ts.net:5011/api/folders/ToDo/count
07:10:07.659581 [Thread-4 (_poll_loop)] [华隆-Large] 请求成功 耗时=0.223s count=7
07:10:07.682408 [Thread-4 (_poll_loop)] [华隆-Large] 图标/标题已更新,更新本身耗时=0.022s
07:10:07.737799 [Thread-1 (_poll_loop)] [华隆-ToDo] 请求成功 耗时=0.208s count=0
07:10:07.756592 [Thread-1 (_poll_loop)] [华隆-ToDo] 图标/标题已更新,更新本身耗时=0.018s
07:10:07.887187 [Thread-7 (_poll_loop)] [华隆_Small] 请求开始 url=http://hua-rong-desktop.tail7dfac8.ts.net:5011/api/folders/Small_To_Remember/count
07:10:08.296580 [Thread-7 (_poll_loop)] [华隆_Small] 请求成功 耗时=0.409s count=21
07:10:08.314003 [Thread-7 (_poll_loop)] [华隆_Small] 图标/标题已更新,更新本身耗时=0.017s
07:10:20.179477 [Thread-10 (_poll_loop)] [融富府-ToDo] 请求开始 url=http://192.168.2.56:5011/api/folders/ToDo/count
07:10:20.197573 [Thread-10 (_poll_loop)] [融富府-ToDo] 请求成功 耗时=0.018s count=0
07:10:20.216309 [Thread-10 (_poll_loop)] [融富府-ToDo] 图标/标题已更新,更新本身耗时=0.019s
07:10:21.050645 [Thread-16 (_poll_loop)] [融富府-Smalll_To_Remember] 请求开始 url=http://127.0.0.1:5011/api/folders/Small_To_Remember/count
07:10:21.061487 [Thread-16 (_poll_loop)] [融富府-Smalll_To_Remember] 请求成功 耗时=0.011s count=49
07:10:21.080669 [Thread-16 (_poll_loop)] [融富府-Smalll_To_Remember] 图标/标题已更新,更新本身耗时=0.019s
07:10:21.379971 [Thread-13 (_poll_loop)] [融富府] 请求开始 url=http://192.168.2.56:5011/api/folders/Large_To_Remember/count
07:10:21.405503 [Thread-13 (_poll_loop)] [融富府] 请求成功 耗时=0.026s count=312
07:10:21.421974 [Thread-13 (_poll_loop)] [融富府] 图标/标题已更新,更新本身耗时=0.016s
07:10:37.693490 [Thread-4 (_poll_loop)] [华隆-Large] 请求开始 url=http://hua-rong-desktop.tail7dfac8.ts.net:5011/api/folders/Large_To_Remember/count
07:10:37.771184 [Thread-1 (_poll_loop)] [华隆-ToDo] 请求开始 url=http://hua-rong-desktop.tail7dfac8.ts.net:5011/api/folders/ToDo/count
07:10:37.899841 [Thread-4 (_poll_loop)] [华隆-Large] 请求成功 耗时=0.206s count=7
07:10:37.920486 [Thread-4 (_poll_loop)] [华隆-Large] 图标/标题已更新,更新本身耗时=0.019s
07:10:37.978906 [Thread-1 (_poll_loop)] [华隆-ToDo] 请求成功 耗时=0.208s count=0
07:10:37.997605 [Thread-1 (_poll_loop)] [华隆-ToDo] 图标/标题已更新,更新本身耗时=0.018s
07:10:38.326943 [Thread-7 (_poll_loop)] [华隆_Small] 请求开始 url=http://hua-rong-desktop.tail7dfac8.ts.net:5011/api/folders/Small_To_Remember/count
07:10:38.534809 [Thread-7 (_poll_loop)] [华隆_Small] 请求成功 耗时=0.208s count=21
07:10:38.557525 [Thread-7 (_poll_loop)] [华隆_Small] 图标/标题已更新,更新本身耗时=0.022s
07:10:50.232856 [Thread-10 (_poll_loop)] [融富府-ToDo] 请求开始 url=http://192.168.2.56:5011/api/folders/ToDo/count
07:10:50.250771 [Thread-10 (_poll_loop)] [融富府-ToDo] 请求成功 耗时=0.018s count=0
07:10:50.268837 [Thread-10 (_poll_loop)] [融富府-ToDo] 图标/标题已更新,更新本身耗时=0.018s
07:10:51.090687 [Thread-16 (_poll_loop)] [融富府-Smalll_To_Remember] 请求开始 url=http://127.0.0.1:5011/api/folders/Small_To_Remember/count
07:10:51.101254 [Thread-16 (_poll_loop)] [融富府-Smalll_To_Remember] 请求成功 耗时=0.011s count=49
07:10:51.120477 [Thread-16 (_poll_loop)] [融富府-Smalll_To_Remember] 图标/标题已更新,更新本身耗时=0.018s
07:10:51.435968 [Thread-13 (_poll_loop)] [融富府] 请求开始 url=http://192.168.2.56:5011/api/folders/Large_To_Remember/count
07:10:51.449295 [Thread-13 (_poll_loop)] [融富府] 请求成功 耗时=0.013s count=312
07:10:51.465184 [Thread-13 (_poll_loop)] [融富府] 图标/标题已更新,更新本身耗时=0.016s
07:11:07.939762 [Thread-4 (_poll_loop)] [华隆-Large] 请求开始 url=http://hua-rong-desktop.tail7dfac8.ts.net:5011/api/folders/Large_To_Remember/count
07:11:08.016177 [Thread-1 (_poll_loop)] [华隆-ToDo] 请求开始 url=http://hua-rong-desktop.tail7dfac8.ts.net:5011/api/folders/ToDo/count
07:11:08.562414 [Thread-7 (_poll_loop)] [华隆_Small] 请求开始 url=http://hua-rong-desktop.tail7dfac8.ts.net:5011/api/folders/Small_To_Remember/count
07:11:08.606949 [Thread-4 (_poll_loop)] [华隆-Large] 请求成功 耗时=0.667s count=7
07:11:08.628633 [Thread-4 (_poll_loop)] [华隆-Large] 图标/标题已更新,更新本身耗时=0.021s
07:11:08.658983 [Thread-1 (_poll_loop)] [华隆-ToDo] 请求成功 耗时=0.643s count=0
07:11:08.677960 [Thread-1 (_poll_loop)] [华隆-ToDo] 图标/标题已更新,更新本身耗时=0.018s
07:11:08.985531 [Thread-7 (_poll_loop)] [华隆_Small] 请求成功 耗时=0.423s count=21
07:11:09.005674 [Thread-7 (_poll_loop)] [华隆_Small] 图标/标题已更新,更新本身耗时=0.020s
07:11:20.285391 [Thread-10 (_poll_loop)] [融富府-ToDo] 请求开始 url=http://192.168.2.56:5011/api/folders/ToDo/count
07:11:20.292281 [Thread-10 (_poll_loop)] [融富府-ToDo] 请求成功 耗时=0.007s count=0
07:11:20.314986 [Thread-10 (_poll_loop)] [融富府-ToDo] 图标/标题已更新,更新本身耗时=0.023s
07:11:21.128912 [Thread-16 (_poll_loop)] [融富府-Smalll_To_Remember] 请求开始 url=http://127.0.0.1:5011/api/folders/Small_To_Remember/count
07:11:21.149630 [Thread-16 (_poll_loop)] [融富府-Smalll_To_Remember] 请求成功 耗时=0.021s count=49
07:11:21.168284 [Thread-16 (_poll_loop)] [融富府-Smalll_To_Remember] 图标/标题已更新,更新本身耗时=0.019s
07:11:21.470890 [Thread-13 (_poll_loop)] [融富府] 请求开始 url=http://192.168.2.56:5011/api/folders/Large_To_Remember/count
07:11:21.500009 [Thread-13 (_poll_loop)] [融富府] 请求成功 耗时=0.029s count=312
07:11:21.518163 [Thread-13 (_poll_loop)] [融富府] 图标/标题已更新,更新本身耗时=0.018s
07:11:38.647424 [Thread-4 (_poll_loop)] [华隆-Large] 请求开始 url=http://hua-rong-desktop.tail7dfac8.ts.net:5011/api/folders/Large_To_Remember/count
07:11:38.693678 [Thread-1 (_poll_loop)] [华隆-ToDo] 请求开始 url=http://hua-rong-desktop.tail7dfac8.ts.net:5011/api/folders/ToDo/count
07:11:38.855497 [Thread-4 (_poll_loop)] [华隆-Large] 请求成功 耗时=0.208s count=7
07:11:38.875484 [Thread-4 (_poll_loop)] [华隆-Large] 图标/标题已更新,更新本身耗时=0.019s
07:11:38.917327 [Thread-1 (_poll_loop)] [华隆-ToDo] 请求成功 耗时=0.224s count=0
07:11:38.936581 [Thread-1 (_poll_loop)] [华隆-ToDo] 图标/标题已更新,更新本身耗时=0.019s
07:11:39.021165 [Thread-7 (_poll_loop)] [华隆_Small] 请求开始 url=http://hua-rong-desktop.tail7dfac8.ts.net:5011/api/folders/Small_To_Remember/count
07:11:39.235833 [Thread-7 (_poll_loop)] [华隆_Small] 请求成功 耗时=0.215s count=21
07:11:39.255876 [Thread-7 (_poll_loop)] [华隆_Small] 图标/标题已更新,更新本身耗时=0.019s
07:11:50.327458 [Thread-10 (_poll_loop)] [融富府-ToDo] 请求开始 url=http://192.168.2.56:5011/api/folders/ToDo/count
07:11:50.335014 [Thread-10 (_poll_loop)] [融富府-ToDo] 请求成功 耗时=0.008s count=0
07:11:50.354921 [Thread-10 (_poll_loop)] [融富府-ToDo] 图标/标题已更新,更新本身耗时=0.020s
07:11:51.182579 [Thread-16 (_poll_loop)] [融富府-Smalll_To_Remember] 请求开始 url=http://127.0.0.1:5011/api/folders/Small_To_Remember/count
07:11:51.204298 [Thread-16 (_poll_loop)] [融富府-Smalll_To_Remember] 请求成功 耗时=0.022s count=49
07:11:51.222679 [Thread-16 (_poll_loop)] [融富府-Smalll_To_Remember] 图标/标题已更新,更新本身耗时=0.018s
07:11:51.525719 [Thread-13 (_poll_loop)] [融富府] 请求开始 url=http://192.168.2.56:5011/api/folders/Large_To_Remember/count
07:11:51.537748 [Thread-13 (_poll_loop)] [融富府] 请求成功 耗时=0.012s count=312
07:11:51.555348 [Thread-13 (_poll_loop)] [融富府] 图标/标题已更新,更新本身耗时=0.017s
07:12:08.886441 [Thread-4 (_poll_loop)] [华隆-Large] 请求开始 url=http://hua-rong-desktop.tail7dfac8.ts.net:5011/api/folders/Large_To_Remember/count
07:12:08.948396 [Thread-1 (_poll_loop)] [华隆-ToDo] 请求开始 url=http://hua-rong-desktop.tail7dfac8.ts.net:5011/api/folders/ToDo/count
07:12:09.085265 [Thread-4 (_poll_loop)] [华隆-Large] 请求成功 耗时=0.199s count=7
07:12:09.113635 [Thread-4 (_poll_loop)] [华隆-Large] 图标/标题已更新,更新本身耗时=0.027s
07:12:09.163791 [Thread-1 (_poll_loop)] [华隆-ToDo] 请求成功 耗时=0.215s count=0
07:12:09.183839 [Thread-1 (_poll_loop)] [华隆-ToDo] 图标/标题已更新,更新本身耗时=0.019s
07:12:09.259941 [Thread-7 (_poll_loop)] [华隆_Small] 请求开始 url=http://hua-rong-desktop.tail7dfac8.ts.net:5011/api/folders/Small_To_Remember/count
07:12:09.478133 [Thread-7 (_poll_loop)] [华隆_Small] 请求成功 耗时=0.218s count=21
07:12:09.499839 [Thread-7 (_poll_loop)] [华隆_Small] 图标/标题已更新,更新本身耗时=0.021s
07:12:20.372084 [Thread-10 (_poll_loop)] [融富府-ToDo] 请求开始 url=http://192.168.2.56:5011/api/folders/ToDo/count
07:12:20.391148 [Thread-10 (_poll_loop)] [融富府-ToDo] 请求成功 耗时=0.019s count=0
07:12:20.410706 [Thread-10 (_poll_loop)] [融富府-ToDo] 图标/标题已更新,更新本身耗时=0.020s
07:12:21.227230 [Thread-16 (_poll_loop)] [融富府-Smalll_To_Remember] 请求开始 url=http://127.0.0.1:5011/api/folders/Small_To_Remember/count
07:12:21.240040 [Thread-16 (_poll_loop)] [融富府-Smalll_To_Remember] 请求成功 耗时=0.013s count=49
07:12:21.259340 [Thread-16 (_poll_loop)] [融富府-Smalll_To_Remember] 图标/标题已更新,更新本身耗时=0.018s
07:12:21.570528 [Thread-13 (_poll_loop)] [融富府] 请求开始 url=http://192.168.2.56:5011/api/folders/Large_To_Remember/count
07:12:21.584272 [Thread-13 (_poll_loop)] [融富府] 请求成功 耗时=0.014s count=312
07:12:21.601705 [Thread-13 (_poll_loop)] [融富府] 图标/标题已更新,更新本身耗时=0.017s
07:12:39.117997 [Thread-4 (_poll_loop)] [华隆-Large] 请求开始 url=http://hua-rong-desktop.tail7dfac8.ts.net:5011/api/folders/Large_To_Remember/count
07:12:39.195005 [Thread-1 (_poll_loop)] [华隆-ToDo] 请求开始 url=http://hua-rong-desktop.tail7dfac8.ts.net:5011/api/folders/ToDo/count
07:12:39.318858 [Thread-4 (_poll_loop)] [华隆-Large] 请求成功 耗时=0.201s count=7
07:12:39.341221 [Thread-4 (_poll_loop)] [华隆-Large] 图标/标题已更新,更新本身耗时=0.022s
07:12:39.410957 [Thread-1 (_poll_loop)] [华隆-ToDo] 请求成功 耗时=0.216s count=0
07:12:39.433713 [Thread-1 (_poll_loop)] [华隆-ToDo] 图标/标题已更新,更新本身耗时=0.021s
07:12:39.504724 [Thread-7 (_poll_loop)] [华隆_Small] 请求开始 url=http://hua-rong-desktop.tail7dfac8.ts.net:5011/api/folders/Small_To_Remember/count
07:12:39.725128 [Thread-7 (_poll_loop)] [华隆_Small] 请求成功 耗时=0.220s count=21
07:12:39.744667 [Thread-7 (_poll_loop)] [华隆_Small] 图标/标题已更新,更新本身耗时=0.019s
07:12:50.424711 [Thread-10 (_poll_loop)] [融富府-ToDo] 请求开始 url=http://192.168.2.56:5011/api/folders/ToDo/count
07:12:50.442983 [Thread-10 (_poll_loop)] [融富府-ToDo] 请求成功 耗时=0.018s count=0
07:12:50.464418 [Thread-10 (_poll_loop)] [融富府-ToDo] 图标/标题已更新,更新本身耗时=0.020s
07:12:51.265156 [Thread-16 (_poll_loop)] [融富府-Smalll_To_Remember] 请求开始 url=http://127.0.0.1:5011/api/folders/Small_To_Remember/count
07:12:51.274272 [Thread-16 (_poll_loop)] [融富府-Smalll_To_Remember] 请求成功 耗时=0.009s count=49
07:12:51.293147 [Thread-16 (_poll_loop)] [融富府-Smalll_To_Remember] 图标/标题已更新,更新本身耗时=0.019s
07:12:51.607851 [Thread-13 (_poll_loop)] [融富府] 请求开始 url=http://192.168.2.56:5011/api/folders/Large_To_Remember/count
07:12:51.617640 [Thread-13 (_poll_loop)] [融富府] 请求成功 耗时=0.010s count=312
07:12:51.635407 [Thread-13 (_poll_loop)] [融富府] 图标/标题已更新,更新本身耗时=0.018s
07:13:09.354378 [Thread-4 (_poll_loop)] [华隆-Large] 请求开始 url=http://hua-rong-desktop.tail7dfac8.ts.net:5011/api/folders/Large_To_Remember/count
07:13:09.447826 [Thread-1 (_poll_loop)] [华隆-ToDo] 请求开始 url=http://hua-rong-desktop.tail7dfac8.ts.net:5011/api/folders/ToDo/count
07:13:09.556072 [Thread-4 (_poll_loop)] [华隆-Large] 请求成功 耗时=0.202s count=7
07:13:09.578281 [Thread-4 (_poll_loop)] [华隆-Large] 图标/标题已更新,更新本身耗时=0.021s
07:13:09.652293 [Thread-1 (_poll_loop)] [华隆-ToDo] 请求成功 耗时=0.204s count=0
07:13:09.671343 [Thread-1 (_poll_loop)] [华隆-ToDo] 图标/标题已更新,更新本身耗时=0.018s
07:13:09.760374 [Thread-7 (_poll_loop)] [华隆_Small] 请求开始 url=http://hua-rong-desktop.tail7dfac8.ts.net:5011/api/folders/Small_To_Remember/count
07:13:09.959837 [Thread-7 (_poll_loop)] [华隆_Small] 请求成功 耗时=0.199s count=21
07:13:09.976721 [Thread-7 (_poll_loop)] [华隆_Small] 图标/标题已更新,更新本身耗时=0.016s
07:13:20.479224 [Thread-10 (_poll_loop)] [融富府-ToDo] 请求开始 url=http://192.168.2.56:5011/api/folders/ToDo/count
07:13:20.485918 [Thread-10 (_poll_loop)] [融富府-ToDo] 请求成功 耗时=0.007s count=0
07:13:20.506250 [Thread-10 (_poll_loop)] [融富府-ToDo] 图标/标题已更新,更新本身耗时=0.019s
07:13:21.303918 [Thread-16 (_poll_loop)] [融富府-Smalll_To_Remember] 请求开始 url=http://127.0.0.1:5011/api/folders/Small_To_Remember/count
07:13:21.324027 [Thread-16 (_poll_loop)] [融富府-Smalll_To_Remember] 请求成功 耗时=0.020s count=49
07:13:21.342308 [Thread-16 (_poll_loop)] [融富府-Smalll_To_Remember] 图标/标题已更新,更新本身耗时=0.017s
07:13:21.643755 [Thread-13 (_poll_loop)] [融富府] 请求开始 url=http://192.168.2.56:5011/api/folders/Large_To_Remember/count
07:13:21.661131 [Thread-13 (_poll_loop)] [融富府] 请求成功 耗时=0.017s count=312
07:13:21.680127 [Thread-13 (_poll_loop)] [融富府] 图标/标题已更新,更新本身耗时=0.019s
07:13:39.594822 [Thread-4 (_poll_loop)] [华隆-Large] 请求开始 url=http://hua-rong-desktop.tail7dfac8.ts.net:5011/api/folders/Large_To_Remember/count
07:13:39.688415 [Thread-1 (_poll_loop)] [华隆-ToDo] 请求开始 url=http://hua-rong-desktop.tail7dfac8.ts.net:5011/api/folders/ToDo/count
07:13:39.801038 [Thread-4 (_poll_loop)] [华隆-Large] 请求成功 耗时=0.206s count=7
07:13:39.820333 [Thread-4 (_poll_loop)] [华隆-Large] 图标/标题已更新,更新本身耗时=0.019s
07:13:39.892857 [Thread-1 (_poll_loop)] [华隆-ToDo] 请求成功 耗时=0.204s count=0
07:13:39.911462 [Thread-1 (_poll_loop)] [华隆-ToDo] 图标/标题已更新,更新本身耗时=0.017s
07:13:39.983366 [Thread-7 (_poll_loop)] [华隆_Small] 请求开始 url=http://hua-rong-desktop.tail7dfac8.ts.net:5011/api/folders/Small_To_Remember/count
07:13:40.204126 [Thread-7 (_poll_loop)] [华隆_Small] 请求成功 耗时=0.221s count=21
07:13:40.223561 [Thread-7 (_poll_loop)] [华隆_Small] 图标/标题已更新,更新本身耗时=0.019s
07:13:50.516133 [Thread-10 (_poll_loop)] [融富府-ToDo] 请求开始 url=http://192.168.2.56:5011/api/folders/ToDo/count
07:13:50.534344 [Thread-10 (_poll_loop)] [融富府-ToDo] 请求成功 耗时=0.018s count=0
07:13:50.553389 [Thread-10 (_poll_loop)] [融富府-ToDo] 图标/标题已更新,更新本身耗时=0.018s
07:13:51.356373 [Thread-16 (_poll_loop)] [融富府-Smalll_To_Remember] 请求开始 url=http://127.0.0.1:5011/api/folders/Small_To_Remember/count
07:13:51.363767 [Thread-16 (_poll_loop)] [融富府-Smalll_To_Remember] 请求成功 耗时=0.007s count=49
07:13:51.381488 [Thread-16 (_poll_loop)] [融富府-Smalll_To_Remember] 图标/标题已更新,更新本身耗时=0.018s
07:13:51.683945 [Thread-13 (_poll_loop)] [融富府] 请求开始 url=http://192.168.2.56:5011/api/folders/Large_To_Remember/count
07:13:51.697975 [Thread-13 (_poll_loop)] [融富府] 请求成功 耗时=0.014s count=312
07:13:51.716122 [Thread-13 (_poll_loop)] [融富府] 图标/标题已更新,更新本身耗时=0.018s
07:14:09.829020 [Thread-4 (_poll_loop)] [华隆-Large] 请求开始 url=http://hua-rong-desktop.tail7dfac8.ts.net:5011/api/folders/Large_To_Remember/count
07:14:09.922025 [Thread-1 (_poll_loop)] [华隆-ToDo] 请求开始 url=http://hua-rong-desktop.tail7dfac8.ts.net:5011/api/folders/ToDo/count
07:14:10.037752 [Thread-4 (_poll_loop)] [华隆-Large] 请求成功 耗时=0.209s count=7
07:14:10.053878 [Thread-4 (_poll_loop)] [华隆-Large] 图标/标题已更新,更新本身耗时=0.016s
07:14:10.146131 [Thread-1 (_poll_loop)] [华隆-ToDo] 请求成功 耗时=0.224s count=0
07:14:10.164460 [Thread-1 (_poll_loop)] [华隆-ToDo] 图标/标题已更新,更新本身耗时=0.018s
07:14:10.234040 [Thread-7 (_poll_loop)] [华隆_Small] 请求开始 url=http://hua-rong-desktop.tail7dfac8.ts.net:5011/api/folders/Small_To_Remember/count
07:14:10.441310 [Thread-7 (_poll_loop)] [华隆_Small] 请求成功 耗时=0.207s count=21
07:14:10.458747 [Thread-7 (_poll_loop)] [华隆_Small] 图标/标题已更新,更新本身耗时=0.017s
07:14:20.562767 [Thread-10 (_poll_loop)] [融富府-ToDo] 请求开始 url=http://192.168.2.56:5011/api/folders/ToDo/count
07:14:20.580688 [Thread-10 (_poll_loop)] [融富府-ToDo] 请求成功 耗时=0.018s count=0
07:14:20.601106 [Thread-10 (_poll_loop)] [融富府-ToDo] 图标/标题已更新,更新本身耗时=0.020s
07:14:21.386993 [Thread-16 (_poll_loop)] [融富府-Smalll_To_Remember] 请求开始 url=http://127.0.0.1:5011/api/folders/Small_To_Remember/count
07:14:21.409528 [Thread-16 (_poll_loop)] [融富府-Smalll_To_Remember] 请求成功 耗时=0.023s count=49
07:14:21.427798 [Thread-16 (_poll_loop)] [融富府-Smalll_To_Remember] 图标/标题已更新,更新本身耗时=0.018s
07:14:21.730613 [Thread-13 (_poll_loop)] [融富府] 请求开始 url=http://192.168.2.56:5011/api/folders/Large_To_Remember/count
07:14:21.764663 [Thread-13 (_poll_loop)] [融富府] 请求成功 耗时=0.034s count=312
07:14:21.781411 [Thread-13 (_poll_loop)] [融富府] 图标/标题已更新,更新本身耗时=0.017s
07:14:40.066843 [Thread-4 (_poll_loop)] [华隆-Large] 请求开始 url=http://hua-rong-desktop.tail7dfac8.ts.net:5011/api/folders/Large_To_Remember/count
07:14:40.175510 [Thread-1 (_poll_loop)] [华隆-ToDo] 请求开始 url=http://hua-rong-desktop.tail7dfac8.ts.net:5011/api/folders/ToDo/count
07:14:40.281106 [Thread-4 (_poll_loop)] [华隆-Large] 请求成功 耗时=0.214s count=7
07:14:40.301600 [Thread-4 (_poll_loop)] [华隆-Large] 图标/标题已更新,更新本身耗时=0.019s
07:14:40.391617 [Thread-1 (_poll_loop)] [华隆-ToDo] 请求成功 耗时=0.216s count=0
07:14:40.409987 [Thread-1 (_poll_loop)] [华隆-ToDo] 图标/标题已更新,更新本身耗时=0.017s
07:14:40.470307 [Thread-7 (_poll_loop)] [华隆_Small] 请求开始 url=http://hua-rong-desktop.tail7dfac8.ts.net:5011/api/folders/Small_To_Remember/count
07:14:40.667880 [Thread-7 (_poll_loop)] [华隆_Small] 请求成功 耗时=0.198s count=21
07:14:40.694301 [Thread-7 (_poll_loop)] [华隆_Small] 图标/标题已更新,更新本身耗时=0.025s
07:14:50.615260 [Thread-10 (_poll_loop)] [融富府-ToDo] 请求开始 url=http://192.168.2.56:5011/api/folders/ToDo/count
07:14:50.621959 [Thread-10 (_poll_loop)] [融富府-ToDo] 请求成功 耗时=0.007s count=0
07:14:50.640351 [Thread-10 (_poll_loop)] [融富府-ToDo] 图标/标题已更新,更新本身耗时=0.018s
07:14:51.440505 [Thread-16 (_poll_loop)] [融富府-Smalll_To_Remember] 请求开始 url=http://127.0.0.1:5011/api/folders/Small_To_Remember/count
07:14:51.451019 [Thread-16 (_poll_loop)] [融富府-Smalll_To_Remember] 请求成功 耗时=0.011s count=49
07:14:51.469554 [Thread-16 (_poll_loop)] [融富府-Smalll_To_Remember] 图标/标题已更新,更新本身耗时=0.019s
07:14:51.797681 [Thread-13 (_poll_loop)] [融富府] 请求开始 url=http://192.168.2.56:5011/api/folders/Large_To_Remember/count
07:14:51.825298 [Thread-13 (_poll_loop)] [融富府] 请求成功 耗时=0.028s count=312
07:14:51.843208 [Thread-13 (_poll_loop)] [融富府] 图标/标题已更新,更新本身耗时=0.017s
07:15:10.318706 [Thread-4 (_poll_loop)] [华隆-Large] 请求开始 url=http://hua-rong-desktop.tail7dfac8.ts.net:5011/api/folders/Large_To_Remember/count
07:15:10.427600 [Thread-1 (_poll_loop)] [华隆-ToDo] 请求开始 url=http://hua-rong-desktop.tail7dfac8.ts.net:5011/api/folders/ToDo/count
07:15:10.535190 [Thread-4 (_poll_loop)] [华隆-Large] 请求成功 耗时=0.216s count=7
07:15:10.554329 [Thread-4 (_poll_loop)] [华隆-Large] 图标/标题已更新,更新本身耗时=0.019s
07:15:10.621286 [Thread-1 (_poll_loop)] [华隆-ToDo] 请求成功 耗时=0.194s count=0
07:15:10.639236 [Thread-1 (_poll_loop)] [华隆-ToDo] 图标/标题已更新,更新本身耗时=0.017s
07:15:10.707637 [Thread-7 (_poll_loop)] [华隆_Small] 请求开始 url=http://hua-rong-desktop.tail7dfac8.ts.net:5011/api/folders/Small_To_Remember/count
07:15:10.920000 [Thread-7 (_poll_loop)] [华隆_Small] 请求成功 耗时=0.212s count=21
07:15:10.936342 [Thread-7 (_poll_loop)] [华隆_Small] 图标/标题已更新,更新本身耗时=0.016s
07:15:20.659051 [Thread-10 (_poll_loop)] [融富府-ToDo] 请求开始 url=http://192.168.2.56:5011/api/folders/ToDo/count
07:15:20.675735 [Thread-10 (_poll_loop)] [融富府-ToDo] 请求成功 耗时=0.017s count=0
07:15:20.696297 [Thread-10 (_poll_loop)] [融富府-ToDo] 图标/标题已更新,更新本身耗时=0.020s
07:15:21.485462 [Thread-16 (_poll_loop)] [融富府-Smalll_To_Remember] 请求开始 url=http://127.0.0.1:5011/api/folders/Small_To_Remember/count
07:15:21.509608 [Thread-16 (_poll_loop)] [融富府-Smalll_To_Remember] 请求成功 耗时=0.024s count=49
07:15:21.529397 [Thread-16 (_poll_loop)] [融富府-Smalll_To_Remember] 图标/标题已更新,更新本身耗时=0.020s
07:15:21.858614 [Thread-13 (_poll_loop)] [融富府] 请求开始 url=http://192.168.2.56:5011/api/folders/Large_To_Remember/count
07:15:21.876696 [Thread-13 (_poll_loop)] [融富府] 请求成功 耗时=0.018s count=312
07:15:21.892742 [Thread-13 (_poll_loop)] [融富府] 图标/标题已更新,更新本身耗时=0.016s
07:15:40.571369 [Thread-4 (_poll_loop)] [华隆-Large] 请求开始 url=http://hua-rong-desktop.tail7dfac8.ts.net:5011/api/folders/Large_To_Remember/count
07:15:40.649281 [Thread-1 (_poll_loop)] [华隆-ToDo] 请求开始 url=http://hua-rong-desktop.tail7dfac8.ts.net:5011/api/folders/ToDo/count
07:15:40.793842 [Thread-4 (_poll_loop)] [华隆-Large] 请求成功 耗时=0.222s count=7
07:15:40.816989 [Thread-4 (_poll_loop)] [华隆-Large] 图标/标题已更新,更新本身耗时=0.022s
07:15:40.875928 [Thread-1 (_poll_loop)] [华隆-ToDo] 请求成功 耗时=0.227s count=0
07:15:40.898850 [Thread-1 (_poll_loop)] [华隆-ToDo] 图标/标题已更新,更新本身耗时=0.022s
07:15:40.942039 [Thread-7 (_poll_loop)] [华隆_Small] 请求开始 url=http://hua-rong-desktop.tail7dfac8.ts.net:5011/api/folders/Small_To_Remember/count
07:15:41.167325 [Thread-7 (_poll_loop)] [华隆_Small] 请求成功 耗时=0.225s count=21
07:15:41.190519 [Thread-7 (_poll_loop)] [华隆_Small] 图标/标题已更新,更新本身耗时=0.023s
07:15:50.711161 [Thread-10 (_poll_loop)] [融富府-ToDo] 请求开始 url=http://192.168.2.56:5011/api/folders/ToDo/count
07:15:50.717418 [Thread-10 (_poll_loop)] [融富府-ToDo] 请求成功 耗时=0.006s count=0
07:15:50.735910 [Thread-10 (_poll_loop)] [融富府-ToDo] 图标/标题已更新,更新本身耗时=0.018s
07:15:51.539991 [Thread-16 (_poll_loop)] [融富府-Smalll_To_Remember] 请求开始 url=http://127.0.0.1:5011/api/folders/Small_To_Remember/count
07:15:51.562809 [Thread-16 (_poll_loop)] [融富府-Smalll_To_Remember] 请求成功 耗时=0.023s count=49
07:15:51.580181 [Thread-16 (_poll_loop)] [融富府-Smalll_To_Remember] 图标/标题已更新,更新本身耗时=0.017s
07:15:51.910666 [Thread-13 (_poll_loop)] [融富府] 请求开始 url=http://192.168.2.56:5011/api/folders/Large_To_Remember/count
07:15:51.941740 [Thread-13 (_poll_loop)] [融富府] 请求成功 耗时=0.031s count=312
07:15:51.957539 [Thread-13 (_poll_loop)] [融富府] 图标/标题已更新,更新本身耗时=0.016s
07:16:10.835302 [Thread-4 (_poll_loop)] [华隆-Large] 请求开始 url=http://hua-rong-desktop.tail7dfac8.ts.net:5011/api/folders/Large_To_Remember/count
07:16:10.912877 [Thread-1 (_poll_loop)] [华隆-ToDo] 请求开始 url=http://hua-rong-desktop.tail7dfac8.ts.net:5011/api/folders/ToDo/count
07:16:11.040597 [Thread-4 (_poll_loop)] [华隆-Large] 请求成功 耗时=0.205s count=7
07:16:11.065297 [Thread-4 (_poll_loop)] [华隆-Large] 图标/标题已更新,更新本身耗时=0.024s
07:16:11.118171 [Thread-1 (_poll_loop)] [华隆-ToDo] 请求成功 耗时=0.205s count=0
07:16:11.137174 [Thread-1 (_poll_loop)] [华隆-ToDo] 图标/标题已更新,更新本身耗时=0.018s
07:16:11.207799 [Thread-7 (_poll_loop)] [华隆_Small] 请求开始 url=http://hua-rong-desktop.tail7dfac8.ts.net:5011/api/folders/Small_To_Remember/count
07:16:11.414152 [Thread-7 (_poll_loop)] [华隆_Small] 请求成功 耗时=0.206s count=21
07:16:11.436135 [Thread-7 (_poll_loop)] [华隆_Small] 图标/标题已更新,更新本身耗时=0.021s
07:16:20.748672 [Thread-10 (_poll_loop)] [融富府-ToDo] 请求开始 url=http://192.168.2.56:5011/api/folders/ToDo/count
07:16:20.755604 [Thread-10 (_poll_loop)] [融富府-ToDo] 请求成功 耗时=0.007s count=0
07:16:20.775462 [Thread-10 (_poll_loop)] [融富府-ToDo] 图标/标题已更新,更新本身耗时=0.020s
07:16:21.589458 [Thread-16 (_poll_loop)] [融富府-Smalll_To_Remember] 请求开始 url=http://127.0.0.1:5011/api/folders/Small_To_Remember/count
07:16:21.602159 [Thread-16 (_poll_loop)] [融富府-Smalll_To_Remember] 请求成功 耗时=0.013s count=49
07:16:21.621774 [Thread-16 (_poll_loop)] [融富府-Smalll_To_Remember] 图标/标题已更新,更新本身耗时=0.020s
07:16:21.976913 [Thread-13 (_poll_loop)] [融富府] 请求开始 url=http://192.168.2.56:5011/api/folders/Large_To_Remember/count
07:16:22.011751 [Thread-13 (_poll_loop)] [融富府] 请求成功 耗时=0.035s count=312
07:16:22.030935 [Thread-13 (_poll_loop)] [融富府] 图标/标题已更新,更新本身耗时=0.018s
07:16:41.080758 [Thread-4 (_poll_loop)] [华隆-Large] 请求开始 url=http://hua-rong-desktop.tail7dfac8.ts.net:5011/api/folders/Large_To_Remember/count
07:16:41.142184 [Thread-1 (_poll_loop)] [华隆-ToDo] 请求开始 url=http://hua-rong-desktop.tail7dfac8.ts.net:5011/api/folders/ToDo/count
07:16:41.325844 [Thread-4 (_poll_loop)] [华隆-Large] 请求成功 耗时=0.245s count=7
07:16:41.346309 [Thread-4 (_poll_loop)] [华隆-Large] 图标/标题已更新,更新本身耗时=0.020s
07:16:41.384091 [Thread-1 (_poll_loop)] [华隆-ToDo] 请求成功 耗时=0.242s count=0
07:16:41.402683 [Thread-1 (_poll_loop)] [华隆-ToDo] 图标/标题已更新,更新本身耗时=0.018s
07:16:41.452650 [Thread-7 (_poll_loop)] [华隆_Small] 请求开始 url=http://hua-rong-desktop.tail7dfac8.ts.net:5011/api/folders/Small_To_Remember/count
07:16:41.690174 [Thread-7 (_poll_loop)] [华隆_Small] 请求成功 耗时=0.238s count=21
07:16:41.712504 [Thread-7 (_poll_loop)] [华隆_Small] 图标/标题已更新,更新本身耗时=0.022s
07:16:50.787052 [Thread-10 (_poll_loop)] [融富府-ToDo] 请求开始 url=http://192.168.2.56:5011/api/folders/ToDo/count
07:16:50.794627 [Thread-10 (_poll_loop)] [融富府-ToDo] 请求成功 耗时=0.008s count=0
07:16:50.814372 [Thread-10 (_poll_loop)] [融富府-ToDo] 图标/标题已更新,更新本身耗时=0.020s
07:16:51.626281 [Thread-16 (_poll_loop)] [融富府-Smalll_To_Remember] 请求开始 url=http://127.0.0.1:5011/api/folders/Small_To_Remember/count
07:16:51.634881 [Thread-16 (_poll_loop)] [融富府-Smalll_To_Remember] 请求成功 耗时=0.009s count=49
07:16:51.651688 [Thread-16 (_poll_loop)] [融富府-Smalll_To_Remember] 图标/标题已更新,更新本身耗时=0.017s
07:16:52.045290 [Thread-13 (_poll_loop)] [融富府] 请求开始 url=http://192.168.2.56:5011/api/folders/Large_To_Remember/count
07:16:52.060642 [Thread-13 (_poll_loop)] [融富府] 请求成功 耗时=0.015s count=312
07:16:52.078122 [Thread-13 (_poll_loop)] [融富府] 图标/标题已更新,更新本身耗时=0.017s
07:17:11.358408 [Thread-4 (_poll_loop)] [华隆-Large] 请求开始 url=http://hua-rong-desktop.tail7dfac8.ts.net:5011/api/folders/Large_To_Remember/count
07:17:11.421179 [Thread-1 (_poll_loop)] [华隆-ToDo] 请求开始 url=http://hua-rong-desktop.tail7dfac8.ts.net:5011/api/folders/ToDo/count
07:17:11.565889 [Thread-4 (_poll_loop)] [华隆-Large] 请求成功 耗时=0.207s count=7
07:17:11.589883 [Thread-4 (_poll_loop)] [华隆-Large] 图标/标题已更新,更新本身耗时=0.023s
07:17:11.626680 [Thread-1 (_poll_loop)] [华隆-ToDo] 请求成功 耗时=0.206s count=0
07:17:11.649252 [Thread-1 (_poll_loop)] [华隆-ToDo] 图标/标题已更新,更新本身耗时=0.022s
07:17:11.716236 [Thread-7 (_poll_loop)] [华隆_Small] 请求开始 url=http://hua-rong-desktop.tail7dfac8.ts.net:5011/api/folders/Small_To_Remember/count
07:17:11.923815 [Thread-7 (_poll_loop)] [华隆_Small] 请求成功 耗时=0.208s count=21
07:17:11.945143 [Thread-7 (_poll_loop)] [华隆_Small] 图标/标题已更新,更新本身耗时=0.020s
07:17:20.821294 [Thread-10 (_poll_loop)] [融富府-ToDo] 请求开始 url=http://192.168.2.56:5011/api/folders/ToDo/count
07:17:20.828369 [Thread-10 (_poll_loop)] [融富府-ToDo] 请求成功 耗时=0.007s count=0
07:17:20.848031 [Thread-10 (_poll_loop)] [融富府-ToDo] 图标/标题已更新,更新本身耗时=0.019s
07:17:21.666116 [Thread-16 (_poll_loop)] [融富府-Smalll_To_Remember] 请求开始 url=http://127.0.0.1:5011/api/folders/Small_To_Remember/count
07:17:21.686222 [Thread-16 (_poll_loop)] [融富府-Smalll_To_Remember] 请求成功 耗时=0.020s count=49
07:17:21.705666 [Thread-16 (_poll_loop)] [融富府-Smalll_To_Remember] 图标/标题已更新,更新本身耗时=0.018s
07:17:22.086981 [Thread-13 (_poll_loop)] [融富府] 请求开始 url=http://192.168.2.56:5011/api/folders/Large_To_Remember/count
07:17:22.105574 [Thread-13 (_poll_loop)] [融富府] 请求成功 耗时=0.019s count=312
07:17:22.123151 [Thread-13 (_poll_loop)] [融富府] 图标/标题已更新,更新本身耗时=0.017s
07:17:41.595131 [Thread-4 (_poll_loop)] [华隆-Large] 请求开始 url=http://hua-rong-desktop.tail7dfac8.ts.net:5011/api/folders/Large_To_Remember/count
07:17:41.656975 [Thread-1 (_poll_loop)] [华隆-ToDo] 请求开始 url=http://hua-rong-desktop.tail7dfac8.ts.net:5011/api/folders/ToDo/count
07:17:41.807278 [Thread-4 (_poll_loop)] [华隆-Large] 请求成功 耗时=0.212s count=7
07:17:41.825671 [Thread-4 (_poll_loop)] [华隆-Large] 图标/标题已更新,更新本身耗时=0.018s
07:17:41.867383 [Thread-1 (_poll_loop)] [华隆-ToDo] 请求成功 耗时=0.210s count=0
07:17:41.887952 [Thread-1 (_poll_loop)] [华隆-ToDo] 图标/标题已更新,更新本身耗时=0.020s
07:17:41.950190 [Thread-7 (_poll_loop)] [华隆_Small] 请求开始 url=http://hua-rong-desktop.tail7dfac8.ts.net:5011/api/folders/Small_To_Remember/count
07:17:42.150019 [Thread-7 (_poll_loop)] [华隆_Small] 请求成功 耗时=0.200s count=21
07:17:42.170131 [Thread-7 (_poll_loop)] [华隆_Small] 图标/标题已更新,更新本身耗时=0.019s
07:17:50.857382 [Thread-10 (_poll_loop)] [融富府-ToDo] 请求开始 url=http://192.168.2.56:5011/api/folders/ToDo/count
07:17:50.864639 [Thread-10 (_poll_loop)] [融富府-ToDo] 请求成功 耗时=0.006s count=0
07:17:50.883039 [Thread-10 (_poll_loop)] [融富府-ToDo] 图标/标题已更新,更新本身耗时=0.018s
07:17:51.713204 [Thread-16 (_poll_loop)] [融富府-Smalll_To_Remember] 请求开始 url=http://127.0.0.1:5011/api/folders/Small_To_Remember/count
07:17:51.722704 [Thread-16 (_poll_loop)] [融富府-Smalll_To_Remember] 请求成功 耗时=0.010s count=49
07:17:51.739546 [Thread-16 (_poll_loop)] [融富府-Smalll_To_Remember] 图标/标题已更新,更新本身耗时=0.017s
07:17:52.134879 [Thread-13 (_poll_loop)] [融富府] 请求开始 url=http://192.168.2.56:5011/api/folders/Large_To_Remember/count
07:17:52.162681 [Thread-13 (_poll_loop)] [融富府] 请求成功 耗时=0.028s count=312
07:17:52.179692 [Thread-13 (_poll_loop)] [融富府] 图标/标题已更新,更新本身耗时=0.017s
07:18:11.844186 [Thread-4 (_poll_loop)] [华隆-Large] 请求开始 url=http://hua-rong-desktop.tail7dfac8.ts.net:5011/api/folders/Large_To_Remember/count
07:18:11.891692 [Thread-1 (_poll_loop)] [华隆-ToDo] 请求开始 url=http://hua-rong-desktop.tail7dfac8.ts.net:5011/api/folders/ToDo/count
07:18:12.049562 [Thread-4 (_poll_loop)] [华隆-Large] 请求成功 耗时=0.205s count=7
07:18:12.067689 [Thread-4 (_poll_loop)] [华隆-Large] 图标/标题已更新,更新本身耗时=0.017s
07:18:12.109976 [Thread-1 (_poll_loop)] [华隆-ToDo] 请求成功 耗时=0.218s count=0
07:18:12.131532 [Thread-1 (_poll_loop)] [华隆-ToDo] 图标/标题已更新,更新本身耗时=0.019s
07:18:12.185425 [Thread-7 (_poll_loop)] [华隆_Small] 请求开始 url=http://hua-rong-desktop.tail7dfac8.ts.net:5011/api/folders/Small_To_Remember/count
07:18:12.391727 [Thread-7 (_poll_loop)] [华隆_Small] 请求成功 耗时=0.206s count=21
07:18:12.410400 [Thread-7 (_poll_loop)] [华隆_Small] 图标/标题已更新,更新本身耗时=0.018s
07:18:20.894004 [Thread-10 (_poll_loop)] [融富府-ToDo] 请求开始 url=http://192.168.2.56:5011/api/folders/ToDo/count
07:18:20.902517 [Thread-10 (_poll_loop)] [融富府-ToDo] 请求成功 耗时=0.009s count=0
07:18:20.920917 [Thread-10 (_poll_loop)] [融富府-ToDo] 图标/标题已更新,更新本身耗时=0.018s
07:18:21.752927 [Thread-16 (_poll_loop)] [融富府-Smalll_To_Remember] 请求开始 url=http://127.0.0.1:5011/api/folders/Small_To_Remember/count
07:18:21.774131 [Thread-16 (_poll_loop)] [融富府-Smalll_To_Remember] 请求成功 耗时=0.021s count=49
07:18:21.794142 [Thread-16 (_poll_loop)] [融富府-Smalll_To_Remember] 图标/标题已更新,更新本身耗时=0.019s
07:18:22.187909 [Thread-13 (_poll_loop)] [融富府] 请求开始 url=http://192.168.2.56:5011/api/folders/Large_To_Remember/count
07:18:22.213589 [Thread-13 (_poll_loop)] [融富府] 请求成功 耗时=0.026s count=312
07:18:22.230903 [Thread-13 (_poll_loop)] [融富府] 图标/标题已更新,更新本身耗时=0.017s
07:18:42.073052 [Thread-4 (_poll_loop)] [华隆-Large] 请求开始 url=http://hua-rong-desktop.tail7dfac8.ts.net:5011/api/folders/Large_To_Remember/count
07:18:42.150081 [Thread-1 (_poll_loop)] [华隆-ToDo] 请求开始 url=http://hua-rong-desktop.tail7dfac8.ts.net:5011/api/folders/ToDo/count
07:18:42.279618 [Thread-4 (_poll_loop)] [华隆-Large] 请求成功 耗时=0.207s count=7
07:18:42.308206 [Thread-4 (_poll_loop)] [华隆-Large] 图标/标题已更新,更新本身耗时=0.027s
07:18:42.353252 [Thread-1 (_poll_loop)] [华隆-ToDo] 请求成功 耗时=0.203s count=0
07:18:42.372458 [Thread-1 (_poll_loop)] [华隆-ToDo] 图标/标题已更新,更新本身耗时=0.017s
07:18:42.413468 [Thread-7 (_poll_loop)] [华隆_Small] 请求开始 url=http://hua-rong-desktop.tail7dfac8.ts.net:5011/api/folders/Small_To_Remember/count
07:18:42.634554 [Thread-7 (_poll_loop)] [华隆_Small] 请求成功 耗时=0.221s count=21
07:18:42.652676 [Thread-7 (_poll_loop)] [华隆_Small] 图标/标题已更新,更新本身耗时=0.018s
07:18:50.926763 [Thread-10 (_poll_loop)] [融富府-ToDo] 请求开始 url=http://192.168.2.56:5011/api/folders/ToDo/count
07:18:50.945332 [Thread-10 (_poll_loop)] [融富府-ToDo] 请求成功 耗时=0.019s count=0
07:18:50.964113 [Thread-10 (_poll_loop)] [融富府-ToDo] 图标/标题已更新,更新本身耗时=0.019s
07:18:51.810485 [Thread-16 (_poll_loop)] [融富府-Smalll_To_Remember] 请求开始 url=http://127.0.0.1:5011/api/folders/Small_To_Remember/count
07:18:51.832241 [Thread-16 (_poll_loop)] [融富府-Smalll_To_Remember] 请求成功 耗时=0.022s count=49
07:18:51.855095 [Thread-16 (_poll_loop)] [融富府-Smalll_To_Remember] 图标/标题已更新,更新本身耗时=0.023s
07:18:52.241049 [Thread-13 (_poll_loop)] [融富府] 请求开始 url=http://192.168.2.56:5011/api/folders/Large_To_Remember/count
07:18:52.254399 [Thread-13 (_poll_loop)] [融富府] 请求成功 耗时=0.013s count=312
07:18:52.271504 [Thread-13 (_poll_loop)] [融富府] 图标/标题已更新,更新本身耗时=0.015s
07:19:12.323887 [Thread-4 (_poll_loop)] [华隆-Large] 请求开始 url=http://hua-rong-desktop.tail7dfac8.ts.net:5011/api/folders/Large_To_Remember/count
07:19:12.387183 [Thread-1 (_poll_loop)] [华隆-ToDo] 请求开始 url=http://hua-rong-desktop.tail7dfac8.ts.net:5011/api/folders/ToDo/count
07:19:12.534582 [Thread-4 (_poll_loop)] [华隆-Large] 请求成功 耗时=0.211s count=7
07:19:12.555655 [Thread-4 (_poll_loop)] [华隆-Large] 图标/标题已更新,更新本身耗时=0.021s
07:19:12.612087 [Thread-1 (_poll_loop)] [华隆-ToDo] 请求成功 耗时=0.225s count=0
07:19:12.633332 [Thread-1 (_poll_loop)] [华隆-ToDo] 图标/标题已更新,更新本身耗时=0.021s
07:19:12.665530 [Thread-7 (_poll_loop)] [华隆_Small] 请求开始 url=http://hua-rong-desktop.tail7dfac8.ts.net:5011/api/folders/Small_To_Remember/count
07:19:12.875455 [Thread-7 (_poll_loop)] [华隆_Small] 请求成功 耗时=0.210s count=21
07:19:12.895169 [Thread-7 (_poll_loop)] [华隆_Small] 图标/标题已更新,更新本身耗时=0.019s
07:19:20.975508 [Thread-10 (_poll_loop)] [融富府-ToDo] 请求开始 url=http://192.168.2.56:5011/api/folders/ToDo/count
07:19:20.982059 [Thread-10 (_poll_loop)] [融富府-ToDo] 请求成功 耗时=0.007s count=0
07:19:21.001256 [Thread-10 (_poll_loop)] [融富府-ToDo] 图标/标题已更新,更新本身耗时=0.019s
07:19:21.869585 [Thread-16 (_poll_loop)] [融富府-Smalll_To_Remember] 请求开始 url=http://127.0.0.1:5011/api/folders/Small_To_Remember/count
07:19:21.892793 [Thread-16 (_poll_loop)] [融富府-Smalll_To_Remember] 请求成功 耗时=0.023s count=49
07:19:21.912223 [Thread-16 (_poll_loop)] [融富府-Smalll_To_Remember] 图标/标题已更新,更新本身耗时=0.018s
07:19:22.275255 [Thread-13 (_poll_loop)] [融富府] 请求开始 url=http://192.168.2.56:5011/api/folders/Large_To_Remember/count
07:19:22.285001 [Thread-13 (_poll_loop)] [融富府] 请求成功 耗时=0.010s count=312
07:19:22.301360 [Thread-13 (_poll_loop)] [融富府] 图标/标题已更新,更新本身耗时=0.016s
07:19:42.562393 [Thread-4 (_poll_loop)] [华隆-Large] 请求开始 url=http://hua-rong-desktop.tail7dfac8.ts.net:5011/api/folders/Large_To_Remember/count
07:19:42.640107 [Thread-1 (_poll_loop)] [华隆-ToDo] 请求开始 url=http://hua-rong-desktop.tail7dfac8.ts.net:5011/api/folders/ToDo/count
07:19:42.765387 [Thread-4 (_poll_loop)] [华隆-Large] 请求成功 耗时=0.203s count=7
07:19:42.788020 [Thread-4 (_poll_loop)] [华隆-Large] 图标/标题已更新,更新本身耗时=0.021s
07:19:42.836854 [Thread-1 (_poll_loop)] [华隆-ToDo] 请求成功 耗时=0.197s count=0
07:19:42.856873 [Thread-1 (_poll_loop)] [华隆-ToDo] 图标/标题已更新,更新本身耗时=0.019s
07:19:42.906346 [Thread-7 (_poll_loop)] [华隆_Small] 请求开始 url=http://hua-rong-desktop.tail7dfac8.ts.net:5011/api/folders/Small_To_Remember/count
07:19:43.118077 [Thread-7 (_poll_loop)] [华隆_Small] 请求成功 耗时=0.212s count=21
07:19:43.135600 [Thread-7 (_poll_loop)] [华隆_Small] 图标/标题已更新,更新本身耗时=0.017s
07:19:51.012139 [Thread-10 (_poll_loop)] [融富府-ToDo] 请求开始 url=http://192.168.2.56:5011/api/folders/ToDo/count
07:19:51.031592 [Thread-10 (_poll_loop)] [融富府-ToDo] 请求成功 耗时=0.019s count=0
07:19:51.048964 [Thread-10 (_poll_loop)] [融富府-ToDo] 图标/标题已更新,更新本身耗时=0.016s
07:19:51.917219 [Thread-16 (_poll_loop)] [融富府-Smalll_To_Remember] 请求开始 url=http://127.0.0.1:5011/api/folders/Small_To_Remember/count
07:19:51.927093 [Thread-16 (_poll_loop)] [融富府-Smalll_To_Remember] 请求成功 耗时=0.010s count=49
07:19:51.945770 [Thread-16 (_poll_loop)] [融富府-Smalll_To_Remember] 图标/标题已更新,更新本身耗时=0.018s
07:19:52.308072 [Thread-13 (_poll_loop)] [融富府] 请求开始 url=http://192.168.2.56:5011/api/folders/Large_To_Remember/count
07:19:52.322324 [Thread-13 (_poll_loop)] [融富府] 请求成功 耗时=0.014s count=312
07:19:52.339979 [Thread-13 (_poll_loop)] [融富府] 图标/标题已更新,更新本身耗时=0.018s
07:20:12.792281 [Thread-4 (_poll_loop)] [华隆-Large] 请求开始 url=http://hua-rong-desktop.tail7dfac8.ts.net:5011/api/folders/Large_To_Remember/count
07:20:12.870511 [Thread-1 (_poll_loop)] [华隆-ToDo] 请求开始 url=http://hua-rong-desktop.tail7dfac8.ts.net:5011/api/folders/ToDo/count
07:20:12.992803 [Thread-4 (_poll_loop)] [华隆-Large] 请求成功 耗时=0.201s count=7
07:20:13.016967 [Thread-4 (_poll_loop)] [华隆-Large] 图标/标题已更新,更新本身耗时=0.022s
07:20:13.075797 [Thread-1 (_poll_loop)] [华隆-ToDo] 请求成功 耗时=0.205s count=0
07:20:13.115198 [Thread-1 (_poll_loop)] [华隆-ToDo] 图标/标题已更新,更新本身耗时=0.038s
07:20:13.149984 [Thread-7 (_poll_loop)] [华隆_Small] 请求开始 url=http://hua-rong-desktop.tail7dfac8.ts.net:5011/api/folders/Small_To_Remember/count
07:20:13.539816 [Thread-7 (_poll_loop)] [华隆_Small] 请求成功 耗时=0.390s count=21
07:20:13.571205 [Thread-7 (_poll_loop)] [华隆_Small] 图标/标题已更新,更新本身耗时=0.031s
07:20:21.053405 [Thread-10 (_poll_loop)] [融富府-ToDo] 请求开始 url=http://192.168.2.56:5011/api/folders/ToDo/count
07:20:21.070216 [Thread-10 (_poll_loop)] [融富府-ToDo] 请求成功 耗时=0.017s count=0
07:20:21.090744 [Thread-10 (_poll_loop)] [融富府-ToDo] 图标/标题已更新,更新本身耗时=0.020s
07:20:21.954885 [Thread-16 (_poll_loop)] [融富府-Smalll_To_Remember] 请求开始 url=http://127.0.0.1:5011/api/folders/Small_To_Remember/count
07:20:21.975657 [Thread-16 (_poll_loop)] [融富府-Smalll_To_Remember] 请求成功 耗时=0.021s count=49
07:20:21.995178 [Thread-16 (_poll_loop)] [融富府-Smalll_To_Remember] 图标/标题已更新,更新本身耗时=0.019s
07:20:22.343227 [Thread-13 (_poll_loop)] [融富府] 请求开始 url=http://192.168.2.56:5011/api/folders/Large_To_Remember/count
07:20:22.358510 [Thread-13 (_poll_loop)] [融富府] 请求成功 耗时=0.015s count=312
07:20:22.375920 [Thread-13 (_poll_loop)] [融富府] 图标/标题已更新,更新本身耗时=0.016s
07:20:43.020378 [Thread-4 (_poll_loop)] [华隆-Large] 请求开始 url=http://hua-rong-desktop.tail7dfac8.ts.net:5011/api/folders/Large_To_Remember/count
07:20:43.128611 [Thread-1 (_poll_loop)] [华隆-ToDo] 请求开始 url=http://hua-rong-desktop.tail7dfac8.ts.net:5011/api/folders/ToDo/count
07:20:43.225089 [Thread-4 (_poll_loop)] [华隆-Large] 请求成功 耗时=0.205s count=7
07:20:43.243108 [Thread-4 (_poll_loop)] [华隆-Large] 图标/标题已更新,更新本身耗时=0.017s
07:20:43.331734 [Thread-1 (_poll_loop)] [华隆-ToDo] 请求成功 耗时=0.203s count=0
07:20:43.353191 [Thread-1 (_poll_loop)] [华隆-ToDo] 图标/标题已更新,更新本身耗时=0.020s
07:20:43.579523 [Thread-7 (_poll_loop)] [华隆_Small] 请求开始 url=http://hua-rong-desktop.tail7dfac8.ts.net:5011/api/folders/Small_To_Remember/count
07:20:43.782306 [Thread-7 (_poll_loop)] [华隆_Small] 请求成功 耗时=0.203s count=21
07:20:43.802189 [Thread-7 (_poll_loop)] [华隆_Small] 图标/标题已更新,更新本身耗时=0.019s
07:20:51.095409 [Thread-10 (_poll_loop)] [融富府-ToDo] 请求开始 url=http://192.168.2.56:5011/api/folders/ToDo/count
07:20:51.114062 [Thread-10 (_poll_loop)] [融富府-ToDo] 请求成功 耗时=0.019s count=0
07:20:51.133387 [Thread-10 (_poll_loop)] [融富府-ToDo] 图标/标题已更新,更新本身耗时=0.019s
07:20:52.013375 [Thread-16 (_poll_loop)] [融富府-Smalll_To_Remember] 请求开始 url=http://127.0.0.1:5011/api/folders/Small_To_Remember/count
07:20:52.022871 [Thread-16 (_poll_loop)] [融富府-Smalll_To_Remember] 请求成功 耗时=0.009s count=49
07:20:52.043831 [Thread-16 (_poll_loop)] [融富府-Smalll_To_Remember] 图标/标题已更新,更新本身耗时=0.021s
07:20:52.389413 [Thread-13 (_poll_loop)] [融富府] 请求开始 url=http://192.168.2.56:5011/api/folders/Large_To_Remember/count
07:20:52.403877 [Thread-13 (_poll_loop)] [融富府] 请求成功 耗时=0.014s count=312
07:20:52.422776 [Thread-13 (_poll_loop)] [融富府] 图标/标题已更新,更新本身耗时=0.019s
07:21:13.253005 [Thread-4 (_poll_loop)] [华隆-Large] 请求开始 url=http://hua-rong-desktop.tail7dfac8.ts.net:5011/api/folders/Large_To_Remember/count
07:21:13.361513 [Thread-1 (_poll_loop)] [华隆-ToDo] 请求开始 url=http://hua-rong-desktop.tail7dfac8.ts.net:5011/api/folders/ToDo/count
07:21:13.474714 [Thread-4 (_poll_loop)] [华隆-Large] 请求成功 耗时=0.222s count=7
07:21:13.495083 [Thread-4 (_poll_loop)] [华隆-Large] 图标/标题已更新,更新本身耗时=0.020s
07:21:13.566574 [Thread-1 (_poll_loop)] [华隆-ToDo] 请求成功 耗时=0.205s count=0
07:21:13.584077 [Thread-1 (_poll_loop)] [华隆-ToDo] 图标/标题已更新,更新本身耗时=0.017s
07:21:13.809636 [Thread-7 (_poll_loop)] [华隆_Small] 请求开始 url=http://hua-rong-desktop.tail7dfac8.ts.net:5011/api/folders/Small_To_Remember/count
07:21:14.033742 [Thread-7 (_poll_loop)] [华隆_Small] 请求成功 耗时=0.224s count=21
07:21:14.054049 [Thread-7 (_poll_loop)] [华隆_Small] 图标/标题已更新,更新本身耗时=0.020s
07:21:21.139646 [Thread-10 (_poll_loop)] [融富府-ToDo] 请求开始 url=http://192.168.2.56:5011/api/folders/ToDo/count
07:21:21.143177 [Thread-10 (_poll_loop)] [融富府-ToDo] 请求成功 耗时=0.004s count=0
07:21:21.163933 [Thread-10 (_poll_loop)] [融富府-ToDo] 图标/标题已更新,更新本身耗时=0.020s
07:21:22.057789 [Thread-16 (_poll_loop)] [融富府-Smalll_To_Remember] 请求开始 url=http://127.0.0.1:5011/api/folders/Small_To_Remember/count
07:21:22.075750 [Thread-16 (_poll_loop)] [融富府-Smalll_To_Remember] 请求成功 耗时=0.018s count=49
07:21:22.096219 [Thread-16 (_poll_loop)] [融富府-Smalll_To_Remember] 图标/标题已更新,更新本身耗时=0.020s
07:21:22.427963 [Thread-13 (_poll_loop)] [融富府] 请求开始 url=http://192.168.2.56:5011/api/folders/Large_To_Remember/count
07:21:22.461545 [Thread-13 (_poll_loop)] [融富府] 请求成功 耗时=0.034s count=312
07:21:22.483702 [Thread-13 (_poll_loop)] [融富府] 图标/标题已更新,更新本身耗时=0.022s
07:21:43.508956 [Thread-4 (_poll_loop)] [华隆-Large] 请求开始 url=http://hua-rong-desktop.tail7dfac8.ts.net:5011/api/folders/Large_To_Remember/count
07:21:43.587467 [Thread-1 (_poll_loop)] [华隆-ToDo] 请求开始 url=http://hua-rong-desktop.tail7dfac8.ts.net:5011/api/folders/ToDo/count
07:21:43.714696 [Thread-4 (_poll_loop)] [华隆-Large] 请求成功 耗时=0.206s count=7
07:21:43.738712 [Thread-4 (_poll_loop)] [华隆-Large] 图标/标题已更新,更新本身耗时=0.023s
07:21:43.792180 [Thread-1 (_poll_loop)] [华隆-ToDo] 请求成功 耗时=0.205s count=0
07:21:43.810852 [Thread-1 (_poll_loop)] [华隆-ToDo] 图标/标题已更新,更新本身耗时=0.018s
07:21:44.070173 [Thread-7 (_poll_loop)] [华隆_Small] 请求开始 url=http://hua-rong-desktop.tail7dfac8.ts.net:5011/api/folders/Small_To_Remember/count
07:21:44.274086 [Thread-7 (_poll_loop)] [华隆_Small] 请求成功 耗时=0.204s count=21
07:21:44.297559 [Thread-7 (_poll_loop)] [华隆_Small] 图标/标题已更新,更新本身耗时=0.022s
07:21:51.169118 [Thread-10 (_poll_loop)] [融富府-ToDo] 请求开始 url=http://192.168.2.56:5011/api/folders/ToDo/count
07:21:51.171637 [Thread-10 (_poll_loop)] [融富府-ToDo] 请求成功 耗时=0.003s count=0
07:21:51.187553 [Thread-10 (_poll_loop)] [融富府-ToDo] 图标/标题已更新,更新本身耗时=0.016s
07:21:52.105434 [Thread-16 (_poll_loop)] [融富府-Smalll_To_Remember] 请求开始 url=http://127.0.0.1:5011/api/folders/Small_To_Remember/count
07:21:52.112838 [Thread-16 (_poll_loop)] [融富府-Smalll_To_Remember] 请求成功 耗时=0.007s count=49
07:21:52.133105 [Thread-16 (_poll_loop)] [融富府-Smalll_To_Remember] 图标/标题已更新,更新本身耗时=0.020s
07:21:52.494468 [Thread-13 (_poll_loop)] [融富府] 请求开始 url=http://192.168.2.56:5011/api/folders/Large_To_Remember/count
07:21:52.505397 [Thread-13 (_poll_loop)] [融富府] 请求成功 耗时=0.011s count=312
07:21:52.531515 [Thread-13 (_poll_loop)] [融富府] 图标/标题已更新,更新本身耗时=0.025s
07:22:13.742892 [Thread-4 (_poll_loop)] [华隆-Large] 请求开始 url=http://hua-rong-desktop.tail7dfac8.ts.net:5011/api/folders/Large_To_Remember/count
07:22:13.819255 [Thread-1 (_poll_loop)] [华隆-ToDo] 请求开始 url=http://hua-rong-desktop.tail7dfac8.ts.net:5011/api/folders/ToDo/count
07:22:13.963161 [Thread-4 (_poll_loop)] [华隆-Large] 请求成功 耗时=0.219s count=7
07:22:14.019931 [Thread-4 (_poll_loop)] [华隆-Large] 图标/标题已更新,更新本身耗时=0.055s
07:22:14.041736 [Thread-1 (_poll_loop)] [华隆-ToDo] 请求成功 耗时=0.222s count=0
07:22:14.065929 [Thread-1 (_poll_loop)] [华隆-ToDo] 图标/标题已更新,更新本身耗时=0.024s
07:22:14.300479 [Thread-7 (_poll_loop)] [华隆_Small] 请求开始 url=http://hua-rong-desktop.tail7dfac8.ts.net:5011/api/folders/Small_To_Remember/count
07:22:14.506025 [Thread-7 (_poll_loop)] [华隆_Small] 请求成功 耗时=0.206s count=21
07:22:14.549252 [Thread-7 (_poll_loop)] [华隆_Small] 图标/标题已更新,更新本身耗时=0.043s
07:22:21.202680 [Thread-10 (_poll_loop)] [融富府-ToDo] 请求开始 url=http://192.168.2.56:5011/api/folders/ToDo/count
07:22:21.209735 [Thread-10 (_poll_loop)] [融富府-ToDo] 请求成功 耗时=0.007s count=0
07:22:21.234493 [Thread-10 (_poll_loop)] [融富府-ToDo] 图标/标题已更新,更新本身耗时=0.024s
07:22:22.136346 [Thread-16 (_poll_loop)] [融富府-Smalll_To_Remember] 请求开始 url=http://127.0.0.1:5011/api/folders/Small_To_Remember/count
07:22:22.146343 [Thread-16 (_poll_loop)] [融富府-Smalll_To_Remember] 请求成功 耗时=0.010s count=49
07:22:22.164978 [Thread-16 (_poll_loop)] [融富府-Smalll_To_Remember] 图标/标题已更新,更新本身耗时=0.019s
07:22:22.542005 [Thread-13 (_poll_loop)] [融富府] 请求开始 url=http://192.168.2.56:5011/api/folders/Large_To_Remember/count
07:22:22.568481 [Thread-13 (_poll_loop)] [融富府] 请求成功 耗时=0.026s count=312
07:22:22.601718 [Thread-13 (_poll_loop)] [融富府] 图标/标题已更新,更新本身耗时=0.033s
07:22:44.029891 [Thread-4 (_poll_loop)] [华隆-Large] 请求开始 url=http://hua-rong-desktop.tail7dfac8.ts.net:5011/api/folders/Large_To_Remember/count
07:22:44.077060 [Thread-1 (_poll_loop)] [华隆-ToDo] 请求开始 url=http://hua-rong-desktop.tail7dfac8.ts.net:5011/api/folders/ToDo/count
07:22:44.271058 [Thread-4 (_poll_loop)] [华隆-Large] 请求成功 耗时=0.241s count=7
07:22:44.300322 [Thread-1 (_poll_loop)] [华隆-ToDo] 请求成功 耗时=0.223s count=0
07:22:44.309597 [Thread-4 (_poll_loop)] [华隆-Large] 图标/标题已更新,更新本身耗时=0.038s
07:22:44.319348 [Thread-1 (_poll_loop)] [华隆-ToDo] 图标/标题已更新,更新本身耗时=0.018s
07:22:44.559359 [Thread-7 (_poll_loop)] [华隆_Small] 请求开始 url=http://hua-rong-desktop.tail7dfac8.ts.net:5011/api/folders/Small_To_Remember/count
07:22:44.764796 [Thread-7 (_poll_loop)] [华隆_Small] 请求成功 耗时=0.205s count=21
07:22:44.796476 [Thread-7 (_poll_loop)] [华隆_Small] 图标/标题已更新,更新本身耗时=0.031s
07:22:51.248834 [Thread-10 (_poll_loop)] [融富府-ToDo] 请求开始 url=http://192.168.2.56:5011/api/folders/ToDo/count
07:22:51.256379 [Thread-10 (_poll_loop)] [融富府-ToDo] 请求成功 耗时=0.008s count=0
07:22:51.279407 [Thread-10 (_poll_loop)] [融富府-ToDo] 图标/标题已更新,更新本身耗时=0.022s
07:22:52.172498 [Thread-16 (_poll_loop)] [融富府-Smalll_To_Remember] 请求开始 url=http://127.0.0.1:5011/api/folders/Small_To_Remember/count
07:22:52.192775 [Thread-16 (_poll_loop)] [融富府-Smalll_To_Remember] 请求成功 耗时=0.020s count=49
07:22:52.211817 [Thread-16 (_poll_loop)] [融富府-Smalll_To_Remember] 图标/标题已更新,更新本身耗时=0.018s
07:22:52.609456 [Thread-13 (_poll_loop)] [融富府] 请求开始 url=http://192.168.2.56:5011/api/folders/Large_To_Remember/count
07:22:52.644344 [Thread-13 (_poll_loop)] [融富府] 请求成功 耗时=0.035s count=312
07:22:52.666436 [Thread-13 (_poll_loop)] [融富府] 图标/标题已更新,更新本身耗时=0.021s
07:23:14.315054 [Thread-4 (_poll_loop)] [华隆-Large] 请求开始 url=http://hua-rong-desktop.tail7dfac8.ts.net:5011/api/folders/Large_To_Remember/count
07:23:14.330612 [Thread-1 (_poll_loop)] [华隆-ToDo] 请求开始 url=http://hua-rong-desktop.tail7dfac8.ts.net:5011/api/folders/ToDo/count
07:23:14.532139 [Thread-1 (_poll_loop)] [华隆-ToDo] 请求成功 耗时=0.202s count=0
07:23:14.532729 [Thread-4 (_poll_loop)] [华隆-Large] 请求成功 耗时=0.218s count=7
07:23:14.558311 [Thread-4 (_poll_loop)] [华隆-Large] 图标/标题已更新,更新本身耗时=0.023s
07:23:14.558311 [Thread-1 (_poll_loop)] [华隆-ToDo] 图标/标题已更新,更新本身耗时=0.025s
07:23:14.799335 [Thread-7 (_poll_loop)] [华隆_Small] 请求开始 url=http://hua-rong-desktop.tail7dfac8.ts.net:5011/api/folders/Small_To_Remember/count
07:23:15.000349 [Thread-7 (_poll_loop)] [华隆_Small] 请求成功 耗时=0.201s count=21
07:23:15.029238 [Thread-7 (_poll_loop)] [华隆_Small] 图标/标题已更新,更新本身耗时=0.028s
07:23:21.296259 [Thread-10 (_poll_loop)] [融富府-ToDo] 请求开始 url=http://192.168.2.56:5011/api/folders/ToDo/count
07:23:21.304353 [Thread-10 (_poll_loop)] [融富府-ToDo] 请求成功 耗时=0.008s count=0
07:23:21.328785 [Thread-10 (_poll_loop)] [融富府-ToDo] 图标/标题已更新,更新本身耗时=0.023s
07:23:22.216593 [Thread-16 (_poll_loop)] [融富府-Smalll_To_Remember] 请求开始 url=http://127.0.0.1:5011/api/folders/Small_To_Remember/count
07:23:22.223661 [Thread-16 (_poll_loop)] [融富府-Smalll_To_Remember] 请求成功 耗时=0.007s count=49
07:23:22.242265 [Thread-16 (_poll_loop)] [融富府-Smalll_To_Remember] 图标/标题已更新,更新本身耗时=0.019s
07:23:22.669706 [Thread-13 (_poll_loop)] [融富府] 请求开始 url=http://192.168.2.56:5011/api/folders/Large_To_Remember/count
07:23:22.687972 [Thread-13 (_poll_loop)] [融富府] 请求成功 耗时=0.018s count=312
07:23:22.704621 [Thread-13 (_poll_loop)] [融富府] 图标/标题已更新,更新本身耗时=0.016s
07:23:44.563801 [Thread-4 (_poll_loop)] [华隆-Large] 请求开始 url=http://hua-rong-desktop.tail7dfac8.ts.net:5011/api/folders/Large_To_Remember/count
07:23:44.563801 [Thread-1 (_poll_loop)] [华隆-ToDo] 请求开始 url=http://hua-rong-desktop.tail7dfac8.ts.net:5011/api/folders/ToDo/count
07:23:44.776430 [Thread-4 (_poll_loop)] [华隆-Large] 请求成功 耗时=0.213s count=7
07:23:44.779332 [Thread-1 (_poll_loop)] [华隆-ToDo] 请求成功 耗时=0.216s count=0
07:23:44.797526 [Thread-4 (_poll_loop)] [华隆-Large] 图标/标题已更新,更新本身耗时=0.021s
07:23:44.799023 [Thread-1 (_poll_loop)] [华隆-ToDo] 图标/标题已更新,更新本身耗时=0.019s
07:23:45.046459 [Thread-7 (_poll_loop)] [华隆_Small] 请求开始 url=http://hua-rong-desktop.tail7dfac8.ts.net:5011/api/folders/Small_To_Remember/count
07:23:45.262154 [Thread-7 (_poll_loop)] [华隆_Small] 请求成功 耗时=0.216s count=21
07:23:45.285128 [Thread-7 (_poll_loop)] [华隆_Small] 图标/标题已更新,更新本身耗时=0.022s
07:23:51.342731 [Thread-10 (_poll_loop)] [融富府-ToDo] 请求开始 url=http://192.168.2.56:5011/api/folders/ToDo/count
07:23:51.359580 [Thread-10 (_poll_loop)] [融富府-ToDo] 请求成功 耗时=0.017s count=0
07:23:51.378821 [Thread-10 (_poll_loop)] [融富府-ToDo] 图标/标题已更新,更新本身耗时=0.019s
07:23:52.246380 [Thread-16 (_poll_loop)] [融富府-Smalll_To_Remember] 请求开始 url=http://127.0.0.1:5011/api/folders/Small_To_Remember/count
07:23:52.254104 [Thread-16 (_poll_loop)] [融富府-Smalll_To_Remember] 请求成功 耗时=0.008s count=49
07:23:52.271362 [Thread-16 (_poll_loop)] [融富府-Smalll_To_Remember] 图标/标题已更新,更新本身耗时=0.016s
07:23:52.713237 [Thread-13 (_poll_loop)] [融富府] 请求开始 url=http://192.168.2.56:5011/api/folders/Large_To_Remember/count
07:23:52.733330 [Thread-13 (_poll_loop)] [融富府] 请求成功 耗时=0.020s count=312
07:23:52.751487 [Thread-13 (_poll_loop)] [融富府] 图标/标题已更新,更新本身耗时=0.018s
07:24:14.813260 [Thread-4 (_poll_loop)] [华隆-Large] 请求开始 url=http://hua-rong-desktop.tail7dfac8.ts.net:5011/api/folders/Large_To_Remember/count
07:24:14.813813 [Thread-1 (_poll_loop)] [华隆-ToDo] 请求开始 url=http://hua-rong-desktop.tail7dfac8.ts.net:5011/api/folders/ToDo/count
07:24:15.024962 [Thread-4 (_poll_loop)] [华隆-Large] 请求成功 耗时=0.212s count=7
07:24:15.027280 [Thread-1 (_poll_loop)] [华隆-ToDo] 请求成功 耗时=0.213s count=0
07:24:15.043517 [Thread-4 (_poll_loop)] [华隆-Large] 图标/标题已更新,更新本身耗时=0.018s
07:24:15.044908 [Thread-1 (_poll_loop)] [华隆-ToDo] 图标/标题已更新,更新本身耗时=0.017s
07:24:15.296802 [Thread-7 (_poll_loop)] [华隆_Small] 请求开始 url=http://hua-rong-desktop.tail7dfac8.ts.net:5011/api/folders/Small_To_Remember/count
07:24:15.522856 [Thread-7 (_poll_loop)] [华隆_Small] 请求成功 耗时=0.226s count=21
07:24:15.539413 [Thread-7 (_poll_loop)] [华隆_Small] 图标/标题已更新,更新本身耗时=0.016s
07:24:21.382243 [Thread-10 (_poll_loop)] [融富府-ToDo] 请求开始 url=http://192.168.2.56:5011/api/folders/ToDo/count
07:24:21.386423 [Thread-10 (_poll_loop)] [融富府-ToDo] 请求成功 耗时=0.004s count=0
07:24:21.407040 [Thread-10 (_poll_loop)] [融富府-ToDo] 图标/标题已更新,更新本身耗时=0.021s
07:24:22.284594 [Thread-16 (_poll_loop)] [融富府-Smalll_To_Remember] 请求开始 url=http://127.0.0.1:5011/api/folders/Small_To_Remember/count
07:24:22.287603 [Thread-16 (_poll_loop)] [融富府-Smalll_To_Remember] 请求成功 耗时=0.003s count=49
07:24:22.309665 [Thread-16 (_poll_loop)] [融富府-Smalll_To_Remember] 图标/标题已更新,更新本身耗时=0.022s
07:24:22.766265 [Thread-13 (_poll_loop)] [融富府] 请求开始 url=http://192.168.2.56:5011/api/folders/Large_To_Remember/count
07:24:22.788525 [Thread-13 (_poll_loop)] [融富府] 请求成功 耗时=0.022s count=312
07:24:22.805546 [Thread-13 (_poll_loop)] [融富府] 图标/标题已更新,更新本身耗时=0.017s
07:24:45.060334 [Thread-1 (_poll_loop)] [华隆-ToDo] 请求开始 url=http://hua-rong-desktop.tail7dfac8.ts.net:5011/api/folders/ToDo/count
07:24:45.060334 [Thread-4 (_poll_loop)] [华隆-Large] 请求开始 url=http://hua-rong-desktop.tail7dfac8.ts.net:5011/api/folders/Large_To_Remember/count
07:24:45.270967 [Thread-4 (_poll_loop)] [华隆-Large] 请求成功 耗时=0.211s count=7
07:24:45.274255 [Thread-1 (_poll_loop)] [华隆-ToDo] 请求成功 耗时=0.214s count=0
07:24:45.300788 [Thread-4 (_poll_loop)] [华隆-Large] 图标/标题已更新,更新本身耗时=0.028s
07:24:45.301729 [Thread-1 (_poll_loop)] [华隆-ToDo] 图标/标题已更新,更新本身耗时=0.026s
07:24:45.556679 [Thread-7 (_poll_loop)] [华隆_Small] 请求开始 url=http://hua-rong-desktop.tail7dfac8.ts.net:5011/api/folders/Small_To_Remember/count
07:24:45.768898 [Thread-7 (_poll_loop)] [华隆_Small] 请求成功 耗时=0.212s count=21
07:24:45.789511 [Thread-7 (_poll_loop)] [华隆_Small] 图标/标题已更新,更新本身耗时=0.019s
07:24:51.424545 [Thread-10 (_poll_loop)] [融富府-ToDo] 请求开始 url=http://192.168.2.56:5011/api/folders/ToDo/count
07:24:51.440959 [Thread-10 (_poll_loop)] [融富府-ToDo] 请求成功 耗时=0.016s count=0
07:24:51.461486 [Thread-10 (_poll_loop)] [融富府-ToDo] 图标/标题已更新,更新本身耗时=0.021s
07:24:52.326673 [Thread-16 (_poll_loop)] [融富府-Smalll_To_Remember] 请求开始 url=http://127.0.0.1:5011/api/folders/Small_To_Remember/count
07:24:52.347250 [Thread-16 (_poll_loop)] [融富府-Smalll_To_Remember] 请求成功 耗时=0.021s count=49
07:24:52.365804 [Thread-16 (_poll_loop)] [融富府-Smalll_To_Remember] 图标/标题已更新,更新本身耗时=0.019s
07:24:52.811278 [Thread-13 (_poll_loop)] [融富府] 请求开始 url=http://192.168.2.56:5011/api/folders/Large_To_Remember/count
07:24:52.849473 [Thread-13 (_poll_loop)] [融富府] 请求成功 耗时=0.038s count=312
07:24:52.865439 [Thread-13 (_poll_loop)] [融富府] 图标/标题已更新,更新本身耗时=0.016s
07:25:15.311818 [Thread-1 (_poll_loop)] [华隆-ToDo] 请求开始 url=http://hua-rong-desktop.tail7dfac8.ts.net:5011/api/folders/ToDo/count
07:25:15.311818 [Thread-4 (_poll_loop)] [华隆-Large] 请求开始 url=http://hua-rong-desktop.tail7dfac8.ts.net:5011/api/folders/Large_To_Remember/count
07:25:15.528028 [Thread-1 (_poll_loop)] [华隆-ToDo] 请求成功 耗时=0.216s count=0
07:25:15.529267 [Thread-4 (_poll_loop)] [华隆-Large] 请求成功 耗时=0.217s count=7
07:25:15.548725 [Thread-4 (_poll_loop)] [华隆-Large] 图标/标题已更新,更新本身耗时=0.019s
07:25:15.548725 [Thread-1 (_poll_loop)] [华隆-ToDo] 图标/标题已更新,更新本身耗时=0.020s
07:25:15.793205 [Thread-7 (_poll_loop)] [华隆_Small] 请求开始 url=http://hua-rong-desktop.tail7dfac8.ts.net:5011/api/folders/Small_To_Remember/count
07:25:16.022613 [Thread-7 (_poll_loop)] [华隆_Small] 请求成功 耗时=0.229s count=21
07:25:16.045325 [Thread-7 (_poll_loop)] [华隆_Small] 图标/标题已更新,更新本身耗时=0.022s
07:25:21.471748 [Thread-10 (_poll_loop)] [融富府-ToDo] 请求开始 url=http://192.168.2.56:5011/api/folders/ToDo/count
07:25:21.473659 [Thread-10 (_poll_loop)] [融富府-ToDo] 请求成功 耗时=0.002s count=0
07:25:21.496115 [Thread-10 (_poll_loop)] [融富府-ToDo] 图标/标题已更新,更新本身耗时=0.020s
07:25:22.372614 [Thread-16 (_poll_loop)] [融富府-Smalll_To_Remember] 请求开始 url=http://127.0.0.1:5011/api/folders/Small_To_Remember/count
07:25:22.376986 [Thread-16 (_poll_loop)] [融富府-Smalll_To_Remember] 请求成功 耗时=0.004s count=49
07:25:22.394564 [Thread-16 (_poll_loop)] [融富府-Smalll_To_Remember] 图标/标题已更新,更新本身耗时=0.017s
07:25:22.870968 [Thread-13 (_poll_loop)] [融富府] 请求开始 url=http://192.168.2.56:5011/api/folders/Large_To_Remember/count
07:25:22.905784 [Thread-13 (_poll_loop)] [融富府] 请求成功 耗时=0.035s count=312
07:25:22.924312 [Thread-13 (_poll_loop)] [融富府] 图标/标题已更新,更新本身耗时=0.019s
07:25:45.564936 [Thread-4 (_poll_loop)] [华隆-Large] 请求开始 url=http://hua-rong-desktop.tail7dfac8.ts.net:5011/api/folders/Large_To_Remember/count
07:25:45.564936 [Thread-1 (_poll_loop)] [华隆-ToDo] 请求开始 url=http://hua-rong-desktop.tail7dfac8.ts.net:5011/api/folders/ToDo/count
07:25:45.772800 [Thread-1 (_poll_loop)] [华隆-ToDo] 请求成功 耗时=0.208s count=0
07:25:45.774305 [Thread-4 (_poll_loop)] [华隆-Large] 请求成功 耗时=0.209s count=7
07:25:45.795475 [Thread-1 (_poll_loop)] [华隆-ToDo] 图标/标题已更新,更新本身耗时=0.022s
07:25:45.795475 [Thread-4 (_poll_loop)] [华隆-Large] 图标/标题已更新,更新本身耗时=0.021s
07:25:46.060139 [Thread-7 (_poll_loop)] [华隆_Small] 请求开始 url=http://hua-rong-desktop.tail7dfac8.ts.net:5011/api/folders/Small_To_Remember/count
07:25:46.271905 [Thread-7 (_poll_loop)] [华隆_Small] 请求成功 耗时=0.212s count=21
07:25:46.294126 [Thread-7 (_poll_loop)] [华隆_Small] 图标/标题已更新,更新本身耗时=0.021s
07:25:51.513329 [Thread-10 (_poll_loop)] [融富府-ToDo] 请求开始 url=http://192.168.2.56:5011/api/folders/ToDo/count
07:25:51.516094 [Thread-10 (_poll_loop)] [融富府-ToDo] 请求成功 耗时=0.003s count=0
07:25:51.534196 [Thread-10 (_poll_loop)] [融富府-ToDo] 图标/标题已更新,更新本身耗时=0.018s
07:25:52.401116 [Thread-16 (_poll_loop)] [融富府-Smalll_To_Remember] 请求开始 url=http://127.0.0.1:5011/api/folders/Small_To_Remember/count
07:25:52.410649 [Thread-16 (_poll_loop)] [融富府-Smalll_To_Remember] 请求成功 耗时=0.010s count=49
07:25:52.429647 [Thread-16 (_poll_loop)] [融富府-Smalll_To_Remember] 图标/标题已更新,更新本身耗时=0.019s
07:25:52.932209 [Thread-13 (_poll_loop)] [融富府] 请求开始 url=http://192.168.2.56:5011/api/folders/Large_To_Remember/count
07:25:52.950531 [Thread-13 (_poll_loop)] [融富府] 请求成功 耗时=0.018s count=312
07:25:52.967937 [Thread-13 (_poll_loop)] [融富府] 图标/标题已更新,更新本身耗时=0.017s
07:26:15.807992 [Thread-1 (_poll_loop)] [华隆-ToDo] 请求开始 url=http://hua-rong-desktop.tail7dfac8.ts.net:5011/api/folders/ToDo/count
07:26:15.809999 [Thread-4 (_poll_loop)] [华隆-Large] 请求开始 url=http://hua-rong-desktop.tail7dfac8.ts.net:5011/api/folders/Large_To_Remember/count
07:26:16.016569 [Thread-1 (_poll_loop)] [华隆-ToDo] 请求成功 耗时=0.209s count=0
07:26:16.024420 [Thread-4 (_poll_loop)] [华隆-Large] 请求成功 耗时=0.214s count=7
07:26:16.041101 [Thread-1 (_poll_loop)] [华隆-ToDo] 图标/标题已更新,更新本身耗时=0.023s
07:26:16.044614 [Thread-4 (_poll_loop)] [华隆-Large] 图标/标题已更新,更新本身耗时=0.020s
07:26:16.301441 [Thread-7 (_poll_loop)] [华隆_Small] 请求开始 url=http://hua-rong-desktop.tail7dfac8.ts.net:5011/api/folders/Small_To_Remember/count
07:26:16.509449 [Thread-7 (_poll_loop)] [华隆_Small] 请求成功 耗时=0.208s count=21
07:26:16.529422 [Thread-7 (_poll_loop)] [华隆_Small] 图标/标题已更新,更新本身耗时=0.019s
07:26:21.548876 [Thread-10 (_poll_loop)] [融富府-ToDo] 请求开始 url=http://192.168.2.56:5011/api/folders/ToDo/count
07:26:21.553881 [Thread-10 (_poll_loop)] [融富府-ToDo] 请求成功 耗时=0.005s count=0
07:26:21.573911 [Thread-10 (_poll_loop)] [融富府-ToDo] 图标/标题已更新,更新本身耗时=0.020s
07:26:22.433257 [Thread-16 (_poll_loop)] [融富府-Smalll_To_Remember] 请求开始 url=http://127.0.0.1:5011/api/folders/Small_To_Remember/count
07:26:22.442338 [Thread-16 (_poll_loop)] [融富府-Smalll_To_Remember] 请求成功 耗时=0.009s count=49
07:26:22.459729 [Thread-16 (_poll_loop)] [融富府-Smalll_To_Remember] 图标/标题已更新,更新本身耗时=0.017s
07:26:22.977054 [Thread-13 (_poll_loop)] [融富府] 请求开始 url=http://192.168.2.56:5011/api/folders/Large_To_Remember/count
07:26:22.997433 [Thread-13 (_poll_loop)] [融富府] 请求成功 耗时=0.020s count=312
07:26:23.017108 [Thread-13 (_poll_loop)] [融富府] 图标/标题已更新,更新本身耗时=0.020s
07:26:46.044836 [Thread-1 (_poll_loop)] [华隆-ToDo] 请求开始 url=http://hua-rong-desktop.tail7dfac8.ts.net:5011/api/folders/ToDo/count
07:26:46.060337 [Thread-4 (_poll_loop)] [华隆-Large] 请求开始 url=http://hua-rong-desktop.tail7dfac8.ts.net:5011/api/folders/Large_To_Remember/count
07:26:46.267900 [Thread-1 (_poll_loop)] [华隆-ToDo] 请求成功 耗时=0.223s count=0
07:26:46.268509 [Thread-4 (_poll_loop)] [华隆-Large] 请求成功 耗时=0.208s count=7
07:26:46.293731 [Thread-4 (_poll_loop)] [华隆-Large] 图标/标题已更新,更新本身耗时=0.023s
07:26:46.294731 [Thread-1 (_poll_loop)] [华隆-ToDo] 图标/标题已更新,更新本身耗时=0.026s
07:26:46.541326 [Thread-7 (_poll_loop)] [华隆_Small] 请求开始 url=http://hua-rong-desktop.tail7dfac8.ts.net:5011/api/folders/Small_To_Remember/count
07:26:46.745296 [Thread-7 (_poll_loop)] [华隆_Small] 请求成功 耗时=0.204s count=21
07:26:46.764295 [Thread-7 (_poll_loop)] [华隆_Small] 图标/标题已更新,更新本身耗时=0.018s
07:26:51.592029 [Thread-10 (_poll_loop)] [融富府-ToDo] 请求开始 url=http://192.168.2.56:5011/api/folders/ToDo/count
07:26:51.600923 [Thread-10 (_poll_loop)] [融富府-ToDo] 请求成功 耗时=0.009s count=0
07:26:51.626490 [Thread-10 (_poll_loop)] [融富府-ToDo] 图标/标题已更新,更新本身耗时=0.025s
07:26:52.464487 [Thread-16 (_poll_loop)] [融富府-Smalll_To_Remember] 请求开始 url=http://127.0.0.1:5011/api/folders/Small_To_Remember/count
07:26:52.485283 [Thread-16 (_poll_loop)] [融富府-Smalll_To_Remember] 请求成功 耗时=0.021s count=49
07:26:52.503405 [Thread-16 (_poll_loop)] [融富府-Smalll_To_Remember] 图标/标题已更新,更新本身耗时=0.018s
07:26:53.024642 [Thread-13 (_poll_loop)] [融富府] 请求开始 url=http://192.168.2.56:5011/api/folders/Large_To_Remember/count
07:26:53.038365 [Thread-13 (_poll_loop)] [融富府] 请求成功 耗时=0.014s count=312
07:26:53.059023 [Thread-13 (_poll_loop)] [融富府] 图标/标题已更新,更新本身耗时=0.020s
07:27:16.310905 [Thread-1 (_poll_loop)] [华隆-ToDo] 请求开始 url=http://hua-rong-desktop.tail7dfac8.ts.net:5011/api/folders/ToDo/count
07:27:16.310905 [Thread-4 (_poll_loop)] [华隆-Large] 请求开始 url=http://hua-rong-desktop.tail7dfac8.ts.net:5011/api/folders/Large_To_Remember/count
07:27:16.521828 [Thread-1 (_poll_loop)] [华隆-ToDo] 请求成功 耗时=0.211s count=0
07:27:16.542922 [Thread-1 (_poll_loop)] [华隆-ToDo] 图标/标题已更新,更新本身耗时=0.021s
07:27:16.555429 [Thread-4 (_poll_loop)] [华隆-Large] 请求成功 耗时=0.245s count=7
07:27:16.573097 [Thread-4 (_poll_loop)] [华隆-Large] 图标/标题已更新,更新本身耗时=0.017s
07:27:16.773260 [Thread-7 (_poll_loop)] [华隆_Small] 请求开始 url=http://hua-rong-desktop.tail7dfac8.ts.net:5011/api/folders/Small_To_Remember/count
07:27:16.988437 [Thread-7 (_poll_loop)] [华隆_Small] 请求成功 耗时=0.215s count=21
07:27:17.008666 [Thread-7 (_poll_loop)] [华隆_Small] 图标/标题已更新,更新本身耗时=0.020s
07:27:21.644850 [Thread-10 (_poll_loop)] [融富府-ToDo] 请求开始 url=http://192.168.2.56:5011/api/folders/ToDo/count
07:27:21.651385 [Thread-10 (_poll_loop)] [融富府-ToDo] 请求成功 耗时=0.007s count=0
07:27:21.672977 [Thread-10 (_poll_loop)] [融富府-ToDo] 图标/标题已更新,更新本身耗时=0.022s
07:27:22.515983 [Thread-16 (_poll_loop)] [融富府-Smalll_To_Remember] 请求开始 url=http://127.0.0.1:5011/api/folders/Small_To_Remember/count
07:27:22.538132 [Thread-16 (_poll_loop)] [融富府-Smalll_To_Remember] 请求成功 耗时=0.022s count=49
07:27:22.557983 [Thread-16 (_poll_loop)] [融富府-Smalll_To_Remember] 图标/标题已更新,更新本身耗时=0.020s
07:27:23.074474 [Thread-13 (_poll_loop)] [融富府] 请求开始 url=http://192.168.2.56:5011/api/folders/Large_To_Remember/count
07:27:23.098791 [Thread-13 (_poll_loop)] [融富府] 请求成功 耗时=0.024s count=312
07:27:23.116271 [Thread-13 (_poll_loop)] [融富府] 图标/标题已更新,更新本身耗时=0.017s
07:27:46.554142 [Thread-1 (_poll_loop)] [华隆-ToDo] 请求开始 url=http://hua-rong-desktop.tail7dfac8.ts.net:5011/api/folders/ToDo/count
07:27:46.585441 [Thread-4 (_poll_loop)] [华隆-Large] 请求开始 url=http://hua-rong-desktop.tail7dfac8.ts.net:5011/api/folders/Large_To_Remember/count
07:27:46.785005 [Thread-1 (_poll_loop)] [华隆-ToDo] 请求成功 耗时=0.231s count=0
07:27:46.814421 [Thread-4 (_poll_loop)] [华隆-Large] 请求成功 耗时=0.229s count=7
07:27:46.820419 [Thread-1 (_poll_loop)] [华隆-ToDo] 图标/标题已更新,更新本身耗时=0.034s
07:27:46.834244 [Thread-4 (_poll_loop)] [华隆-Large] 图标/标题已更新,更新本身耗时=0.019s
07:27:47.020116 [Thread-7 (_poll_loop)] [华隆_Small] 请求开始 url=http://hua-rong-desktop.tail7dfac8.ts.net:5011/api/folders/Small_To_Remember/count
07:27:47.220332 [Thread-7 (_poll_loop)] [华隆_Small] 请求成功 耗时=0.200s count=21
07:27:47.259125 [Thread-7 (_poll_loop)] [华隆_Small] 图标/标题已更新,更新本身耗时=0.038s
07:27:51.683456 [Thread-10 (_poll_loop)] [融富府-ToDo] 请求开始 url=http://192.168.2.56:5011/api/folders/ToDo/count
07:27:51.689464 [Thread-10 (_poll_loop)] [融富府-ToDo] 请求成功 耗时=0.006s count=0
07:27:51.714598 [Thread-10 (_poll_loop)] [融富府-ToDo] 图标/标题已更新,更新本身耗时=0.025s
07:27:52.568227 [Thread-16 (_poll_loop)] [融富府-Smalll_To_Remember] 请求开始 url=http://127.0.0.1:5011/api/folders/Small_To_Remember/count
07:27:52.575763 [Thread-16 (_poll_loop)] [融富府-Smalll_To_Remember] 请求成功 耗时=0.008s count=49
07:27:52.595100 [Thread-16 (_poll_loop)] [融富府-Smalll_To_Remember] 图标/标题已更新,更新本身耗时=0.018s
07:27:53.124984 [Thread-13 (_poll_loop)] [融富府] 请求开始 url=http://192.168.2.56:5011/api/folders/Large_To_Remember/count
07:27:53.142559 [Thread-13 (_poll_loop)] [融富府] 请求成功 耗时=0.018s count=312
07:27:53.159659 [Thread-13 (_poll_loop)] [融富府] 图标/标题已更新,更新本身耗时=0.017s
07:28:16.838727 [Thread-1 (_poll_loop)] [华隆-ToDo] 请求开始 url=http://hua-rong-desktop.tail7dfac8.ts.net:5011/api/folders/ToDo/count
07:28:16.838727 [Thread-4 (_poll_loop)] [华隆-Large] 请求开始 url=http://hua-rong-desktop.tail7dfac8.ts.net:5011/api/folders/Large_To_Remember/count
07:28:17.043892 [Thread-1 (_poll_loop)] [华隆-ToDo] 请求成功 耗时=0.205s count=0
07:28:17.044426 [Thread-4 (_poll_loop)] [华隆-Large] 请求成功 耗时=0.206s count=7
07:28:17.081573 [Thread-1 (_poll_loop)] [华隆-ToDo] 图标/标题已更新,更新本身耗时=0.036s
07:28:17.081573 [Thread-4 (_poll_loop)] [华隆-Large] 图标/标题已更新,更新本身耗时=0.035s
07:28:17.274704 [Thread-7 (_poll_loop)] [华隆_Small] 请求开始 url=http://hua-rong-desktop.tail7dfac8.ts.net:5011/api/folders/Small_To_Remember/count
07:28:17.489626 [Thread-7 (_poll_loop)] [华隆_Small] 请求成功 耗时=0.215s count=21
07:28:17.510958 [Thread-7 (_poll_loop)] [华隆_Small] 图标/标题已更新,更新本身耗时=0.020s
07:28:21.726762 [Thread-10 (_poll_loop)] [融富府-ToDo] 请求开始 url=http://192.168.2.56:5011/api/folders/ToDo/count
07:28:21.735626 [Thread-10 (_poll_loop)] [融富府-ToDo] 请求成功 耗时=0.009s count=0
07:28:21.756887 [Thread-10 (_poll_loop)] [融富府-ToDo] 图标/标题已更新,更新本身耗时=0.021s
07:28:22.613339 [Thread-16 (_poll_loop)] [融富府-Smalll_To_Remember] 请求开始 url=http://127.0.0.1:5011/api/folders/Small_To_Remember/count
07:28:22.622789 [Thread-16 (_poll_loop)] [融富府-Smalll_To_Remember] 请求成功 耗时=0.009s count=49
07:28:22.652886 [Thread-16 (_poll_loop)] [融富府-Smalll_To_Remember] 图标/标题已更新,更新本身耗时=0.030s
07:28:23.171866 [Thread-13 (_poll_loop)] [融富府] 请求开始 url=http://192.168.2.56:5011/api/folders/Large_To_Remember/count
07:28:23.200726 [Thread-13 (_poll_loop)] [融富府] 请求成功 耗时=0.029s count=312
07:28:23.217882 [Thread-13 (_poll_loop)] [融富府] 图标/标题已更新,更新本身耗时=0.017s
07:28:47.099096 [Thread-4 (_poll_loop)] [华隆-Large] 请求开始 url=http://hua-rong-desktop.tail7dfac8.ts.net:5011/api/folders/Large_To_Remember/count
07:28:47.099096 [Thread-1 (_poll_loop)] [华隆-ToDo] 请求开始 url=http://hua-rong-desktop.tail7dfac8.ts.net:5011/api/folders/ToDo/count
07:28:47.313562 [Thread-1 (_poll_loop)] [华隆-ToDo] 请求成功 耗时=0.214s count=0
07:28:47.316052 [Thread-4 (_poll_loop)] [华隆-Large] 请求成功 耗时=0.217s count=7
07:28:47.358642 [Thread-4 (_poll_loop)] [华隆-Large] 图标/标题已更新,更新本身耗时=0.041s
07:28:47.358642 [Thread-1 (_poll_loop)] [华隆-ToDo] 图标/标题已更新,更新本身耗时=0.044s
07:28:47.517465 [Thread-7 (_poll_loop)] [华隆_Small] 请求开始 url=http://hua-rong-desktop.tail7dfac8.ts.net:5011/api/folders/Small_To_Remember/count
07:28:47.734069 [Thread-7 (_poll_loop)] [华隆_Small] 请求成功 耗时=0.217s count=21
07:28:47.778734 [Thread-7 (_poll_loop)] [华隆_Small] 图标/标题已更新,更新本身耗时=0.043s
07:28:51.767990 [Thread-10 (_poll_loop)] [融富府-ToDo] 请求开始 url=http://192.168.2.56:5011/api/folders/ToDo/count
07:28:51.770130 [Thread-10 (_poll_loop)] [融富府-ToDo] 请求成功 耗时=0.002s count=0
07:28:51.787124 [Thread-10 (_poll_loop)] [融富府-ToDo] 图标/标题已更新,更新本身耗时=0.017s
07:28:52.668227 [Thread-16 (_poll_loop)] [融富府-Smalll_To_Remember] 请求开始 url=http://127.0.0.1:5011/api/folders/Small_To_Remember/count
07:28:52.678213 [Thread-16 (_poll_loop)] [融富府-Smalll_To_Remember] 请求成功 耗时=0.010s count=49
07:28:52.698074 [Thread-16 (_poll_loop)] [融富府-Smalll_To_Remember] 图标/标题已更新,更新本身耗时=0.019s
07:28:53.225924 [Thread-13 (_poll_loop)] [融富府] 请求开始 url=http://192.168.2.56:5011/api/folders/Large_To_Remember/count
07:28:53.245535 [Thread-13 (_poll_loop)] [融富府] 请求成功 耗时=0.020s count=312
07:28:53.264212 [Thread-13 (_poll_loop)] [融富府] 图标/标题已更新,更新本身耗时=0.018s
07:29:17.375363 [Thread-4 (_poll_loop)] [华隆-Large] 请求开始 url=http://hua-rong-desktop.tail7dfac8.ts.net:5011/api/folders/Large_To_Remember/count
07:29:17.375363 [Thread-1 (_poll_loop)] [华隆-ToDo] 请求开始 url=http://hua-rong-desktop.tail7dfac8.ts.net:5011/api/folders/ToDo/count
07:29:17.576818 [Thread-1 (_poll_loop)] [华隆-ToDo] 请求成功 耗时=0.201s count=0
07:29:17.592019 [Thread-4 (_poll_loop)] [华隆-Large] 请求成功 耗时=0.217s count=7
07:29:17.602602 [Thread-1 (_poll_loop)] [华隆-ToDo] 图标/标题已更新,更新本身耗时=0.025s
07:29:17.613232 [Thread-4 (_poll_loop)] [华隆-Large] 图标/标题已更新,更新本身耗时=0.021s
07:29:17.794551 [Thread-7 (_poll_loop)] [华隆_Small] 请求开始 url=http://hua-rong-desktop.tail7dfac8.ts.net:5011/api/folders/Small_To_Remember/count
07:29:17.997054 [Thread-7 (_poll_loop)] [华隆_Small] 请求成功 耗时=0.203s count=21
07:29:18.014869 [Thread-7 (_poll_loop)] [华隆_Small] 图标/标题已更新,更新本身耗时=0.017s
07:29:21.793749 [Thread-10 (_poll_loop)] [融富府-ToDo] 请求开始 url=http://192.168.2.56:5011/api/folders/ToDo/count
07:29:21.799235 [Thread-10 (_poll_loop)] [融富府-ToDo] 请求成功 耗时=0.005s count=0
07:29:21.822258 [Thread-10 (_poll_loop)] [融富府-ToDo] 图标/标题已更新,更新本身耗时=0.023s
07:29:22.710412 [Thread-16 (_poll_loop)] [融富府-Smalll_To_Remember] 请求开始 url=http://127.0.0.1:5011/api/folders/Small_To_Remember/count
07:29:22.721016 [Thread-16 (_poll_loop)] [融富府-Smalll_To_Remember] 请求成功 耗时=0.011s count=49
07:29:22.741319 [Thread-16 (_poll_loop)] [融富府-Smalll_To_Remember] 图标/标题已更新,更新本身耗时=0.020s
07:29:23.267972 [Thread-13 (_poll_loop)] [融富府] 请求开始 url=http://192.168.2.56:5011/api/folders/Large_To_Remember/count
07:29:23.281537 [Thread-13 (_poll_loop)] [融富府] 请求成功 耗时=0.014s count=312
07:29:23.302283 [Thread-13 (_poll_loop)] [融富府] 图标/标题已更新,更新本身耗时=0.021s
07:29:47.612027 [Thread-1 (_poll_loop)] [华隆-ToDo] 请求开始 url=http://hua-rong-desktop.tail7dfac8.ts.net:5011/api/folders/ToDo/count
07:29:47.627692 [Thread-4 (_poll_loop)] [华隆-Large] 请求开始 url=http://hua-rong-desktop.tail7dfac8.ts.net:5011/api/folders/Large_To_Remember/count
07:29:47.811286 [Thread-1 (_poll_loop)] [华隆-ToDo] 请求成功 耗时=0.199s count=0
07:29:47.833068 [Thread-1 (_poll_loop)] [华隆-ToDo] 图标/标题已更新,更新本身耗时=0.020s
07:29:47.860530 [Thread-4 (_poll_loop)] [华隆-Large] 请求成功 耗时=0.233s count=7
07:29:47.877707 [Thread-4 (_poll_loop)] [华隆-Large] 图标/标题已更新,更新本身耗时=0.016s
07:29:48.031895 [Thread-7 (_poll_loop)] [华隆_Small] 请求开始 url=http://hua-rong-desktop.tail7dfac8.ts.net:5011/api/folders/Small_To_Remember/count
07:29:48.734438 [Thread-7 (_poll_loop)] [华隆_Small] 请求成功 耗时=0.703s count=21
07:29:48.756309 [Thread-7 (_poll_loop)] [华隆_Small] 图标/标题已更新,更新本身耗时=0.021s
07:29:51.829061 [Thread-10 (_poll_loop)] [融富府-ToDo] 请求开始 url=http://192.168.2.56:5011/api/folders/ToDo/count
07:29:51.833067 [Thread-10 (_poll_loop)] [融富府-ToDo] 请求成功 耗时=0.004s count=0
07:29:51.850351 [Thread-10 (_poll_loop)] [融富府-ToDo] 图标/标题已更新,更新本身耗时=0.017s
07:29:52.751155 [Thread-16 (_poll_loop)] [融富府-Smalll_To_Remember] 请求开始 url=http://127.0.0.1:5011/api/folders/Small_To_Remember/count
07:29:52.763863 [Thread-16 (_poll_loop)] [融富府-Smalll_To_Remember] 请求成功 耗时=0.013s count=49
07:29:52.785638 [Thread-16 (_poll_loop)] [融富府-Smalll_To_Remember] 图标/标题已更新,更新本身耗时=0.022s
07:29:53.310929 [Thread-13 (_poll_loop)] [融富府] 请求开始 url=http://192.168.2.56:5011/api/folders/Large_To_Remember/count
07:29:53.336499 [Thread-13 (_poll_loop)] [融富府] 请求成功 耗时=0.026s count=312
07:29:53.356638 [Thread-13 (_poll_loop)] [融富府] 图标/标题已更新,更新本身耗时=0.019s
07:30:17.851100 [Thread-1 (_poll_loop)] [华隆-ToDo] 请求开始 url=http://hua-rong-desktop.tail7dfac8.ts.net:5011/api/folders/ToDo/count
07:30:17.881389 [Thread-4 (_poll_loop)] [华隆-Large] 请求开始 url=http://hua-rong-desktop.tail7dfac8.ts.net:5011/api/folders/Large_To_Remember/count
07:30:18.080409 [Thread-1 (_poll_loop)] [华隆-ToDo] 请求成功 耗时=0.229s count=0
07:30:18.108400 [Thread-1 (_poll_loop)] [华隆-ToDo] 图标/标题已更新,更新本身耗时=0.027s
07:30:18.181652 [Thread-4 (_poll_loop)] [华隆-Large] 请求成功 耗时=0.300s count=7
07:30:18.211603 [Thread-4 (_poll_loop)] [华隆-Large] 图标/标题已更新,更新本身耗时=0.029s
07:30:18.769900 [Thread-7 (_poll_loop)] [华隆_Small] 请求开始 url=http://hua-rong-desktop.tail7dfac8.ts.net:5011/api/folders/Small_To_Remember/count
07:30:18.989806 [Thread-7 (_poll_loop)] [华隆_Small] 请求成功 耗时=0.220s count=21
07:30:19.027354 [Thread-7 (_poll_loop)] [华隆_Small] 图标/标题已更新,更新本身耗时=0.037s
07:30:21.855936 [Thread-10 (_poll_loop)] [融富府-ToDo] 请求开始 url=http://192.168.2.56:5011/api/folders/ToDo/count
07:30:21.875501 [Thread-10 (_poll_loop)] [融富府-ToDo] 请求成功 耗时=0.020s count=0
07:30:21.909126 [Thread-10 (_poll_loop)] [融富府-ToDo] 图标/标题已更新,更新本身耗时=0.033s
07:30:22.797477 [Thread-16 (_poll_loop)] [融富府-Smalll_To_Remember] 请求开始 url=http://127.0.0.1:5011/api/folders/Small_To_Remember/count
07:30:22.807110 [Thread-16 (_poll_loop)] [融富府-Smalll_To_Remember] 请求成功 耗时=0.010s count=49
07:30:22.836547 [Thread-16 (_poll_loop)] [融富府-Smalll_To_Remember] 图标/标题已更新,更新本身耗时=0.028s
07:30:23.374035 [Thread-13 (_poll_loop)] [融富府] 请求开始 url=http://192.168.2.56:5011/api/folders/Large_To_Remember/count
07:30:23.399940 [Thread-13 (_poll_loop)] [融富府] 请求成功 耗时=0.026s count=312
07:30:23.420491 [Thread-13 (_poll_loop)] [融富府] 图标/标题已更新,更新本身耗时=0.021s
07:30:48.119667 [Thread-1 (_poll_loop)] [华隆-ToDo] 请求开始 url=http://hua-rong-desktop.tail7dfac8.ts.net:5011/api/folders/ToDo/count
07:30:48.227907 [Thread-4 (_poll_loop)] [华隆-Large] 请求开始 url=http://hua-rong-desktop.tail7dfac8.ts.net:5011/api/folders/Large_To_Remember/count
07:30:48.327926 [Thread-1 (_poll_loop)] [华隆-ToDo] 请求成功 耗时=0.208s count=0
07:30:48.354308 [Thread-1 (_poll_loop)] [华隆-ToDo] 图标/标题已更新,更新本身耗时=0.025s
07:30:48.452183 [Thread-4 (_poll_loop)] [华隆-Large] 请求成功 耗时=0.224s count=7
07:30:48.491212 [Thread-4 (_poll_loop)] [华隆-Large] 图标/标题已更新,更新本身耗时=0.038s
07:30:49.037842 [Thread-7 (_poll_loop)] [华隆_Small] 请求开始 url=http://hua-rong-desktop.tail7dfac8.ts.net:5011/api/folders/Small_To_Remember/count
07:30:49.260413 [Thread-7 (_poll_loop)] [华隆_Small] 请求成功 耗时=0.223s count=21
07:30:49.282469 [Thread-7 (_poll_loop)] [华隆_Small] 图标/标题已更新,更新本身耗时=0.022s
07:30:51.922704 [Thread-10 (_poll_loop)] [融富府-ToDo] 请求开始 url=http://192.168.2.56:5011/api/folders/ToDo/count
07:30:51.930677 [Thread-10 (_poll_loop)] [融富府-ToDo] 请求成功 耗时=0.008s count=0
07:30:51.952179 [Thread-10 (_poll_loop)] [融富府-ToDo] 图标/标题已更新,更新本身耗时=0.022s
07:30:52.854074 [Thread-16 (_poll_loop)] [融富府-Smalll_To_Remember] 请求开始 url=http://127.0.0.1:5011/api/folders/Small_To_Remember/count
07:30:52.862043 [Thread-16 (_poll_loop)] [融富府-Smalll_To_Remember] 请求成功 耗时=0.008s count=49
07:30:52.886522 [Thread-16 (_poll_loop)] [融富府-Smalll_To_Remember] 图标/标题已更新,更新本身耗时=0.024s
07:30:53.430066 [Thread-13 (_poll_loop)] [融富府] 请求开始 url=http://192.168.2.56:5011/api/folders/Large_To_Remember/count
07:30:53.444942 [Thread-13 (_poll_loop)] [融富府] 请求成功 耗时=0.015s count=312
07:30:53.466421 [Thread-13 (_poll_loop)] [融富府] 图标/标题已更新,更新本身耗时=0.021s
07:31:18.363698 [Thread-1 (_poll_loop)] [华隆-ToDo] 请求开始 url=http://hua-rong-desktop.tail7dfac8.ts.net:5011/api/folders/ToDo/count
07:31:18.502030 [Thread-4 (_poll_loop)] [华隆-Large] 请求开始 url=http://hua-rong-desktop.tail7dfac8.ts.net:5011/api/folders/Large_To_Remember/count
07:31:18.577255 [Thread-1 (_poll_loop)] [华隆-ToDo] 请求成功 耗时=0.214s count=0
07:31:18.597087 [Thread-1 (_poll_loop)] [华隆-ToDo] 图标/标题已更新,更新本身耗时=0.019s
07:31:18.734132 [Thread-4 (_poll_loop)] [华隆-Large] 请求成功 耗时=0.232s count=7
07:31:18.758467 [Thread-4 (_poll_loop)] [华隆-Large] 图标/标题已更新,更新本身耗时=0.023s
07:31:19.296017 [Thread-7 (_poll_loop)] [华隆_Small] 请求开始 url=http://hua-rong-desktop.tail7dfac8.ts.net:5011/api/folders/Small_To_Remember/count
07:31:19.512289 [Thread-7 (_poll_loop)] [华隆_Small] 请求成功 耗时=0.216s count=21
07:31:19.532386 [Thread-7 (_poll_loop)] [华隆_Small] 图标/标题已更新,更新本身耗时=0.020s
07:31:21.962180 [Thread-10 (_poll_loop)] [融富府-ToDo] 请求开始 url=http://192.168.2.56:5011/api/folders/ToDo/count
07:31:21.966888 [Thread-10 (_poll_loop)] [融富府-ToDo] 请求成功 耗时=0.005s count=0
07:31:21.990716 [Thread-10 (_poll_loop)] [融富府-ToDo] 图标/标题已更新,更新本身耗时=0.023s
07:31:22.896701 [Thread-16 (_poll_loop)] [融富府-Smalll_To_Remember] 请求开始 url=http://127.0.0.1:5011/api/folders/Small_To_Remember/count
07:31:22.906340 [Thread-16 (_poll_loop)] [融富府-Smalll_To_Remember] 请求成功 耗时=0.010s count=49
07:31:22.924679 [Thread-16 (_poll_loop)] [融富府-Smalll_To_Remember] 图标/标题已更新,更新本身耗时=0.018s
07:31:23.477416 [Thread-13 (_poll_loop)] [融富府] 请求开始 url=http://192.168.2.56:5011/api/folders/Large_To_Remember/count
07:31:23.494573 [Thread-13 (_poll_loop)] [融富府] 请求成功 耗时=0.017s count=312
07:31:23.511450 [Thread-13 (_poll_loop)] [融富府] 图标/标题已更新,更新本身耗时=0.017s
07:31:48.605749 [Thread-1 (_poll_loop)] [华隆-ToDo] 请求开始 url=http://hua-rong-desktop.tail7dfac8.ts.net:5011/api/folders/ToDo/count
07:31:48.776335 [Thread-4 (_poll_loop)] [华隆-Large] 请求开始 url=http://hua-rong-desktop.tail7dfac8.ts.net:5011/api/folders/Large_To_Remember/count
07:31:48.842460 [Thread-1 (_poll_loop)] [华隆-ToDo] 请求成功 耗时=0.237s count=0
07:31:48.865318 [Thread-1 (_poll_loop)] [华隆-ToDo] 图标/标题已更新,更新本身耗时=0.022s
07:31:48.999180 [Thread-4 (_poll_loop)] [华隆-Large] 请求成功 耗时=0.223s count=7
07:31:49.019008 [Thread-4 (_poll_loop)] [华隆-Large] 图标/标题已更新,更新本身耗时=0.019s
07:31:49.551197 [Thread-7 (_poll_loop)] [华隆_Small] 请求开始 url=http://hua-rong-desktop.tail7dfac8.ts.net:5011/api/folders/Small_To_Remember/count
07:31:49.768105 [Thread-7 (_poll_loop)] [华隆_Small] 请求成功 耗时=0.217s count=21
07:31:49.791288 [Thread-7 (_poll_loop)] [华隆_Small] 图标/标题已更新,更新本身耗时=0.023s
07:31:51.997618 [Thread-10 (_poll_loop)] [融富府-ToDo] 请求开始 url=http://192.168.2.56:5011/api/folders/ToDo/count
07:31:52.017717 [Thread-10 (_poll_loop)] [融富府-ToDo] 请求成功 耗时=0.020s count=0
07:31:52.043323 [Thread-10 (_poll_loop)] [融富府-ToDo] 图标/标题已更新,更新本身耗时=0.025s
07:31:52.930682 [Thread-16 (_poll_loop)] [融富府-Smalll_To_Remember] 请求开始 url=http://127.0.0.1:5011/api/folders/Small_To_Remember/count
07:31:52.941344 [Thread-16 (_poll_loop)] [融富府-Smalll_To_Remember] 请求成功 耗时=0.011s count=49
07:31:52.958505 [Thread-16 (_poll_loop)] [融富府-Smalll_To_Remember] 图标/标题已更新,更新本身耗时=0.017s
07:31:53.522283 [Thread-13 (_poll_loop)] [融富府] 请求开始 url=http://192.168.2.56:5011/api/folders/Large_To_Remember/count
07:31:53.548367 [Thread-13 (_poll_loop)] [融富府] 请求成功 耗时=0.026s count=312
07:31:53.566069 [Thread-13 (_poll_loop)] [融富府] 图标/标题已更新,更新本身耗时=0.018s
07:32:18.874052 [Thread-1 (_poll_loop)] [华隆-ToDo] 请求开始 url=http://hua-rong-desktop.tail7dfac8.ts.net:5011/api/folders/ToDo/count
07:32:19.029490 [Thread-4 (_poll_loop)] [华隆-Large] 请求开始 url=http://hua-rong-desktop.tail7dfac8.ts.net:5011/api/folders/Large_To_Remember/count
07:32:19.083161 [Thread-1 (_poll_loop)] [华隆-ToDo] 请求成功 耗时=0.209s count=0
07:32:19.103866 [Thread-1 (_poll_loop)] [华隆-ToDo] 图标/标题已更新,更新本身耗时=0.019s
07:32:19.253922 [Thread-4 (_poll_loop)] [华隆-Large] 请求成功 耗时=0.224s count=7
07:32:19.275817 [Thread-4 (_poll_loop)] [华隆-Large] 图标/标题已更新,更新本身耗时=0.021s
07:32:19.808008 [Thread-7 (_poll_loop)] [华隆_Small] 请求开始 url=http://hua-rong-desktop.tail7dfac8.ts.net:5011/api/folders/Small_To_Remember/count
07:32:20.009369 [Thread-7 (_poll_loop)] [华隆_Small] 请求成功 耗时=0.201s count=21
07:32:20.029985 [Thread-7 (_poll_loop)] [华隆_Small] 图标/标题已更新,更新本身耗时=0.019s
07:32:22.051989 [Thread-10 (_poll_loop)] [融富府-ToDo] 请求开始 url=http://192.168.2.56:5011/api/folders/ToDo/count
07:32:22.058549 [Thread-10 (_poll_loop)] [融富府-ToDo] 请求成功 耗时=0.007s count=0
07:32:22.078952 [Thread-10 (_poll_loop)] [融富府-ToDo] 图标/标题已更新,更新本身耗时=0.020s
07:32:22.972772 [Thread-16 (_poll_loop)] [融富府-Smalll_To_Remember] 请求开始 url=http://127.0.0.1:5011/api/folders/Small_To_Remember/count
07:32:22.980326 [Thread-16 (_poll_loop)] [融富府-Smalll_To_Remember] 请求成功 耗时=0.008s count=49
07:32:22.997358 [Thread-16 (_poll_loop)] [融富府-Smalll_To_Remember] 图标/标题已更新,更新本身耗时=0.016s
07:32:23.578026 [Thread-13 (_poll_loop)] [融富府] 请求开始 url=http://192.168.2.56:5011/api/folders/Large_To_Remember/count
07:32:23.603456 [Thread-13 (_poll_loop)] [融富府] 请求成功 耗时=0.025s count=312
07:32:23.619909 [Thread-13 (_poll_loop)] [融富府] 图标/标题已更新,更新本身耗时=0.016s
07:32:49.121298 [Thread-1 (_poll_loop)] [华隆-ToDo] 请求开始 url=http://hua-rong-desktop.tail7dfac8.ts.net:5011/api/folders/ToDo/count
07:32:49.292764 [Thread-4 (_poll_loop)] [华隆-Large] 请求开始 url=http://hua-rong-desktop.tail7dfac8.ts.net:5011/api/folders/Large_To_Remember/count
07:32:49.343141 [Thread-1 (_poll_loop)] [华隆-ToDo] 请求成功 耗时=0.222s count=0
07:32:49.365093 [Thread-1 (_poll_loop)] [华隆-ToDo] 图标/标题已更新,更新本身耗时=0.021s
07:32:49.498844 [Thread-4 (_poll_loop)] [华隆-Large] 请求成功 耗时=0.206s count=7
07:32:49.520835 [Thread-4 (_poll_loop)] [华隆-Large] 图标/标题已更新,更新本身耗时=0.022s
07:32:50.039199 [Thread-7 (_poll_loop)] [华隆_Small] 请求开始 url=http://hua-rong-desktop.tail7dfac8.ts.net:5011/api/folders/Small_To_Remember/count
07:32:50.243249 [Thread-7 (_poll_loop)] [华隆_Small] 请求成功 耗时=0.204s count=21
07:32:50.262442 [Thread-7 (_poll_loop)] [华隆_Small] 图标/标题已更新,更新本身耗时=0.019s
07:32:52.096703 [Thread-10 (_poll_loop)] [融富府-ToDo] 请求开始 url=http://192.168.2.56:5011/api/folders/ToDo/count
07:32:52.105357 [Thread-10 (_poll_loop)] [融富府-ToDo] 请求成功 耗时=0.009s count=0
07:32:52.129110 [Thread-10 (_poll_loop)] [融富府-ToDo] 图标/标题已更新,更新本身耗时=0.024s
07:32:53.001611 [Thread-16 (_poll_loop)] [融富府-Smalll_To_Remember] 请求开始 url=http://127.0.0.1:5011/api/folders/Small_To_Remember/count
07:32:53.009191 [Thread-16 (_poll_loop)] [融富府-Smalll_To_Remember] 请求成功 耗时=0.008s count=49
07:32:53.026260 [Thread-16 (_poll_loop)] [融富府-Smalll_To_Remember] 图标/标题已更新,更新本身耗时=0.017s
07:32:53.638050 [Thread-13 (_poll_loop)] [融富府] 请求开始 url=http://192.168.2.56:5011/api/folders/Large_To_Remember/count
07:32:53.656731 [Thread-13 (_poll_loop)] [融富府] 请求成功 耗时=0.019s count=312
07:32:53.673053 [Thread-13 (_poll_loop)] [融富府] 图标/标题已更新,更新本身耗时=0.016s
